Workbook

Sheet Mẫu số 11C. Bảng tổng hợp giá d
A1: MẪU SỐ 11C. BẢNG TỔNG HỢP GIÁ DỰ THẦU
A5: STT | B5: Id | C5: Mô tả công việc mời thầu | D5: Yêu cầu kỹ thuật/Chỉ dẫn kỹ thuật chính | E5: Khối lượng mời thầu | F5: Đơn vị tính | G5: Đơn giá dự thầu | H5: Thành tiền
A6: 1 | B6: 1 | C6: NỀN MẶT ĐƯỜNG TUYẾN CHÍNH (ĐOẠN QUA ĐỊA PHẬN TT BÚT SƠN) | D6: Theo quy định tại Chương V | H6: 0
A7: 1.1 | B7: 2 | C7: Dọn dẹp mặt bằng | D7: Theo quy định tại Chương V | E7: 91424 | F7: m2 | G7: =+'[1]Dự thầu'!$G$6 -> 646 | H7: =+ROUND(G7*E7,0) -> 59059904
A8: 1.2 | B8: 3 | C8: Đào khuôn đường bằng máy - Cấp đất II | D8: Theo quy định tại Chương V | E8: 501 | F8: m3 | G8: =+'[1]Dự thầu'!$G$8 -> 20072 | H8: =+ROUND(G8*E8,0) -> 10056072
A9: 1.3 | B9: 4 | C9: Đào mặt đường cũ bằng máy - Cấp đất IV | D9: Theo quy định tại Chương V | E9: 264 | F9: m3 | G9: =+'[1]Dự thầu'!$G$9 -> 30610 | H9: =+ROUND(G9*E9,0) -> 8081040
A10: 1.4 | B10: 5 | C10: Xáo xới nền đường K95 | D10: Theo quy định tại Chương V | E10: 923 | F10: m3 | G10: =+'[1]Dự thầu'!$G$10 -> 12342 | H10: =+ROUND(G10*E10,0) -> 11391666
A11: 1.5 | B11: 6 | C11: Lu lèn 30cm mặt đường đã xới xáo | D11: Theo quy định tại Chương V | E11: 923 | F11: m3 | G11: =+'[1]Dự thầu'!$G$11 -> 12936 | H11: =+ROUND(G11*E11,0) -> 11939928
A12: 1.6 | B12: 7 | C12: Đào đất hữu cơ | D12: Theo quy định tại Chương V | E12: 5871.7 | F12: m3 | G12: =+'[1]Dự thầu'!$G$12 -> 8251 | H12: =+ROUND(G12*E12,0) -> 48447397
A13: 1.7 | B13: 8 | C13: Đắp nền đường bằng máy lu bánh thép 25T, máy ủi 110CV, độ chặt Y/C K = 0,95 | D13: Theo quy định tại Chương V | E13: 170279 | F13: m3 | G13: =+'[1]Dự thầu'!$G$13 -> 12936 | H13: =+ROUND(G13*E13,0) -> 2202729144
A14: 1.8 | B14: 9 | C14: Đắp giải đất dự trữ bằng đất tận dụng K95 | D14: Theo quy định tại Chương V | E14: 28834 | F14: m3 | G14: =+'[1]Dự thầu'!$G$14 -> 12936 | H14: =+ROUND(G14*E14,0) -> 372996624
A15: 1.9 | B15: 10 | C15: Đắp nền đường bằng máy lu bánh thép 25T, máy ủi 110CV, độ chặt Y/C K = 0,98 | D15: Theo quy định tại Chương V | E15: 14978 | F15: m3 | G15: =+'[1]Dự thầu'!$G$15 -> 15775 | H15: =+ROUND(G15*E15,0) -> 236277950
A16: 1.10 | B16: 11 | C16: Mua đất để đắp K95 | D16: Theo quy định tại Chương V | E16: 246897.46 | F16: m3 | G16: =+'[1]Dự thầu'!$G$16 -> 50585 | H16: =+ROUND(G16*E16,0) -> 12489308014
A17: 1.11 | B17: 12 | C17: Mua đất để đắp K98 | D17: Theo quy định tại Chương V | E17: 21023.12 | F17: m3 | G17: =+'[1]Dự thầu'!$G$17 -> 54405 | H17: =+ROUND(G17*E17,0) -> 1143762844
A18: 1.12 | B18: 13 | C18: Vận chuyển đất | D18: Theo quy định tại Chương V | E18: 26792.06 | F18: 10m³/1km | G18: =+'[1]Dự thầu'!$G$18+'[1]Dự thầu'!$G$19+'[1]Dự thầu'!$G$20 -> 940826 | H18: =+ROUND(G18*E18,0) -> 25206666642
A19: 1.13 | B19: 14 | C19: Vận chuyển đất đắp gia tải tận dụng bên cầu đắp dải dự trữ 3km | D19: Theo quy định tại Chương V | E19: 4230 | F19: m3 | G19: =+'[1]Dự thầu'!$G$21 -> 39661 | H19: =+ROUND(G19*E19,0) -> 167766030
A20: 1.14 | B20: 15 | C20: Vận chuyển đất không thích hợp đất cấp I | D20: Theo quy định tại Chương V | E20: 61617.46 | F20: m3 | G20: =+'[1]Dự thầu'!$G$25 -> 40424 | H20: =+ROUND(G20*E20,0) -> 2490824203
A21: 1.15 | B21: 16 | C21: Vận chuyển đất không thích hợp đất cấp II | D21: Theo quy định tại Chương V | E21: 1686.7 | F21: m3 | G21: =+'[1]Dự thầu'!$G$29 -> 45382 | H21: =+ROUND(G21*E21,0) -> 76545819
A22: 1.16 | B22: 17 | C22: Vận chuyển đất không thích hợp bằng ôtô tự đổ, đất cấp IV | D22: Theo quy định tại Chương V | E22: 858 | F22: m3 | G22: =+'[1]Dự thầu'!$G$33 -> 56948 | H22: =+ROUND(G22*E22,0) -> 48861384
A23: 1.17 | B23: 18 | C23: San đất bãi thải bằng máy ủi 110CV | D23: Theo quy định tại Chương V | E23: 32081.08 | F23: m3 | G23: =+'[1]Dự thầu'!$G$37 -> 2096 | H23: =+ROUND(G23*E23,0) -> 67241944
A24: 1.18 | B24: 19 | C24: Đào đất không thích hợp bằng máy đào - Cấp đất I | D24: Theo quy định tại Chương V | E24: 93677 | F24: m3 | G24: =+'[1]Dự thầu'!$G$38 -> 8251 | H24: =+ROUND(G24*E24,0) -> 772928927
A25: 1.19 | B25: 20 | C25: Rải vải địa kỹ thuật không dệt ART12 (12kN/m) | D25: Theo quy định tại Chương V | E25: 88349 | F25: m2 | G25: =+'[1]Dự thầu'!$G$40 -> 20017 | H25: =+ROUND(G25*E25,0) -> 1768481933
A26: 1.20 | B26: 21 | C26: Rải lưới địa kỹ thuật dệt cường độ 200Kn/m | D26: Theo quy định tại Chương V | E26: 29119.1 | F26: m2 | G26: =+'[1]Dự thầu'!$G$41 -> 36456 | H26: =+ROUND(G26*E26,0) -> 1061565910
A27: 1.21 | B27: 22 | C27: Đắp đất bù lún K95 | D27: Theo quy định tại Chương V | E27: 10294 | F27: m3 | G27: =+'[1]Dự thầu'!$G$44 -> 12936 | H27: =+ROUND(G27*E27,0) -> 133163184
A28: 1.22 | B28: 23 | C28: Đắp đất gia tải K95 (không vật liệu) | D28: Theo quy định tại Chương V | E28: 2898.6 | F28: m3 | G28: =+'[1]Dự thầu'!$G$45 -> 12936 | H28: =+ROUND(G28*E28,0) -> 37496290
A29: 1.23 | B29: 24 | C29: Đào dỡ tải | D29: Theo quy định tại Chương V | E29: 2898.6 | F29: m3 | G29: =+'[1]Dự thầu'!$G$46 -> 12342 | H29: =+ROUND(G29*E29,0) -> 35774521
A30: 1.24 | B30: 25 | C30: Vận chuyển đất tận dụng | D30: Theo quy định tại Chương V | E30: 3275.42 | F30: m³/1km | G30: =+'[1]Dự thầu'!$G$47 -> 6611 | H30: =+ROUND(G30*E30,0) -> 21653802
A31: 1.25 | B31: 26 | C31: Đắp đất quy đổi kết cấu, bù kết cấu K95 (không vật liệu) | D31: Theo quy định tại Chương V | E31: 13855.64 | F31: m3 | G31: =+'[1]Dự thầu'!$G$48 -> 12936 | H31: =+ROUND(G31*E31,0) -> 179236559
A32: 1.26 | B32: 27 | C32: Đào dỡ tải | D32: Theo quy định tại Chương V | E32: 13855.64 | F32: m3 | G32: =+'[1]Dự thầu'!$G$49 -> 12342 | H32: =+ROUND(G32*E32,0) -> 171006309
A33: 1.27 | B33: 28 | C33: Vận chuyển đất tận dụng | D33: Theo quy định tại Chương V | E33: 15656.87 | F33: m³/1km | G33: =+'[1]Dự thầu'!$G$50 -> 6611 | H33: =+ROUND(G33*E33,0) -> 103507568
A34: 1.28 | B34: 29 | C34: Đá dăm 1x2cm làm cửa thoát nước | D34: Theo quy định tại Chương V | E34: 74 | F34: m3 | G34: =+'[1]Dự thầu'!$G$51 -> 868453 | H34: =+ROUND(G34*E34,0) -> 64265522
A35: 1.29 | B35: 30 | C35: Rải vải địa kỹ thuật 15kN/m | D35: Theo quy định tại Chương V | E35: 672 | F35: m2 | G35: =+'[1]Dự thầu'!$G$52 -> 26716 | H35: =+ROUND(G35*E35,0) -> 17953152
A36: 1.30 | B36: 31 | C36: Đắp đất K90 bảo vệ vải địa kỹ thuật | D36: Theo quy định tại Chương V | E36: 247 | F36: m3 | G36: =+'[1]Dự thầu'!$G$53 -> 32141 | H36: =+ROUND(G36*E36,0) -> 7938827
A37: 1.31 | B37: 32 | C37: Cấy bấc thấm bằng máy | D37: Theo quy định tại Chương V | E37: 83518.1 | F37: m | G37: =+'[1]Dự thầu'!$G$54 -> 7813 | H37: =+ROUND(G37*E37,0) -> 652526915
A38: 1.32 | B38: 33 | C38: Đệm cát hạt trung bằng máy, độ chặt yêu cầu K=0,95 | D38: Theo quy định tại Chương V | E38: 15182 | F38: m3 | G38: =+'[1]Dự thầu'!$G$56 -> 267174 | H38: =+ROUND(G38*E38,0) -> 4056235668
A39: 1.33 | B39: 34 | C39: Đào rãnh bằng máy, đất cấp II | D39: Theo quy định tại Chương V | E39: 1035 | F39: m3 | G39: =+'[1]Dự thầu'!$G$58 -> 20867 | H39: =+ROUND(G39*E39,0) -> 21597345
A40: 1.34 | B40: 35 | C40: Đắp trả rãnh đất thi công giếng cát | D40: Theo quy định tại Chương V | E40: 1035 | F40: m3 | G40: =+'[1]Dự thầu'!$G$59 -> 12936 | H40: =+ROUND(G40*E40,0) -> 13388760
A41: 1.35 | B41: 36 | C41: Lắp đặt ống nhựa- Đường kính 200mm | D41: Theo quy định tại Chương V | E41: 27 | F41: m | G41: =+'[1]Dự thầu'!$G$60 -> 301142 | H41: =+ROUND(G41*E41,0) -> 8130834
A42: 1.36 | B42: 37 | C42: Lắp đặt ống thép d=50mm | D42: Theo quy định tại Chương V | E42: 295 | F42: m | G42: =+'[1]Dự thầu'!$G$61 -> 191443 | H42: =+ROUND(G42*E42,0) -> 56475685
A43: 1.37 | B43: 38 | C43: Lắp đặt ống nhựa d150 | D43: Theo quy định tại Chương V | E43: 295 | F43: m | G43: =+'[1]Dự thầu'!$G$62 -> 184138 | H43: =+ROUND(G43*E43,0) -> 54320710
A44: 1.38 | B44: 39 | C44: Sản xuất bàn thép | D44: Theo quy định tại Chương V | E44: 2.96 | F44: tấn | G44: =+'[1]Dự thầu'!$G$63 -> 33697650 | H44: =+ROUND(G44*E44,0) -> 99745044
A45: 1.39 | B45: 40 | C45: Cọc quan trắc chuyển vị 10x10x170cm | D45: Theo quy định tại Chương V | E45: 204 | F45: m | G45: =+'[1]Dự thầu'!$G$64 -> 17859 | H45: =+ROUND(G45*E45,0) -> 3643236
A46: 1.40 | B46: 41 | C46: Rải thảm mặt đường bê tông nhựa Loại C16 - Chiều dày mặt đường đã lèn ép 6cm | D46: Theo quy định tại Chương V | E46: 40997 | F46: m2 | G46: =+'[1]Dự thầu'!$G$65 -> 11015 | H46: =+ROUND(G46*E46,0) -> 451581955
A47: 1.41 | B47: 42 | C47: Sản xuất đá dăm đen, bê tông nhựa hạt trung bằng trạm trộn 120T/h | D47: Theo quy định tại Chương V | E47: 5837.9728 | F47: tấn | G47: =+'[1]Dự thầu'!$G$66 -> 1646788 | H47: =+ROUND(G47*E47,0) -> 9613903551
A48: 1.42 | B48: 43 | C48: Vận chuyển đá dăm đen, bê tông nhựa từ trạm trộn đến vị trí đổ | D48: Theo quy định tại Chương V | E48: 58.38 | F48: 100tấn | G48: =+'[1]Dự thầu'!$G$67+'[1]Dự thầu'!$G$68 -> 8873277 | H48: =+ROUND(G48*E48,0) -> 518021911
A49: 1.43 | B49: 44 | C49: Tưới lớp dính bám mặt đường bằng nhũ tương gốc axít, lượng nhũ tương 1 kg/m2 | D49: Theo quy định tại Chương V | E49: 40997 | F49: m2 | G49: =+'[1]Dự thầu'!$G$69 -> 26753 | H49: =+ROUND(G49*E49,0) -> 1096792741
A50: 1.44 | B50: 45 | C50: Làm móng cấp phối đá dăm loại I | D50: Theo quy định tại Chương V | E50: 10007 | F50: m3 | G50: =+'[1]Dự thầu'!$G$70 -> 352760 | H50: =+ROUND(G50*E50,0) -> 3530069320
A51: 1.45 | B51: 46 | C51: Làm móng cấp phối đá dăm loại II | D51: Theo quy định tại Chương V | E51: 15316 | F51: m3 | G51: =+'[1]Dự thầu'!$G$71 -> 334047 | H51: =+ROUND(G51*E51,0) -> 5116263852
A52: 1.46 | B52: 47 | C52: Rải thảm mặt đường bê tông nhựa Loại C16 - Chiều dày mặt đường đã lèn ép 6cm | D52: Theo quy định tại Chương V | E52: 8058 | F52: m2 | G52: =+'[1]Dự thầu'!$G$72 -> 11015 | H52: =+ROUND(G52*E52,0) -> 88758870
A53: 1.47 | B53: 48 | C53: Sản xuất đá dăm đen, bê tông nhựa hạt trung bằng trạm trộn 120T/h | D53: Theo quy định tại Chương V | E53: 1147.46 | F53: tấn | G53: =+'[1]Dự thầu'!$G$73 -> 1646788 | H53: =+ROUND(G53*E53,0) -> 1889623358
A54: 1.48 | B54: 49 | C54: Vận chuyển đá dăm đen, bê tông nhựa từ trạm trộn đến vị trí đổ | D54: Theo quy định tại Chương V | E54: 11.47 | F54: 100tấn | G54: =+'[1]Dự thầu'!$G$74+'[1]Dự thầu'!$G$75 -> 8873277 | H54: =+ROUND(G54*E54,0) -> 101776487
A55: 1.49 | B55: 50 | C55: Tưới lớp dính bám mặt đường, nhũ tương gốc Axít, lượng nhũ tương 0,5kg/m2 | D55: Theo quy định tại Chương V | E55: 8058 | F55: m2 | G55: =+'[1]Dự thầu'!$G$76 -> 15319 | H55: =+ROUND(G55*E55,0) -> 123440502
A56: 1.50 | B56: 51 | C56: Láng nhựa mặt đường 1 lớp bằng nhựa đặc dày 1,5cm, tiêu chuẩn nhựa 1.8 kg/m2 | D56: Theo quy định tại Chương V | E56: 8058 | F56: m2 | G56: =+'[1]Dự thầu'!$G$77 -> 63114 | H56: =+ROUND(G56*E56,0) -> 508572612
A57: 1.51 | B57: 52 | C57: Đá dăm tiêu chuẩn lớp trên dày 24cm | D57: Theo quy định tại Chương V | E57: 8772.9 | F57: m2 | G57: =+'[1]Dự thầu'!$G$78 -> 213590 | H57: =+ROUND(G57*E57,0) -> 1873803711
A58: 1.52 | B58: 53 | C58: Đá dăm tiêu chuẩn lớp dưới dày 28cm | D58: Theo quy định tại Chương V | E58: 10202.7 | F58: m2 | G58: =+'[1]Dự thầu'!$G$82 -> 173886 | H58: =+ROUND(G58*E58,0) -> 1774106692
A59: 1.53 | B59: 54 | C59: Lát đá vỉa hè, vữa XM M75, PCB40 | D59: Theo quy định tại Chương V | E59: 4122 | F59: m2 | G59: =+'[1]Dự thầu'!$G$83 -> 330238 | H59: =+ROUND(G59*E59,0) -> 1361241036
A60: 1.54 | B60: 55 | C60: Bê tông lót móng SX bằng máy trộn, đổ bằng thủ công, rộng ≤250cm, M100, đá 4x6, PCB30 | D60: Theo quy định tại Chương V | E60: 330 | F60: m3 | G60: =+'[1]Dự thầu'!$G$84 -> 1191268 | H60: =+ROUND(G60*E60,0) -> 393118440
A61: 1.55 | B61: 56 | C61: Gạch xây vữa xi măng M75 | D61: Theo quy định tại Chương V | E61: 44 | F61: m3 | G61: =+'[1]Dự thầu'!$G$85 -> 1572721 | H61: =+ROUND(G61*E61,0) -> 69199724
A62: 1.56 | B62: 57 | C62: Bê tông lót móng SX bằng máy trộn, đổ bằng thủ công, rộng ≤250cm, M100, đá 4x6, PCB30 | D62: Theo quy định tại Chương V | E62: 27 | F62: m3 | G62: =+'[1]Dự thầu'!$G$86 -> 1191268 | H62: =+ROUND(G62*E62,0) -> 32164236
A63: 1.57 | B63: 58 | C63: Ván khuôn móng dài | D63: Theo quy định tại Chương V | E63: 1.97 | F63: 100m2 | G63: =+'[1]Dự thầu'!$G$87 -> 10394299 | H63: =+ROUND(G63*E63,0) -> 20476769
A64: 1.58 | B64: 59 | C64: Bê tông lót móng SX bằng máy trộn, đổ bằng thủ công, rộng ≤250cm, M100, đá 4x6, PCB30 | D64: Theo quy định tại Chương V | E64: 11 | F64: m3 | G64: =+'[1]Dự thầu'!$G$88 -> 1191268 | H64: =+ROUND(G64*E64,0) -> 13103948
A65: 1.59 | B65: 60 | C65: Lắp đặt bó vỉa loại 1 (Bó vỉa đá KT 26x23x100cm), vữa XM M75, PCB40 | D65: Theo quy định tại Chương V | E65: 1118 | F65: m | G65: =+'[1]Dự thầu'!$G$89 -> 320929 | H65: =+ROUND(G65*E65,0) -> 358798622
A66: 1.60 | B66: 61 | C66: Ván khuôn móng dài | D66: Theo quy định tại Chương V | E66: 19.14 | F66: m2 | G66: =+ROUND('[1]Dự thầu'!$G$90/100,0) -> 103943 | H66: =+ROUND(G66*E66,0) -> 1989469
A67: 1.61 | B67: 62 | C67: Bê tông lót móng SX bằng máy trộn, đổ bằng thủ công, rộng ≤250cm, M100, đá 4x6, PCB30 | D67: Theo quy định tại Chương V | E67: 1.0685 | F67: m3 | G67: =+'[1]Dự thầu'!$G$91 -> 1191268 | H67: =+ROUND(G67*E67,0) -> 1272870
A68: 1.62 | B68: 63 | C68: Lắp đặt bó vỉa loại 2 (Bó vỉa đá KT 26x23x25cm), vữa XM M75, PCB40 | D68: Theo quy định tại Chương V | E68: 108.6 | F68: m | G68: =+'[1]Dự thầu'!$G$92 -> 355817 | H68: =+ROUND(G68*E68,0) -> 38641726
A69: 1.63 | B69: 64 | C69: Ván khuôn móng dài | D69: Theo quy định tại Chương V | E69: 11.71 | F69: 100m2 | G69: =+'[1]Dự thầu'!$G$93 -> 10394299 | H69: =+ROUND(G69*E69,0) -> 121717241
A70: 1.64 | B70: 65 | C70: Bê tông lót móng SX bằng máy trộn, đổ bằng thủ công, rộng ≤250cm, M100, đá 4x6, PCB30 | D70: Theo quy định tại Chương V | E70: 121.79 | F70: m3 | G70: =+'[1]Dự thầu'!$G$94 -> 1191268 | H70: =+ROUND(G70*E70,0) -> 145084530
A71: 1.65 | B71: 66 | C71: Lắp đặt bó vỉa đá loại 1 20x39x100 | D71: Theo quy định tại Chương V | E71: 4684 | F71: m | G71: =+'[1]Dự thầu'!$G$95 -> 388691 | H71: =+ROUND(G71*E71,0) -> 1820628644
A72: 1.66 | B72: 67 | C72: Ván khuôn móng dài | D72: Theo quy định tại Chương V | E72: 57 | F72: m2 | G72: =+ROUND('[1]Dự thầu'!$G$97/100,0) -> 103943 | H72: =+ROUND(G72*E72,0) -> 5924751
A73: 1.67 | B73: 68 | C73: Bê tông lót móng SX bằng máy trộn, đổ bằng thủ công, rộng ≤250cm, M100, đá 4x6, PCB30 | D73: Theo quy định tại Chương V | E73: 0.34 | F73: m3 | G73: =+'[1]Dự thầu'!$G$98 -> 1191268 | H73: =+ROUND(G73*E73,0) -> 405031
A74: 1.68 | B74: 69 | C74: Lắp đặt bó vỉa đá loại 2 20x39x25 | D74: Theo quy định tại Chương V | E74: 57 | F74: m | G74: =+'[1]Dự thầu'!$G$99 -> 169013 | H74: =+ROUND(G74*E74,0) -> 9633741
A75: 1.69 | B75: 70 | C75: Vận chuyển đá bó vỉa | D75: Theo quy định tại Chương V | E75: 36.93 | F75: 10m³/1km | G75: =+'[1]Dự thầu'!$G$101+'[1]Dự thầu'!$G$102+'[1]Dự thầu'!$G$103 -> 611627 | H75: =+ROUND(G75*E75,0) -> 22587385
A76: 1.70 | B76: 71 | C76: Ca máy bốc dỡ | D76: Theo quy định tại Chương V | E76: 10 | F76: Ca | G76: =+'[1]Dự thầu'!$G$104 -> 1909908 | H76: =+ROUND(G76*E76,0) -> 19099080
A77: 1.71 | B77: 72 | C77: San đất bãi thải bằng máy ủi 110CV | D77: Theo quy định tại Chương V | E77: 1157 | F77: m3 | G77: =+'[1]Dự thầu'!$G$105 -> 2096 | H77: =+ROUND(G77*E77,0) -> 2425072
A78: 1.72 | B78: 73 | C78: Đắp đất bao dính giải phân cách | D78: Theo quy định tại Chương V | E78: 16.44 | F78: 100m3 | G78: =+'[1]Dự thầu'!$G$106 -> 963779 | H78: =+ROUND(G78*E78,0) -> 15844527
A79: 2 | B79: 74 | C79: NÚT GIAO (ĐOẠN QUA ĐỊA PHẬN TT BÚT SƠN) | D79: Theo quy định tại Chương V
A80: 2.1 | B80: 75 | C80: Đào khuôn đường bằng máy, đất cấp II | D80: Theo quy định tại Chương V | E80: 1152.7 | F80: m3 | G80: =+'[1]Dự thầu'!$G$127 -> 20072 | H80: =+ROUND(G80*E80,0) -> 23136994
A81: 2.2 | B81: 76 | C81: Đào mặt đường cũ bằng máy | D81: Theo quy định tại Chương V | E81: 572 | F81: m3 | G81: =+'[1]Dự thầu'!$G$128 -> 30610 | H81: =+ROUND(G81*E81,0) -> 17508920
A82: 2.3 | B82: 77 | C82: Xáo xới nền đường K95 | D82: Theo quy định tại Chương V | E82: 778 | F82: m3 | G82: =+'[1]Dự thầu'!$G$129 -> 12342 | H82: =+ROUND(G82*E82,0) -> 9602076
A83: 2.4 | B83: 78 | C83: Lu lèn 30cm nền đường đã xáo xới, đầm chặt K95 | D83: Theo quy định tại Chương V | E83: 778 | F83: m3 | G83: =+'[1]Dự thầu'!$G$130 -> 12936 | H83: =+ROUND(G83*E83,0) -> 10064208
A84: 2.5 | B84: 79 | C84: Đắp nền đường máy đầm 25 tấn, độ chặt yêu cầu K=0,95 | D84: Theo quy định tại Chương V | E84: 5180 | F84: m3 | G84: =+'[1]Dự thầu'!$G$132 -> 12936 | H84: =+ROUND(G84*E84,0) -> 67008480
A85: 2.6 | B85: 80 | C85: Đắp nền đường máy đầm 25 tấn, độ chặt yêu cầu K=0,98 | D85: Theo quy định tại Chương V | E85: 1455 | F85: m3 | G85: =+'[1]Dự thầu'!$G$133 -> 15775 | H85: =+ROUND(G85*E85,0) -> 22952625
A86: 2.7 | B86: 81 | C86: Mua đất để đắp K95 | D86: Theo quy định tại Chương V | E86: 7082.61 | F86: m3 | G86: =+'[1]Dự thầu'!$G$134 -> 50585 | H86: =+ROUND(G86*E86,0) -> 358273827
A87: 2.8 | B87: 82 | C87: Mua đất để đắp K98 | D87: Theo quy định tại Chương V | E87: 2042.24 | F87: m3 | G87: =+'[1]Dự thầu'!$G$135 -> 54405 | H87: =+ROUND(G87*E87,0) -> 111108067
A88: 2.9 | B88: 83 | C88: Vận chuyển đất | D88: Theo quy định tại Chương V | E88: 912.49 | F88: 10m³/1km | G88: =+'[1]Dự thầu'!$G$136+'[1]Dự thầu'!$G$137+'[1]Dự thầu'!$G$138 -> 940826 | H88: =+ROUND(G88*E88,0) -> 858494317
A89: 2.10 | B89: 84 | C89: Rải thảm mặt đường bê tông nhựa Loại C16 - Chiều dày mặt đường đã lèn ép 6cm | D89: Theo quy định tại Chương V | E89: 4972.4 | F89: m2 | G89: =+'[1]Dự thầu'!$G$146 -> 11015 | H89: =+ROUND(G89*E89,0) -> 54770986
A90: 2.11 | B90: 85 | C90: Sản xuất đá dăm đen, bê tông nhựa hạt trung bằng trạm trộn 120T/h | D90: Theo quy định tại Chương V | E90: 708.07 | F90: tấn | G90: =+'[1]Dự thầu'!$G$147 -> 1646788 | H90: =+ROUND(G90*E90,0) -> 1166041179
A91: 2.12 | B91: 86 | C91: Vận chuyển đá dăm đen, bê tông nhựa từ trạm trộn đến vị trí đổ | D91: Theo quy định tại Chương V | E91: 7.08 | F91: 100tấn | G91: =+'[1]Dự thầu'!$G$148+'[1]Dự thầu'!$G$149 -> 8873277 | H91: =+ROUND(G91*E91,0) -> 62822801
A92: 2.13 | B92: 87 | C92: Tưới lớp dính bám mặt đường, nhũ tương gốc Axít, lượng nhũ tương 0,5kg/m2 | D92: Theo quy định tại Chương V | E92: 4972.04 | F92: m2 | G92: =+'[1]Dự thầu'!$G$150 -> 15319 | H92: =+ROUND(G92*E92,0) -> 76166681
A93: 2.14 | B93: 88 | C93: Láng mặt đường, láng nhựa 1 lớp dày 1,5cm tiêu chuẩn nhựa 1,8kg/m2 | D93: Theo quy định tại Chương V | E93: 4972.4 | F93: m2 | G93: =+'[1]Dự thầu'!$G$151 -> 63114 | H93: =+ROUND(G93*E93,0) -> 313828054
A94: 2.15 | B94: 89 | C94: Đá dăm tiêu chuẩn lớp trên dày 24cm | D94: Theo quy định tại Chương V | E94: 4972.4 | F94: m2 | G94: =+'[1]Dự thầu'!$G$152 -> 213590 | H94: =+ROUND(G94*E94,0) -> 1062054916
A95: 2.16 | B95: 90 | C95: Thi công mặt đường đá dăm nước lớp dưới, mặt đường đã lèn ép 28cm | D95: Theo quy định tại Chương V | E95: 4972.4 | F95: m2 | G95: =+'[1]Dự thầu'!$G$156 -> 173886 | H95: =+ROUND(G95*E95,0) -> 864630746
A96: 2.17 | B96: 91 | C96: Rải thảm mặt đường bê tông nhựa Loại C16 - Chiều dày mặt đường đã lèn ép 6cm | D96: Theo quy định tại Chương V | E96: 4423.7 | F96: m2 | G96: =+'[1]Dự thầu'!$G$159 -> 11015 | H96: =+ROUND(G96*E96,0) -> 48727056
A97: 2.18 | B97: 92 | C97: Sản xuất đá dăm đen, bê tông nhựa hạt trung bằng trạm trộn 120T/h | D97: Theo quy định tại Chương V | E97: 629.93 | F97: tấn | G97: =+'[1]Dự thầu'!$G$160 -> 1646788 | H97: =+ROUND(G97*E97,0) -> 1037361165
A98: 2.19 | B98: 93 | C98: Vận chuyển đá dăm đen, bê tông nhựa từ trạm trộn đến vị trí đổ | D98: Theo quy định tại Chương V | E98: 6.3 | F98: 100tấn | G98: =+'[1]Dự thầu'!$G$161+'[1]Dự thầu'!$G$162 -> 8873277 | H98: =+ROUND(G98*E98,0) -> 55901645
A99: 2.20 | B99: 94 | C99: Tưới lớp dính bám mặt đường, nhũ tương gốc Axít, lượng nhũ tương 0,5kg/m2 | D99: Theo quy định tại Chương V | E99: 4423.7 | F99: m2 | G99: =+'[1]Dự thầu'!$G$163 -> 15319 | H99: =+ROUND(G99*E99,0) -> 67766660
A100: 2.21 | B100: 95 | C100: Bù vênh bằng đá dăm tiêu chuẩn loại 1 | D100: Theo quy định tại Chương V | E100: 91.6 | F100: m2 | G100: =+'[1]Dự thầu'!$G$164 -> 213590 | H100: =+ROUND(G100*E100,0) -> 19564844
A101: 3 | B101: 96 | C101: ĐƯỜNG GIAO DÂN SINH (ĐOẠN QUA ĐỊA PHẬN TT BÚT SƠN) | D101: Theo quy định tại Chương V
A102: 3.1 | B102: 97 | C102: Đào khuôn đường bằng máy đào 1,25m3 | D102: Theo quy định tại Chương V | E102: 12 | F102: m3 | G102: =+'[1]Dự thầu'!$G$188 -> 23801 | H102: =+ROUND(G102*E102,0) -> 285612
A103: 3.2 | B103: 98 | C103: Đào cấp đất cấp II | D103: Theo quy định tại Chương V | E103: 21 | F103: m3 | G103: =+'[1]Dự thầu'!$G$189 -> 23801 | H103: =+ROUND(G103*E103,0) -> 499821
...

Sheet BIỂU HỢP ĐỒNG
B1: PHỤ LỤC 1: BẢNG TÔNG HỢP KHỐI LƯỢNG, ĐƠN GIÁ, GIÁ TRỊ HỢP ĐỒNG (Phụ lục kèm theo hợp đồng thi công xây dựng số: 12/06/2023 /HĐTCXD ngày 12/6/2023 GÓI THẦU 06: THI CÔNG XÂY DỰNG + BẢO HIỂM CÔNG TRÌNH THUỘC DỰ ÁN: ĐƯỜNG TỪ QUỐC LỘ 10 ĐI KHU DU LỊCH HẢI TIẾN, HUYỆN HOĂNG HÓA (GIAI ĐOẠN I)
B4: STT | D4: Nội Dung Công Việc | F4: Khối lượng | I4: Đơn vị tính | J4: Đơn giá hợp đồng | K4: Thành Tiền
C5: Id | E5: Yêu cầu kỹ thuật/Chỉ dẫn kỹ thuật chính | F5: Tổng cộng | G5: Công ty Tuấn Linh | H5: Công ty Hoàng Tuấn | K5: Tổng cộng | L5: Công ty Tuấn Linh | M5: Công ty Hoàng Tuấn
A6: TL | B6: 1 | C6: 1 | D6: NỀN MẶT ĐƯỜNG TUYẾN CHÍNH (ĐOẠN QUA ĐỊA PHẬN TT BÚT SƠN) | E6: Theo quy định tại Chương V
A7: =A6 -> TL | B7: 1.1 | C7: 2 | D7: Dọn dẹp mặt bằng | E7: Theo quy định tại Chương V | F7: 91424 | G7: =+F7 -> 91424 | I7: m2 | J7: =+'[1]Dự thầu'!$G$6 -> 646 | K7: =+ROUND(J7*F7,0) -> 59059904 | L7: =+ROUND(G7*J7,0) -> 59059904 | M7: =+ROUND(H7*J7,0) -> 0
A8: =A7 -> TL | B8: 1.2 | C8: 3 | D8: Đào khuôn đường bằng máy - Cấp đất II | E8: Theo quy định tại Chương V | F8: 501 | G8: =+F8 -> 501 | I8: m3 | J8: =+'[1]Dự thầu'!$G$8 -> 20072 | K8: =+ROUND(J8*F8,0) -> 10056072 | L8: =+ROUND(G8*J8,0) -> 10056072 | M8: =+ROUND(H8*J8,0) -> 0
A9: =A8 -> TL | B9: 1.3 | C9: 4 | D9: Đào mặt đường cũ bằng máy - Cấp đất IV | E9: Theo quy định tại Chương V | F9: 264 | G9: =+F9 -> 264 | I9: m3 | J9: =+'[1]Dự thầu'!$G$9 -> 30610 | K9: =+ROUND(J9*F9,0) -> 8081040 | L9: =+ROUND(G9*J9,0) -> 8081040 | M9: =+ROUND(H9*J9,0) -> 0
A10: =A9 -> TL | B10: 1.4 | C10: 5 | D10: Xáo xới nền đường K95 | E10: Theo quy định tại Chương V | F10: 923 | G10: =+F10 -> 923 | I10: m3 | J10: =+'[1]Dự thầu'!$G$10 -> 12342 | K10: =+ROUND(J10*F10,0) -> 11391666 | L10: =+ROUND(G10*J10,0) -> 11391666 | M10: =+ROUND(H10*J10,0) -> 0
A11: =A10 -> TL | B11: 1.5 | C11: 6 | D11: Lu lèn 30cm mặt đường đã xới xáo | E11: Theo quy định tại Chương V | F11: 923 | G11: =+F11 -> 923 | I11: m3 | J11: =+'[1]Dự thầu'!$G$11 -> 12936 | K11: =+ROUND(J11*F11,0) -> 11939928 | L11: =+ROUND(G11*J11,0) -> 11939928 | M11: =+ROUND(H11*J11,0) -> 0
A12: =A11 -> TL | B12: 1.6 | C12: 7 | D12: Đào đất hữu cơ | E12: Theo quy định tại Chương V | F12: 5871.7 | G12: =+F12 -> 5871.7 | I12: m3 | J12: =+'[1]Dự thầu'!$G$12 -> 8251 | K12: =+ROUND(J12*F12,0) -> 48447397 | L12: =+ROUND(G12*J12,0) -> 48447397 | M12: =+ROUND(H12*J12,0) -> 0
A13: =A12 -> TL | B13: 1.7 | C13: 8 | D13: Đắp nền đường bằng máy lu bánh thép 25T, máy ủi 110CV, độ chặt Y/C K = 0,95 | E13: Theo quy định tại Chương V | F13: 170279 | G13: =+F13 -> 170279 | I13: m3 | J13: =+'[1]Dự thầu'!$G$13 -> 12936 | K13: =+ROUND(J13*F13,0) -> 2202729144 | L13: =+ROUND(G13*J13,0) -> 2202729144 | M13: =+ROUND(H13*J13,0) -> 0
A14: =A13 -> TL | B14: 1.8 | C14: 9 | D14: Đắp giải đất dự trữ bằng đất tận dụng K95 | E14: Theo quy định tại Chương V | F14: 28834 | G14: =+F14 -> 28834 | I14: m3 | J14: =+'[1]Dự thầu'!$G$14 -> 12936 | K14: =+ROUND(J14*F14,0) -> 372996624 | L14: =+ROUND(G14*J14,0) -> 372996624 | M14: =+ROUND(H14*J14,0) -> 0
A15: =A14 -> TL | B15: 1.9 | C15: 10 | D15: Đắp nền đường bằng máy lu bánh thép 25T, máy ủi 110CV, độ chặt Y/C K = 0,98 | E15: Theo quy định tại Chương V | F15: 14978 | G15: =+F15 -> 14978 | I15: m3 | J15: =+'[1]Dự thầu'!$G$15 -> 15775 | K15: =+ROUND(J15*F15,0) -> 236277950 | L15: =+ROUND(G15*J15,0) -> 236277950 | M15: =+ROUND(H15*J15,0) -> 0
A16: =A15 -> TL | B16: 1.10 | C16: 11 | D16: Mua đất để đắp K95 | E16: Theo quy định tại Chương V | F16: 246897.46 | G16: =+F16 -> 246897.46 | I16: m3 | J16: =+'[1]Dự thầu'!$G$16 -> 50585 | K16: =+ROUND(J16*F16,0) -> 12489308014 | L16: =+ROUND(G16*J16,0) -> 12489308014 | M16: =+ROUND(H16*J16,0) -> 0
A17: =A16 -> TL | B17: 1.11 | C17: 12 | D17: Mua đất để đắp K98 | E17: Theo quy định tại Chương V | F17: 21023.12 | G17: =+F17 -> 21023.12 | I17: m3 | J17: =+'[1]Dự thầu'!$G$17 -> 54405 | K17: =+ROUND(J17*F17,0) -> 1143762844 | L17: =+ROUND(G17*J17,0) -> 1143762844 | M17: =+ROUND(H17*J17,0) -> 0
A18: =A17 -> TL | B18: 1.12 | C18: 13 | D18: Vận chuyển đất | E18: Theo quy định tại Chương V | F18: 26792.06 | G18: =+F18 -> 26792.06 | I18: 10m³/1km | J18: =+'[1]Dự thầu'!$G$18+'[1]Dự thầu'!$G$19+'[1]Dự thầu'!$G$20 -> 940826 | K18: =+ROUND(J18*F18,0) -> 25206666642 | L18: =+ROUND(G18*J18,0) -> 25206666642 | M18: =+ROUND(H18*J18,0) -> 0
A19: =A18 -> TL | B19: 1.13 | C19: 14 | D19: Vận chuyển đất đắp gia tải tận dụng bên cầu đắp dải dự trữ 3km | E19: Theo quy định tại Chương V | F19: 4230 | G19: =+F19 -> 4230 | I19: m3 | J19: =+'[1]Dự thầu'!$G$21 -> 39661 | K19: =+ROUND(J19*F19,0) -> 167766030 | L19: =+ROUND(G19*J19,0) -> 167766030 | M19: =+ROUND(H19*J19,0) -> 0
A20: =A19 -> TL | B20: 1.14 | C20: 15 | D20: Vận chuyển đất không thích hợp đất cấp I | E20: Theo quy định tại Chương V | F20: 61617.46 | G20: =+F20 -> 61617.46 | I20: m3 | J20: =+'[1]Dự thầu'!$G$25 -> 40424 | K20: =+ROUND(J20*F20,0) -> 2490824203 | L20: =+ROUND(G20*J20,0) -> 2490824203 | M20: =+ROUND(H20*J20,0) -> 0
A21: =A20 -> TL | B21: 1.15 | C21: 16 | D21: Vận chuyển đất không thích hợp đất cấp II | E21: Theo quy định tại Chương V | F21: 1686.7 | G21: =+F21 -> 1686.7 | I21: m3 | J21: =+'[1]Dự thầu'!$G$29 -> 45382 | K21: =+ROUND(J21*F21,0) -> 76545819 | L21: =+ROUND(G21*J21,0) -> 76545819 | M21: =+ROUND(H21*J21,0) -> 0
A22: =A21 -> TL | B22: 1.16 | C22: 17 | D22: Vận chuyển đất không thích hợp bằng ôtô tự đổ, đất cấp IV | E22: Theo quy định tại Chương V | F22: 858 | G22: =+F22 -> 858 | I22: m3 | J22: =+'[1]Dự thầu'!$G$33 -> 56948 | K22: =+ROUND(J22*F22,0) -> 48861384 | L22: =+ROUND(G22*J22,0) -> 48861384 | M22: =+ROUND(H22*J22,0) -> 0
A23: =A22 -> TL | B23: 1.17 | C23: 18 | D23: San đất bãi thải bằng máy ủi 110CV | E23: Theo quy định tại Chương V | F23: 32081.08 | G23: =+F23 -> 32081.08 | I23: m3 | J23: =+'[1]Dự thầu'!$G$37 -> 2096 | K23: =+ROUND(J23*F23,0) -> 67241944 | L23: =+ROUND(G23*J23,0) -> 67241944 | M23: =+ROUND(H23*J23,0) -> 0
A24: =A23 -> TL | B24: 1.18 | C24: 19 | D24: Đào đất không thích hợp bằng máy đào - Cấp đất I | E24: Theo quy định tại Chương V | F24: 93677 | G24: =+F24 -> 93677 | I24: m3 | J24: =+'[1]Dự thầu'!$G$38 -> 8251 | K24: =+ROUND(J24*F24,0) -> 772928927 | L24: =+ROUND(G24*J24,0) -> 772928927 | M24: =+ROUND(H24*J24,0) -> 0
A25: =A24 -> TL | B25: 1.19 | C25: 20 | D25: Rải vải địa kỹ thuật không dệt ART12 (12kN/m) | E25: Theo quy định tại Chương V | F25: 88349 | G25: =+F25 -> 88349 | I25: m2 | J25: =+'[1]Dự thầu'!$G$40 -> 20017 | K25: =+ROUND(J25*F25,0) -> 1768481933 | L25: =+ROUND(G25*J25,0) -> 1768481933 | M25: =+ROUND(H25*J25,0) -> 0
A26: =A25 -> TL | B26: 1.20 | C26: 21 | D26: Rải lưới địa kỹ thuật dệt cường độ 200Kn/m | E26: Theo quy định tại Chương V | F26: 29119.1 | G26: =+F26 -> 29119.1 | I26: m2 | J26: =+'[1]Dự thầu'!$G$41 -> 36456 | K26: =+ROUND(J26*F26,0) -> 1061565910 | L26: =+ROUND(G26*J26,0) -> 1061565910 | M26: =+ROUND(H26*J26,0) -> 0
A27: =A26 -> TL | B27: 1.21 | C27: 22 | D27: Đắp đất bù lún K95 | E27: Theo quy định tại Chương V | F27: 10294 | G27: =+F27 -> 10294 | I27: m3 | J27: =+'[1]Dự thầu'!$G$44 -> 12936 | K27: =+ROUND(J27*F27,0) -> 133163184 | L27: =+ROUND(G27*J27,0) -> 133163184 | M27: =+ROUND(H27*J27,0) -> 0
A28: =A27 -> TL | B28: 1.22 | C28: 23 | D28: Đắp đất gia tải K95 (không vật liệu) | E28: Theo quy định tại Chương V | F28: 2898.6 | G28: =+F28 -> 2898.6 | I28: m3 | J28: =+'[1]Dự thầu'!$G$45 -> 12936 | K28: =+ROUND(J28*F28,0) -> 37496290 | L28: =+ROUND(G28*J28,0) -> 37496290 | M28: =+ROUND(H28*J28,0) -> 0
A29: =A28 -> TL | B29: 1.23 | C29: 24 | D29: Đào dỡ tải | E29: Theo quy định tại Chương V | F29: 2898.6 | G29: =+F29 -> 2898.6 | I29: m3 | J29: =+'[1]Dự thầu'!$G$46 -> 12342 | K29: =+ROUND(J29*F29,0) -> 35774521 | L29: =+ROUND(G29*J29,0) -> 35774521 | M29: =+ROUND(H29*J29,0) -> 0
A30: =A29 -> TL | B30: 1.24 | C30: 25 | D30: Vận chuyển đất tận dụng | E30: Theo quy định tại Chương V | F30: 3275.42 | G30: =+F30 -> 3275.42 | I30: m³/1km | J30: =+'[1]Dự thầu'!$G$47 -> 6611 | K30: =+ROUND(J30*F30,0) -> 21653802 | L30: =+ROUND(G30*J30,0) -> 21653802 | M30: =+ROUND(H30*J30,0) -> 0
A31: =A30 -> TL | B31: 1.25 | C31: 26 | D31: Đắp đất quy đổi kết cấu, bù kết cấu K95 (không vật liệu) | E31: Theo quy định tại Chương V | F31: 13855.64 | G31: =+F31 -> 13855.64 | I31: m3 | J31: =+'[1]Dự thầu'!$G$48 -> 12936 | K31: =+ROUND(J31*F31,0) -> 179236559 | L31: =+ROUND(G31*J31,0) -> 179236559 | M31: =+ROUND(H31*J31,0) -> 0
A32: =A31 -> TL | B32: 1.26 | C32: 27 | D32: Đào dỡ tải | E32: Theo quy định tại Chương V | F32: 13855.64 | G32: =+F32 -> 13855.64 | I32: m3 | J32: =+'[1]Dự thầu'!$G$49 -> 12342 | K32: =+ROUND(J32*F32,0) -> 171006309 | L32: =+ROUND(G32*J32,0) -> 171006309 | M32: =+ROUND(H32*J32,0) -> 0
A33: =A32 -> TL | B33: 1.27 | C33: 28 | D33: Vận chuyển đất tận dụng | E33: Theo quy định tại Chương V | F33: 15656.87 | G33: =+F33 -> 15656.87 | I33: m³/1km | J33: =+'[1]Dự thầu'!$G$50 -> 6611 | K33: =+ROUND(J33*F33,0) -> 103507568 | L33: =+ROUND(G33*J33,0) -> 103507568 | M33: =+ROUND(H33*J33,0) -> 0
A34: =A33 -> TL | B34: 1.28 | C34: 29 | D34: Đá dăm 1x2cm làm cửa thoát nước | E34: Theo quy định tại Chương V | F34: 74 | G34: =+F34 -> 74 | I34: m3 | J34: =+'[1]Dự thầu'!$G$51 -> 868453 | K34: =+ROUND(J34*F34,0) -> 64265522 | L34: =+ROUND(G34*J34,0) -> 64265522 | M34: =+ROUND(H34*J34,0) -> 0
A35: =A34 -> TL | B35: 1.29 | C35: 30 | D35: Rải vải địa kỹ thuật 15kN/m | E35: Theo quy định tại Chương V | F35: 672 | G35: =+F35 -> 672 | I35: m2 | J35: =+'[1]Dự thầu'!$G$52 -> 26716 | K35: =+ROUND(J35*F35,0) -> 17953152 | L35: =+ROUND(G35*J35,0) -> 17953152 | M35: =+ROUND(H35*J35,0) -> 0
A36: =A35 -> TL | B36: 1.30 | C36: 31 | D36: Đắp đất K90 bảo vệ vải địa kỹ thuật | E36: Theo quy định tại Chương V | F36: 247 | G36: =+F36 -> 247 | I36: m3 | J36: =+'[1]Dự thầu'!$G$53 -> 32141 | K36: =+ROUND(J36*F36,0) -> 7938827 | L36: =+ROUND(G36*J36,0) -> 7938827 | M36: =+ROUND(H36*J36,0) -> 0
A37: =A36 -> TL | B37: 1.31 | C37: 32 | D37: Cấy bấc thấm bằng máy | E37: Theo quy định tại Chương V | F37: 83518.1 | G37: =+F37 -> 83518.1 | I37: m | J37: =+'[1]Dự thầu'!$G$54 -> 7813 | K37: =+ROUND(J37*F37,0) -> 652526915 | L37: =+ROUND(G37*J37,0) -> 652526915 | M37: =+ROUND(H37*J37,0) -> 0
A38: =A37 -> TL | B38: 1.32 | C38: 33 | D38: Đệm cát hạt trung bằng máy, độ chặt yêu cầu K=0,95 | E38: Theo quy định tại Chương V | F38: 15182 | G38: =+F38 -> 15182 | I38: m3 | J38: =+'[1]Dự thầu'!$G$56 -> 267174 | K38: =+ROUND(J38*F38,0) -> 4056235668 | L38: =+ROUND(G38*J38,0) -> 4056235668 | M38: =+ROUND(H38*J38,0) -> 0
A39: =A38 -> TL | B39: 1.33 | C39: 34 | D39: Đào rãnh bằng máy, đất cấp II | E39: Theo quy định tại Chương V | F39: 1035 | G39: =+F39 -> 1035 | I39: m3 | J39: =+'[1]Dự thầu'!$G$58 -> 20867 | K39: =+ROUND(J39*F39,0) -> 21597345 | L39: =+ROUND(G39*J39,0) -> 21597345 | M39: =+ROUND(H39*J39,0) -> 0
A40: =A39 -> TL | B40: 1.34 | C40: 35 | D40: Đắp trả rãnh đất thi công giếng cát | E40: Theo quy định tại Chương V | F40: 1035 | G40: =+F40 -> 1035 | I40: m3 | J40: =+'[1]Dự thầu'!$G$59 -> 12936 | K40: =+ROUND(J40*F40,0) -> 13388760 | L40: =+ROUND(G40*J40,0) -> 13388760 | M40: =+ROUND(H40*J40,0) -> 0
A41: =A40 -> TL | B41: 1.35 | C41: 36 | D41: Lắp đặt ống nhựa- Đường kính 200mm | E41: Theo quy định tại Chương V | F41: 27 | G41: =+F41 -> 27 | I41: m | J41: =+'[1]Dự thầu'!$G$60 -> 301142 | K41: =+ROUND(J41*F41,0) -> 8130834 | L41: =+ROUND(G41*J41,0) -> 8130834 | M41: =+ROUND(H41*J41,0) -> 0
A42: =A41 -> TL | B42: 1.36 | C42: 37 | D42: Lắp đặt ống thép d=50mm | E42: Theo quy định tại Chương V | F42: 295 | G42: =+F42 -> 295 | I42: m | J42: =+'[1]Dự thầu'!$G$61 -> 191443 | K42: =+ROUND(J42*F42,0) -> 56475685 | L42: =+ROUND(G42*J42,0) -> 56475685 | M42: =+ROUND(H42*J42,0) -> 0
A43: =A42 -> TL | B43: 1.37 | C43: 38 | D43: Lắp đặt ống nhựa d150 | E43: Theo quy định tại Chương V | F43: 295 | G43: =+F43 -> 295 | I43: m | J43: =+'[1]Dự thầu'!$G$62 -> 184138 | K43: =+ROUND(J43*F43,0) -> 54320710 | L43: =+ROUND(G43*J43,0) -> 54320710 | M43: =+ROUND(H43*J43,0) -> 0
A44: =A43 -> TL | B44: 1.38 | C44: 39 | D44: Sản xuất bàn thép | E44: Theo quy định tại Chương V | F44: 2.96 | G44: =+F44 -> 2.96 | I44: tấn | J44: =+'[1]Dự thầu'!$G$63 -> 33697650 | K44: =+ROUND(J44*F44,0) -> 99745044 | L44: =+ROUND(G44*J44,0) -> 99745044 | M44: =+ROUND(H44*J44,0) -> 0
A45: =A44 -> TL | B45: 1.39 | C45: 40 | D45: Cọc quan trắc chuyển vị 10x10x170cm | E45: Theo quy định tại Chương V | F45: 204 | G45: =+F45 -> 204 | I45: m | J45: =+'[1]Dự thầu'!$G$64 -> 17859 | K45: =+ROUND(J45*F45,0) -> 3643236 | L45: =+ROUND(G45*J45,0) -> 3643236 | M45: =+ROUND(H45*J45,0) -> 0
A46: =A45 -> TL | B46: 1.40 | C46: 41 | D46: Rải thảm mặt đường bê tông nhựa Loại C16 - Chiều dày mặt đường đã lèn ép 6cm | E46: Theo quy định tại Chương V | F46: 40997 | G46: =+F46 -> 40997 | I46: m2 | J46: =+'[1]Dự thầu'!$G$65 -> 11015 | K46: =+ROUND(J46*F46,0) -> 451581955 | L46: =+ROUND(G46*J46,0) -> 451581955 | M46: =+ROUND(H46*J46,0) -> 0
A47: =A46 -> TL | B47: 1.41 | C47: 42 | D47: Sản xuất đá dăm đen, bê tông nhựa hạt trung bằng trạm trộn 120T/h | E47: Theo quy định tại Chương V | F47: 5837.9728 | G47: =+F47 -> 5837.9728 | I47: tấn | J47: =+'[1]Dự thầu'!$G$66 -> 1646788 | K47: =+ROUND(J47*F47,0) -> 9613903551 | L47: =+ROUND(G47*J47,0) -> 9613903551 | M47: =+ROUND(H47*J47,0) -> 0
A48: =A47 -> TL | B48: 1.42 | C48: 43 | D48: Vận chuyển đá dăm đen, bê tông nhựa từ trạm trộn đến vị trí đổ | E48: Theo quy định tại Chương V | F48: 58.38 | G48: =+F48 -> 58.38 | I48: 100tấn | J48: =+'[1]Dự thầu'!$G$67+'[1]Dự thầu'!$G$68 -> 8873277 | K48: =+ROUND(J48*F48,0) -> 518021911 | L48: =+ROUND(G48*J48,0) -> 518021911 | M48: =+ROUND(H48*J48,0) -> 0
A49: =A48 -> TL | B49: 1.43 | C49: 44 | D49: Tưới lớp dính bám mặt đường bằng nhũ tương gốc axít, lượng nhũ tương 1 kg/m2 | E49: Theo quy định tại Chương V | F49: 40997 | G49: =+F49 -> 40997 | I49: m2 | J49: =+'[1]Dự thầu'!$G$69 -> 26753 | K49: =+ROUND(J49*F49,0) -> 1096792741 | L49: =+ROUND(G49*J49,0) -> 1096792741 | M49: =+ROUND(H49*J49,0) -> 0
A50: =A49 -> TL | B50: 1.44 | C50: 45 | D50: Làm móng cấp phối đá dăm loại I | E50: Theo quy định tại Chương V | F50: 10007 | G50: =+F50 -> 10007 | I50: m3 | J50: =+'[1]Dự thầu'!$G$70 -> 352760 | K50: =+ROUND(J50*F50,0) -> 3530069320 | L50: =+ROUND(G50*J50,0) -> 3530069320 | M50: =+ROUND(H50*J50,0) -> 0
A51: =A50 -> TL | B51: 1.45 | C51: 46 | D51: Làm móng cấp phối đá dăm loại II | E51: Theo quy định tại Chương V | F51: 15316 | G51: =+F51 -> 15316 | I51: m3 | J51: =+'[1]Dự thầu'!$G$71 -> 334047 | K51: =+ROUND(J51*F51,0) -> 5116263852 | L51: =+ROUND(G51*J51,0) -> 5116263852 | M51: =+ROUND(H51*J51,0) -> 0
A52: =A51 -> TL | B52: 1.46 | C52: 47 | D52: Rải thảm mặt đường bê tông nhựa Loại C16 - Chiều dày mặt đường đã lèn ép 6cm | E52: Theo quy định tại Chương V | F52: 8058 | G52: =+F52 -> 8058 | I52: m2 | J52: =+'[1]Dự thầu'!$G$72 -> 11015 | K52: =+ROUND(J52*F52,0) -> 88758870 | L52: =+ROUND(G52*J52,0) -> 88758870 | M52: =+ROUND(H52*J52,0) -> 0
A53: =A52 -> TL | B53: 1.47 | C53: 48 | D53: Sản xuất đá dăm đen, bê tông nhựa hạt trung bằng trạm trộn 120T/h | E53: Theo quy định tại Chương V | F53: 1147.46 | G53: =+F53 -> 1147.46 | I53: tấn | J53: =+'[1]Dự thầu'!$G$73 -> 1646788 | K53: =+ROUND(J53*F53,0) -> 1889623358 | L53: =+ROUND(G53*J53,0) -> 1889623358 | M53: =+ROUND(H53*J53,0) -> 0
A54: =A53 -> TL | B54: 1.48 | C54: 49 | D54: Vận chuyển đá dăm đen, bê tông nhựa từ trạm trộn đến vị trí đổ | E54: Theo quy định tại Chương V | F54: 11.47 | G54: =+F54 -> 11.47 | I54: 100tấn | J54: =+'[1]Dự thầu'!$G$74+'[1]Dự thầu'!$G$75 -> 8873277 | K54: =+ROUND(J54*F54,0) -> 101776487 | L54: =+ROUND(G54*J54,0) -> 101776487 | M54: =+ROUND(H54*J54,0) -> 0
A55: =A54 -> TL | B55: 1.49 | C55: 50 | D55: Tưới lớp dính bám mặt đường, nhũ tương gốc Axít, lượng nhũ tương 0,5kg/m2 | E55: Theo quy định tại Chương V | F55: 8058 | G55: =+F55 -> 8058 | I55: m2 | J55: =+'[1]Dự thầu'!$G$76 -> 15319 | K55: =+ROUND(J55*F55,0) -> 123440502 | L55: =+ROUND(G55*J55,0) -> 123440502 | M55: =+ROUND(H55*J55,0) -> 0
A56: =A55 -> TL | B56: 1.50 | C56: 51 | D56: Láng nhựa mặt đường 1 lớp bằng nhựa đặc dày 1,5cm, tiêu chuẩn nhựa 1.8 kg/m2 | E56: Theo quy định tại Chương V | F56: 8058 | G56: =+F56 -> 8058 | I56: m2 | J56: =+'[1]Dự thầu'!$G$77 -> 63114 | K56: =+ROUND(J56*F56,0) -> 508572612 | L56: =+ROUND(G56*J56,0) -> 508572612 | M56: =+ROUND(H56*J56,0) -> 0
A57: =A56 -> TL | B57: 1.51 | C57: 52 | D57: Đá dăm tiêu chuẩn lớp trên dày 24cm | E57: Theo quy định tại Chương V | F57: 8772.9 | G57: =+F57 -> 8772.9 | I57: m2 | J57: =+'[1]Dự thầu'!$G$78 -> 213590 | K57: =+ROUND(J57*F57,0) -> 1873803711 | L57: =+ROUND(G57*J57,0) -> 1873803711 | M57: =+ROUND(H57*J57,0) -> 0
A58: =A57 -> TL | B58: 1.52 | C58: 53 | D58: Đá dăm tiêu chuẩn lớp dưới dày 28cm | E58: Theo quy định tại Chương V | F58: 10202.7 | G58: =+F58 -> 10202.7 | I58: m2 | J58: =+'[1]Dự thầu'!$G$82 -> 173886 | K58: =+ROUND(J58*F58,0) -> 1774106692 | L58: =+ROUND(G58*J58,0) -> 1774106692 | M58: =+ROUND(H58*J58,0) -> 0
A59: =A58 -> TL | B59: 1.53 | C59: 54 | D59: Lát đá vỉa hè, vữa XM M75, PCB40 | E59: Theo quy định tại Chương V | F59: 4122 | G59: =+F59 -> 4122 | I59: m2 | J59: =+'[1]Dự thầu'!$G$83 -> 330238 | K59: =+ROUND(J59*F59,0) -> 1361241036 | L59: =+ROUND(G59*J59,0) -> 1361241036 | M59: =+ROUND(H59*J59,0) -> 0
A60: =A59 -> TL | B60: 1.54 | C60: 55 | D60: Bê tông lót móng SX bằng máy trộn, đổ bằng thủ công, rộng ≤250cm, M100, đá 4x6, PCB30 | E60: Theo quy định tại Chương V | F60: 330 | G60: =+F60 -> 330 | I60: m3 | J60: =+'[1]Dự thầu'!$G$84 -> 1191268 | K60: =+ROUND(J60*F60,0) -> 393118440 | L60: =+ROUND(G60*J60,0) -> 393118440 | M60: =+ROUND(H60*J60,0) -> 0
A61: =A60 -> TL | B61: 1.55 | C61: 56 | D61: Gạch xây vữa xi măng M75 | E61: Theo quy định tại Chương V | F61: 44 | G61: =+F61 -> 44 | I61: m3 | J61: =+'[1]Dự thầu'!$G$85 -> 1572721 | K61: =+ROUND(J61*F61,0) -> 69199724 | L61: =+ROUND(G61*J61,0) -> 69199724 | M61: =+ROUND(H61*J61,0) -> 0
A62: =A61 -> TL | B62: 1.56 | C62: 57 | D62: Bê tông lót móng SX bằng máy trộn, đổ bằng thủ công, rộng ≤250cm, M100, đá 4x6, PCB30 | E62: Theo quy định tại Chương V | F62: 27 | G62: =+F62 -> 27 | I62: m3 | J62: =+'[1]Dự thầu'!$G$86 -> 1191268 | K62: =+ROUND(J62*F62,0) -> 32164236 | L62: =+ROUND(G62*J62,0) -> 32164236 | M62: =+ROUND(H62*J62,0) -> 0
A63: =A62 -> TL | B63: 1.57 | C63: 58 | D63: Ván khuôn móng dài | E63: Theo quy định tại Chương V | F63: 1.97 | G63: =+F63 -> 1.97 | I63: 100m2 | J63: =+'[1]Dự thầu'!$G$87 -> 10394299 | K63: =+ROUND(J63*F63,0) -> 20476769 | L63: =+ROUND(G63*J63,0) -> 20476769 | M63: =+ROUND(H63*J63,0) -> 0
A64: =A63 -> TL | B64: 1.58 | C64: 59 | D64: Bê tông lót móng SX bằng máy trộn, đổ bằng thủ công, rộng ≤250cm, M100, đá 4x6, PCB30 | E64: Theo quy định tại Chương V | F64: 11 | G64: =+F64 -> 11 | I64: m3 | J64: =+'[1]Dự thầu'!$G$88 -> 1191268 | K64: =+ROUND(J64*F64,0) -> 13103948 | L64: =+ROUND(G64*J64,0) -> 13103948 | M64: =+ROUND(H64*J64,0) -> 0
A65: =A64 -> TL | B65: 1.59 | C65: 60 | D65: Lắp đặt bó vỉa loại 1 (Bó vỉa đá KT 26x23x100cm), vữa XM M75, PCB40 | E65: Theo quy định tại Chương V | F65: 1118 | G65: =+F65 -> 1118 | I65: m | J65: =+'[1]Dự thầu'!$G$89 -> 320929 | K65: =+ROUND(J65*F65,0) -> 358798622 | L65: =+ROUND(G65*J65,0) -> 358798622 | M65: =+ROUND(H65*J65,0) -> 0
A66: =A65 -> TL | B66: 1.60 | C66: 61 | D66: Ván khuôn móng dài | E66: Theo quy định tại Chương V | F66: 19.14 | G66: =+F66 -> 19.14 | I66: m2 | J66: =+ROUND('[1]Dự thầu'!$G$90/100,0) -> 103943 | K66: =+ROUND(J66*F66,0) -> 1989469 | L66: =+ROUND(G66*J66,0) -> 1989469 | M66: =+ROUND(H66*J66,0) -> 0
A67: =A66 -> TL | B67: 1.61 | C67: 62 | D67: Bê tông lót móng SX bằng máy trộn, đổ bằng thủ công, rộng ≤250cm, M100, đá 4x6, PCB30 | E67: Theo quy định tại Chương V | F67: 1.0685 | G67: =+F67 -> 1.0685 | I67: m3 | J67: =+'[1]Dự thầu'!$G$91 -> 1191268 | K67: =+ROUND(J67*F67,0) -> 1272870 | L67: =+ROUND(G67*J67,0) -> 1272870 | M67: =+ROUND(H67*J67,0) -> 0
A68: =A67 -> TL | B68: 1.62 | C68: 63 | D68: Lắp đặt bó vỉa loại 2 (Bó vỉa đá KT 26x23x25cm), vữa XM M75, PCB40 | E68: Theo quy định tại Chương V | F68: 108.6 | G68: =+F68 -> 108.6 | I68: m | J68: =+'[1]Dự thầu'!$G$92 -> 355817 | K68: =+ROUND(J68*F68,0) -> 38641726 | L68: =+ROUND(G68*J68,0) -> 38641726 | M68: =+ROUND(H68*J68,0) -> 0
A69: =A68 -> TL | B69: 1.63 | C69: 64 | D69: Ván khuôn móng dài | E69: Theo quy định tại Chương V | F69: 11.71 | G69: =+F69 -> 11.71 | I69: 100m2 | J69: =+'[1]Dự thầu'!$G$93 -> 10394299 | K69: =+ROUND(J69*F69,0) -> 121717241 | L69: =+ROUND(G69*J69,0) -> 121717241 | M69: =+ROUND(H69*J69,0) -> 0
A70: =A69 -> TL | B70: 1.64 | C70: 65 | D70: Bê tông lót móng SX bằng máy trộn, đổ bằng thủ công, rộng ≤250cm, M100, đá 4x6, PCB30 | E70: Theo quy định tại Chương V | F70: 121.79 | G70: =+F70 -> 121.79 | I70: m3 | J70: =+'[1]Dự thầu'!$G$94 -> 1191268 | K70: =+ROUND(J70*F70,0) -> 145084530 | L70: =+ROUND(G70*J70,0) -> 145084530 | M70: =+ROUND(H70*J70,0) -> 0
A71: =A70 -> TL | B71: 1.65 | C71: 66 | D71: Lắp đặt bó vỉa đá loại 1 20x39x100 | E71: Theo quy định tại Chương V | F71: 4684 | G71: =+F71 -> 4684 | I71: m | J71: =+'[1]Dự thầu'!$G$95 -> 388691 | K71: =+ROUND(J71*F71,0) -> 1820628644 | L71: =+ROUND(G71*J71,0) -> 1820628644 | M71: =+ROUND(H71*J71,0) -> 0
A72: =A71 -> TL | B72: 1.66 | C72: 67 | D72: Ván khuôn móng dài | E72: Theo quy định tại Chương V | F72: 57 | G72: =+F72 -> 57 | I72: m2 | J72: =+ROUND('[1]Dự thầu'!$G$97/100,0) -> 103943 | K72: =+ROUND(J72*F72,0) -> 5924751 | L72: =+ROUND(G72*J72,0) -> 5924751 | M72: =+ROUND(H72*J72,0) -> 0
A73: =A72 -> TL | B73: 1.67 | C73: 68 | D73: Bê tông lót móng SX bằng máy trộn, đổ bằng thủ công, rộng ≤250cm, M100, đá 4x6, PCB30 | E73: Theo quy định tại Chương V | F73: 0.34 | G73: =+F73 -> 0.34 | I73: m3 | J73: =+'[1]Dự thầu'!$G$98 -> 1191268 | K73: =+ROUND(J73*F73,0) -> 405031 | L73: =+ROUND(G73*J73,0) -> 405031 | M73: =+ROUND(H73*J73,0) -> 0
A74: =A73 -> TL | B74: 1.68 | C74: 69 | D74: Lắp đặt bó vỉa đá loại 2 20x39x25 | E74: Theo quy định tại Chương V | F74: 57 | G74: =+F74 -> 57 | I74: m | J74: =+'[1]Dự thầu'!$G$99 -> 169013 | K74: =+ROUND(J74*F74,0) -> 9633741 | L74: =+ROUND(G74*J74,0) -> 9633741 | M74: =+ROUND(H74*J74,0) -> 0
A75: =A74 -> TL | B75: 1.69 | C75: 70 | D75: Vận chuyển đá bó vỉa | E75: Theo quy định tại Chương V | F75: 36.93 | G75: =+F75 -> 36.93 | I75: 10m³/1km | J75: =+'[1]Dự thầu'!$G$101+'[1]Dự thầu'!$G$102+'[1]Dự thầu'!$G$103 -> 611627 | K75: =+ROUND(J75*F75,0) -> 22587385 | L75: =+ROUND(G75*J75,0) -> 22587385 | M75: =+ROUND(H75*J75,0) -> 0
A76: =A75 -> TL | B76: 1.70 | C76: 71 | D76: Ca máy bốc dỡ | E76: Theo quy định tại Chương V | F76: 10 | G76: =+F76 -> 10 | I76: Ca | J76: =+'[1]Dự thầu'!$G$104 -> 1909908 | K76: =+ROUND(J76*F76,0) -> 19099080 | L76: =+ROUND(G76*J76,0) -> 19099080 | M76: =+ROUND(H76*J76,0) -> 0
A77: =A76 -> TL | B77: 1.71 | C77: 72 | D77: San đất bãi thải bằng máy ủi 110CV | E77: Theo quy định tại Chương V | F77: 1157 | G77: =+F77 -> 1157 | I77: m3 | J77: =+'[1]Dự thầu'!$G$105 -> 2096 | K77: =+ROUND(J77*F77,0) -> 2425072 | L77: =+ROUND(G77*J77,0) -> 2425072 | M77: =+ROUND(H77*J77,0) -> 0
A78: =A77 -> TL | B78: 1.72 | C78: 73 | D78: Đắp đất bao dính giải phân cách | E78: Theo quy định tại Chương V | F78: 16.44 | G78: =+F78 -> 16.44 | I78: 100m3 | J78: =+'[1]Dự thầu'!$G$106 -> 963779 | K78: =+ROUND(J78*F78,0) -> 15844527 | L78: =+ROUND(G78*J78,0) -> 15844527 | M78: =+ROUND(H78*J78,0) -> 0
A79: =A78 -> TL | B79: 2 | C79: 74 | D79: NÚT GIAO (ĐOẠN QUA ĐỊA PHẬN TT BÚT SƠN) | E79: Theo quy định tại Chương V | G79: =+F79 -> 0 | M79: =+ROUND(H79*J79,0) -> 0
A80: =A79 -> TL | B80: 2.1 | C80: 75 | D80: Đào khuôn đường bằng máy, đất cấp II | E80: Theo quy định tại Chương V | F80: 1152.7 | G80: =+F80 -> 1152.7 | I80: m3 | J80: =+'[1]Dự thầu'!$G$127 -> 20072 | K80: =+ROUND(J80*F80,0) -> 23136994 | L80: =+ROUND(G80*J80,0) -> 23136994 | M80: =+ROUND(H80*J80,0) -> 0
A81: =A80 -> TL | B81: 2.2 | C81: 76 | D81: Đào mặt đường cũ bằng máy | E81: Theo quy định tại Chương V | F81: 572 | G81: =+F81 -> 572 | I81: m3 | J81: =+'[1]Dự thầu'!$G$128 -> 30610 | K81: =+ROUND(J81*F81,0) -> 17508920 | L81: =+ROUND(G81*J81,0) -> 17508920 | M81: =+ROUND(H81*J81,0) -> 0
A82: =A81 -> TL | B82: 2.3 | C82: 77 | D82: Xáo xới nền đường K95 | E82: Theo quy định tại Chương V | F82: 778 | G82: =+F82 -> 778 | I82: m3 | J82: =+'[1]Dự thầu'!$G$129 -> 12342 | K82: =+ROUND(J82*F82,0) -> 9602076 | L82: =+ROUND(G82*J82,0) -> 9602076 | M82: =+ROUND(H82*J82,0) -> 0
A83: =A82 -> TL | B83: 2.4 | C83: 78 | D83: Lu lèn 30cm nền đường đã xáo xới, đầm chặt K95 | E83: Theo quy định tại Chương V | F83: 778 | G83: =+F83 -> 778 | I83: m3 | J83: =+'[1]Dự thầu'!$G$130 -> 12936 | K83: =+ROUND(J83*F83,0) -> 10064208 | L83: =+ROUND(G83*J83,0) -> 10064208 | M83: =+ROUND(H83*J83,0) -> 0
A84: =A83 -> TL | B84: 2.5 | C84: 79 | D84: Đắp nền đường máy đầm 25 tấn, độ chặt yêu cầu K=0,95 | E84: Theo quy định tại Chương V | F84: 5180 | G84: =+F84 -> 5180 | I84: m3 | J84: =+'[1]Dự thầu'!$G$132 -> 12936 | K84: =+ROUND(J84*F84,0) -> 67008480 | L84: =+ROUND(G84*J84,0) -> 67008480 | M84: =+ROUND(H84*J84,0) -> 0
A85: =A84 -> TL | B85: 2.6 | C85: 80 | D85: Đắp nền đường máy đầm 25 tấn, độ chặt yêu cầu K=0,98 | E85: Theo quy định tại Chương V | F85: 1455 | G85: =+F85 -> 1455 | I85: m3 | J85: =+'[1]Dự thầu'!$G$133 -> 15775 | K85: =+ROUND(J85*F85,0) -> 22952625 | L85: =+ROUND(G85*J85,0) -> 22952625 | M85: =+ROUND(H85*J85,0) -> 0
A86: =A85 -> TL | B86: 2.7 | C86: 81 | D86: Mua đất để đắp K95 | E86: Theo quy định tại Chương V | F86: 7082.61 | G86: =+F86 -> 7082.61 | I86: m3 | J86: =+'[1]Dự thầu'!$G$134 -> 50585 | K86: =+ROUND(J86*F86,0) -> 358273827 | L86: =+ROUND(G86*J86,0) -> 358273827 | M86: =+ROUND(H86*J86,0) -> 0
A87: =A86 -> TL | B87: 2.8 | C87: 82 | D87: Mua đất để đắp K98 | E87: Theo quy định tại Chương V | F87: 2042.24 | G87: =+F87 -> 2042.24 | I87: m3 | J87: =+'[1]Dự thầu'!$G$135 -> 54405 | K87: =+ROUND(J87*F87,0) -> 111108067 | L87: =+ROUND(G87*J87,0) -> 111108067 | M87: =+ROUND(H87*J87,0) -> 0
A88: =A87 -> TL | B88: 2.9 | C88: 83 | D88: Vận chuyển đất | E88: Theo quy định tại Chương V | F88: 912.49 | G88: =+F88 -> 912.49 | I88: 10m³/1km | J88: =+'[1]Dự thầu'!$G$136+'[1]Dự thầu'!$G$137+'[1]Dự thầu'!$G$138 -> 940826 | K88: =+ROUND(J88*F88,0) -> 858494317 | L88: =+ROUND(G88*J88,0) -> 858494317 | M88: =+ROUND(H88*J88,0) -> 0
A89: =A88 -> TL | B89: 2.10 | C89: 84 | D89: Rải thảm mặt đường bê tông nhựa Loại C16 - Chiều dày mặt đường đã lèn ép 6cm | E89: Theo quy định tại Chương V | F89: 4972.4 | G89: =+F89 -> 4972.4 | I89: m2 | J89: =+'[1]Dự thầu'!$G$146 -> 11015 | K89: =+ROUND(J89*F89,0) -> 54770986 | L89: =+ROUND(G89*J89,0) -> 54770986 | M89: =+ROUND(H89*J89,0) -> 0
A90: =A89 -> TL | B90: 2.11 | C90: 85 | D90: Sản xuất đá dăm đen, bê tông nhựa hạt trung bằng trạm trộn 120T/h | E90: Theo quy định tại Chương V | F90: 708.07 | G90: =+F90 -> 708.07 | I90: tấn | J90: =+'[1]Dự thầu'!$G$147 -> 1646788 | K90: =+ROUND(J90*F90,0) -> 1166041179 | L90: =+ROUND(G90*J90,0) -> 1166041179 | M90: =+ROUND(H90*J90,0) -> 0
A91: =A90 -> TL | B91: 2.12 | C91: 86 | D91: Vận chuyển đá dăm đen, bê tông nhựa từ trạm trộn đến vị trí đổ | E91: Theo quy định tại Chương V | F91: 7.08 | G91: =+F91 -> 7.08 | I91: 100tấn | J91: =+'[1]Dự thầu'!$G$148+'[1]Dự thầu'!$G$149 -> 8873277 | K91: =+ROUND(J91*F91,0) -> 62822801 | L91: =+ROUND(G91*J91,0) -> 62822801 | M91: =+ROUND(H91*J91,0) -> 0
A92: =A91 -> TL | B92: 2.13 | C92: 87 | D92: Tưới lớp dính bám mặt đường, nhũ tương gốc Axít, lượng nhũ tương 0,5kg/m2 | E92: Theo quy định tại Chương V | F92: 4972.04 | G92: =+F92 -> 4972.04 | I92: m2 | J92: =+'[1]Dự thầu'!$G$150 -> 15319 | K92: =+ROUND(J92*F92,0) -> 76166681 | L92: =+ROUND(G92*J92,0) -> 76166681 | M92: =+ROUND(H92*J92,0) -> 0
A93: =A92 -> TL | B93: 2.14 | C93: 88 | D93: Láng mặt đường, láng nhựa 1 lớp dày 1,5cm tiêu chuẩn nhựa 1,8kg/m2 | E93: Theo quy định tại Chương V | F93: 4972.4 | G93: =+F93 -> 4972.4 | I93: m2 | J93: =+'[1]Dự thầu'!$G$151 -> 63114 | K93: =+ROUND(J93*F93,0) -> 313828054 | L93: =+ROUND(G93*J93,0) -> 313828054 | M93: =+ROUND(H93*J93,0) -> 0
A94: =A93 -> TL | B94: 2.15 | C94: 89 | D94: Đá dăm tiêu chuẩn lớp trên dày 24cm | E94: Theo quy định tại Chương V | F94: 4972.4 | G94: =+F94 -> 4972.4 | I94: m2 | J94: =+'[1]Dự thầu'!$G$152 -> 213590 | K94: =+ROUND(J94*F94,0) -> 1062054916 | L94: =+ROUND(G94*J94,0) -> 1062054916 | M94: =+ROUND(H94*J94,0) -> 0
A95: =A94 -> TL | B95: 2.16 | C95: 90 | D95: Thi công mặt đường đá dăm nước lớp dưới, mặt đường đã lèn ép 28cm | E95: Theo quy định tại Chương V | F95: 4972.4 | G95: =+F95 -> 4972.4 | I95: m2 | J95: =+'[1]Dự thầu'!$G$156 -> 173886 | K95: =+ROUND(J95*F95,0) -> 864630746 | L95: =+ROUND(G95*J95,0) -> 864630746 | M95: =+ROUND(H95*J95,0) -> 0
A96: =A95 -> TL | B96: 2.17 | C96: 91 | D96: Rải thảm mặt đường bê tông nhựa Loại C16 - Chiều dày mặt đường đã lèn ép 6cm | E96: Theo quy định tại Chương V | F96: 4423.7 | G96: =+F96 -> 4423.7 | I96: m2 | J96: =+'[1]Dự thầu'!$G$159 -> 11015 | K96: =+ROUND(J96*F96,0) -> 48727056 | L96: =+ROUND(G96*J96,0) -> 48727056 | M96: =+ROUND(H96*J96,0) -> 0
A97: =A96 -> TL | B97: 2.18 | C97: 92 | D97: Sản xuất đá dăm đen, bê tông nhựa hạt trung bằng trạm trộn 120T/h | E97: Theo quy định tại Chương V | F97: 629.93 | G97: =+F97 -> 629.93 | I97: tấn | J97: =+'[1]Dự thầu'!$G$160 -> 1646788 | K97: =+ROUND(J97*F97,0) -> 1037361165 | L97: =+ROUND(G97*J97,0) -> 1037361165 | M97: =+ROUND(H97*J97,0) -> 0
A98: =A97 -> TL | B98: 2.19 | C98: 93 | D98: Vận chuyển đá dăm đen, bê tông nhựa từ trạm trộn đến vị trí đổ | E98: Theo quy định tại Chương V | F98: 6.3 | G98: =+F98 -> 6.3 | I98: 100tấn | J98: =+'[1]Dự thầu'!$G$161+'[1]Dự thầu'!$G$162 -> 8873277 | K98: =+ROUND(J98*F98,0) -> 55901645 | L98: =+ROUND(G98*J98,0) -> 55901645 | M98: =+ROUND(H98*J98,0) -> 0
A99: =A98 -> TL | B99: 2.20 | C99: 94 | D99: Tưới lớp dính bám mặt đường, nhũ tương gốc Axít, lượng nhũ tương 0,5kg/m2 | E99: Theo quy định tại Chương V | F99: 4423.7 | G99: =+F99 -> 4423.7 | I99: m2 | J99: =+'[1]Dự thầu'!$G$163 -> 15319 | K99: =+ROUND(J99*F99,0) -> 67766660 | L99: =+ROUND(G99*J99,0) -> 67766660 | M99: =+ROUND(H99*J99,0) -> 0
A100: =A99 -> TL | B100: 2.21 | C100: 95 | D100: Bù vênh bằng đá dăm tiêu chuẩn loại 1 | E100: Theo quy định tại Chương V | F100: 91.6 | G100: =+F100 -> 91.6 | I100: m2 | J100: =+'[1]Dự thầu'!$G$164 -> 213590 | K100: =+ROUND(J100*F100,0) -> 19564844 | L100: =+ROUND(G100*J100,0) -> 19564844 | M100: =+ROUND(H100*J100,0) -> 0
A101: =A100 -> TL | B101: 3 | C101: 96 | D101: ĐƯỜNG GIAO DÂN SINH (ĐOẠN QUA ĐỊA PHẬN TT BÚT SƠN) | E101: Theo quy định tại Chương V | G101: =+F101 -> 0 | M101: =+ROUND(H101*J101,0) -> 0
A102: =A101 -> TL | B102: 3.1 | C102: 97 | D102: Đào khuôn đường bằng máy đào 1,25m3 | E102: Theo quy định tại Chương V | F102: 12 | G102: =+F102 -> 12 | I102: m3 | J102: =+'[1]Dự thầu'!$G$188 -> 23801 | K102: =+ROUND(J102*F102,0) -> 285612 | L102: =+ROUND(G102*J102,0) -> 285612 | M102: =+ROUND(H102*J102,0) -> 0
...

Sheet PLHĐ PS
B1: PHỤ LỤC 1: BẢNG TÔNG HỢP KHỐI LƯỢNG, ĐƠN GIÁ, GIÁ TRỊ HỢP ĐỒNG (Phụ lục kèm theo hợp đồng thi công xây dựng số: 12/06/2023 /HĐTCXD ngày 12/6/2023 GÓI THẦU 06: THI CÔNG XÂY DỰNG + BẢO HIỂM CÔNG TRÌNH THUỘC DỰ ÁN: ĐƯỜNG TỪ QUỐC LỘ 10 ĐI KHU DU LỊCH HẢI TIẾN, HUYỆN HOĂNG HÓA (GIAI ĐOẠN I)
B4: STT | C4: Nội Dung Công Việc | D4: Đơn vị | E4: Khối lượng | J4: Đơn giá | L4: Thành Tiền
E5: Hợp đồng số 12/06/2023/HĐTCXD ngày 12/6/2023 | F5: Quyết định điều chỉnh TKBVTC-DT, số 5892/QĐ-UBND, ngày 31/12/2024 | G5: Biên bản xác nhận số liệu và tình hình kiểm toán ngày 21/5/2025 | H5: Điều chỉnh, bổ sung (lần này) theo QĐ số 408/QĐ-BQLDANN, ngày 11/9/2026 và số 422/QĐ-BQLDANN ngày 16/9/2026 | I5: Sau điều chỉnh, bổ sung | J5: Theo Hợp đồng | K5: Điều chỉnh, bổ sung | L5: =E5 -> Hợp đồng số 12/06/2023/HĐTCXD ngày 12/6/2023 | M5: =F5 -> Quyết định điều chỉnh TKBVTC-DT, số 5892/QĐ-UBND, ngày 31/12/2024 | N5: =G5 -> Biên bản xác nhận số liệu và tình hình kiểm toán ngày 21/5/2025 | O5: =H5 -> Điều chỉnh, bổ sung (lần này) theo QĐ số 408/QĐ-BQLDANN, ngày 11/9/2026 và số 422/QĐ-BQLDANN ngày 16/9/2026 | P5: =I5 -> Sau điều chỉnh, bổ sung
A6: TL | B6: A | C6: THÀNH VIÊN ĐỨNG ĐẦU LIÊN DANH: CÔNG TY CỔ PHẦN ĐẦU TƯ VÀ XÂY DỰNG TUẤN LINH | L6: =ROUND(SUM(L7:L694),-3) -> 129648647000 | M6: =ROUND(SUM(M7:M694),-3) -> 203765000 | N6: =ROUND(SUM(N7:N695),-3) -> -4496723000 | O6: =ROUND(SUM(O7:O694),-3) -> 0 | P6: =ROUND(SUM(P7:P695),-3) -> 125355689000
A7: =A6 -> TL | B7: 1 | C7: NỀN MẶT ĐƯỜNG TUYẾN CHÍNH (ĐOẠN QUA ĐỊA PHẬN TT BÚT SƠN)
A8: =A7 -> TL | B8: 1.1 | C8: Dọn dẹp mặt bằng | D8: m2 | E8: 91424 | F8: ='[4]PHỤ LỤC GIÁ HỢP ĐỒNG'!$K$10 -> -471.1437 | I8: =SUM(E8:H8) -> 90952.856 | J8: ='BIỂU HỢP ĐỒNG'!J7 -> 646 | L8: =+ROUND(J8*E8,0) -> 59059904 | M8: =+ROUND(F8*J8,0) -> -304359 | N8: =+ROUND(G8*J8,0) -> 0 | O8: =+ROUND(H8*J8,0) -> 0 | P8: =SUM(L8:O8) -> 58755545
A9: =A8 -> TL | B9: 1.2 | C9: Đào khuôn đường bằng máy - Cấp đất II | D9: m3 | E9: 500 | F9: ='[4]PHỤ LỤC GIÁ HỢP ĐỒNG'!$K$12 -> -157.9023 | I9: =SUM(E9:H9) -> 342.0977 | J9: ='BIỂU HỢP ĐỒNG'!J8 -> 20072 | L9: =+ROUND(J9*E9,0) -> 10036000 | M9: =+ROUND(F9*J9,0) -> -3169415 | N9: =+ROUND(G9*J9,0) -> 0 | O9: =+ROUND(H9*J9,0) -> 0 | P9: =SUM(L9:O9) -> 6866585
A10: =A9 -> TL | B10: 1.3 | C10: Đào mặt đường cũ bằng máy - Cấp đất IV | D10: m3 | E10: 264 | F10: ='[4]PHỤ LỤC GIÁ HỢP ĐỒNG'!$K$118 -> 146.13615 | I10: =SUM(E10:H10) -> 410.13615 | J10: ='BIỂU HỢP ĐỒNG'!J9 -> 30610 | L10: =+ROUND(J10*E10,0) -> 8081040 | M10: =+ROUND(F10*J10,0) -> 4473228 | N10: =+ROUND(G10*J10,0) -> 0 | O10: =+ROUND(H10*J10,0) -> 0 | P10: =SUM(L10:O10) -> 12554268
A11: =A10 -> TL | B11: 1.4 | C11: Xáo xới nền đường K95 | D11: m3 | E11: 923 | F11: ='[4]PHỤ LỤC GIÁ HỢP ĐỒNG'!$K$14 -> -765.48185 | I11: =SUM(E11:H11) -> 157.51815 | J11: ='BIỂU HỢP ĐỒNG'!J10 -> 12342 | L11: =+ROUND(J11*E11,0) -> 11391666 | M11: =+ROUND(F11*J11,0) -> -9447577 | N11: =+ROUND(G11*J11,0) -> 0 | O11: =+ROUND(H11*J11,0) -> 0 | P11: =SUM(L11:O11) -> 1944089
A12: =A11 -> TL | B12: 1.5 | C12: Lu lèn 30cm mặt đường đã xới xáo | D12: m3 | E12: 923 | F12: ='[4]PHỤ LỤC GIÁ HỢP ĐỒNG'!$K$15 -> -765.48185 | I12: =SUM(E12:H12) -> 157.51815 | J12: ='BIỂU HỢP ĐỒNG'!J11 -> 12936 | L12: =+ROUND(J12*E12,0) -> 11939928 | M12: =+ROUND(F12*J12,0) -> -9902273 | N12: =+ROUND(G12*J12,0) -> 0 | O12: =+ROUND(H12*J12,0) -> 0 | P12: =SUM(L12:O12) -> 2037655
A13: =A12 -> TL | B13: 1.6 | C13: Đào đất hữu cơ | D13: m3 | E13: 5871.7 | F13: ='[4]PHỤ LỤC GIÁ HỢP ĐỒNG'!$K$13 -> -4255.8554 | I13: =SUM(E13:H13) -> 1615.8446 | J13: ='BIỂU HỢP ĐỒNG'!J12 -> 8251 | L13: =+ROUND(J13*E13,0) -> 48447397 | M13: =+ROUND(F13*J13,0) -> -35115062 | N13: =+ROUND(G13*J13,0) -> 0 | O13: =+ROUND(H13*J13,0) -> 0 | P13: =SUM(L13:O13) -> 13332335
A14: =A13 -> TL | B14: 1.7 | C14: Đắp nền đường bằng máy lu bánh thép 25T, máy ủi 110CV, độ chặt Y/C K = 0,95 | D14: m3 | E14: 170279 | I14: =SUM(E14:H14) -> 170279 | J14: ='BIỂU HỢP ĐỒNG'!J13 -> 12936 | L14: =+ROUND(J14*E14,0) -> 2202729144 | M14: =+ROUND(F14*J14,0) -> 0 | N14: =+ROUND(G14*J14,0) -> 0 | O14: =+ROUND(H14*J14,0) -> 0 | P14: =SUM(L14:O14) -> 2202729144
A15: =A14 -> TL | B15: 1.8 | C15: Đắp giải đất dự trữ bằng đất tận dụng K95 | D15: m3 | E15: 28834 | F15: ='[4]PHỤ LỤC GIÁ HỢP ĐỒNG'!$K$17 -> -3133.9909 | I15: =SUM(E15:H15) -> 25700.009 | J15: ='BIỂU HỢP ĐỒNG'!J14 -> 12936 | L15: =+ROUND(J15*E15,0) -> 372996624 | M15: =+ROUND(F15*J15,0) -> -40541307 | N15: =+ROUND(G15*J15,0) -> 0 | O15: =+ROUND(H15*J15,0) -> 0 | P15: =SUM(L15:O15) -> 332455317
A16: =A15 -> TL | B16: 1.9 | C16: Đắp nền đường bằng máy lu bánh thép 25T, máy ủi 110CV, độ chặt Y/C K = 0,98 | D16: m3 | E16: 14978 | F16: ='[4]PHỤ LỤC GIÁ HỢP ĐỒNG'!$K$16 -> -15.50115 | I16: =SUM(E16:H16) -> 14962.499 | J16: ='BIỂU HỢP ĐỒNG'!J15 -> 15775 | L16: =+ROUND(J16*E16,0) -> 236277950 | M16: =+ROUND(F16*12936,0) -> -200523 | N16: =+ROUND(G16*J16,0) -> 0 | O16: =+ROUND(H16*J16,0) -> 0 | P16: =SUM(L16:O16) -> 236077427
A17: =A16 -> TL | B17: 1.10 | C17: Mua đất để đắp K95 | D17: m3 | E17: 246897.46 | F17: ='[4]PHỤ LỤC GIÁ HỢP ĐỒNG'!$K$18 -> -4285.1058 | I17: =SUM(E17:H17) -> 242612.35 | J17: ='BIỂU HỢP ĐỒNG'!J16 -> 50585 | L17: =+ROUND(J17*E17,0) -> 12489308014 | M17: =+ROUND(F17*J17,0) -> -216762078 | N17: =+ROUND(G17*J17,0) -> 0 | O17: =+ROUND(H17*J17,0) -> 0 | P17: =SUM(L17:O17) -> 12272545936
A18: =A17 -> TL | B18: 1.11 | C18: Mua đất để đắp K98 | D18: m3 | E18: 21023.12 | F18: ='[4]PHỤ LỤC GIÁ HỢP ĐỒNG'!$K$19 -> -21.757414 | I18: =SUM(E18:H18) -> 21001.363 | J18: ='BIỂU HỢP ĐỒNG'!J17 -> 54405 | L18: =+ROUND(J18*E18,0) -> 1143762844 | M18: =+ROUND(F18*J18,0) -> -1183712 | N18: =+ROUND(G18*J18,0) -> 0 | O18: =+ROUND(H18*J18,0) -> 0 | P18: =SUM(L18:O18) -> 1142579132
A19: =A18 -> TL | B19: 1.12 | C19: Vận chuyển đất | D19: 10m³/1km | E19: 26792.06 | F19: ='[4]PHỤ LỤC GIÁ HỢP ĐỒNG'!$K$20 -> -430.68632 | I19: =SUM(E19:H19) -> 26361.374 | J19: ='BIỂU HỢP ĐỒNG'!J18 -> 940826 | L19: =+ROUND(J19*E19,0) -> 25206666642 | M19: =+ROUND(F19*J19,0) -> -405200891 | N19: =+ROUND(G19*J19,0) -> 0 | O19: =+ROUND(H19*J19,0) -> 0 | P19: =SUM(L19:O19) -> 24801465751
A20: =A19 -> TL | B20: 1.13 | C20: Vận chuyển đất đắp gia tải tận dụng bên cầu đắp dải dự trữ 3km | D20: m3 | E20: 4230 | I20: =SUM(E20:H20) -> 4230 | J20: ='BIỂU HỢP ĐỒNG'!J19 -> 39661 | L20: =+ROUND(J20*E20,0) -> 167766030 | M20: =+ROUND(F20*J20,0) -> 0 | N20: =+ROUND(G20*J20,0) -> 0 | O20: =+ROUND(H20*J20,0) -> 0 | P20: =SUM(L20:O20) -> 167766030
A21: =A20 -> TL | B21: 1.14 | C21: Vận chuyển đất không thích hợp đất cấp I | D21: m3 | E21: 61617.46 | F21: ='[4]PHỤ LỤC GIÁ HỢP ĐỒNG'!$K$21 -> -3944.4936 | I21: =SUM(E21:H21) -> 57672.966 | J21: ='BIỂU HỢP ĐỒNG'!J20 -> 40424 | L21: =+ROUND(J21*E21,0) -> 2490824203 | M21: =+ROUND(F21*J21,0) -> -159452207 | N21: =+ROUND(G21*J21,0) -> 0 | O21: =+ROUND(H21*J21,0) -> 0 | P21: =SUM(L21:O21) -> 2331371996
A22: =A21 -> TL | B22: 1.15 | C22: Vận chuyển đất không thích hợp đất cấp II | D22: m3 | E22: 1686.7 | F22: ='[4]PHỤ LỤC GIÁ HỢP ĐỒNG'!$K$22 -> -157.9023 | I22: =SUM(E22:H22) -> 1528.7977 | J22: ='BIỂU HỢP ĐỒNG'!J21 -> 45382 | L22: =+ROUND(J22*E22,0) -> 76545819 | M22: =+ROUND(F22*J22,0) -> -7165922 | N22: =+ROUND(G22*J22,0) -> 0 | O22: =+ROUND(H22*J22,0) -> 0 | P22: =SUM(L22:O22) -> 69379897
A23: =A22 -> TL | B23: 1.16 | C23: Vận chuyển đất không thích hợp bằng ôtô tự đổ, đất cấp IV | D23: m3 | E23: 858 | F23: ='[4]PHỤ LỤC GIÁ HỢP ĐỒNG'!$K$120 -> 146.13615 | I23: =SUM(E23:H23) -> 1004.1362 | J23: ='BIỂU HỢP ĐỒNG'!J22 -> 56948 | L23: =+ROUND(J23*E23,0) -> 48861384 | M23: =+ROUND(F23*J23,0) -> 8322161 | N23: =+ROUND(G23*J23,0) -> 0 | O23: =+ROUND(H23*J23,0) -> 0 | P23: =SUM(L23:O23) -> 57183545
A24: =A23 -> TL | B24: 1.17 | C24: San đất bãi thải bằng máy ủi 110CV | D24: m3 | E24: 32081.08 | F24: ='[4]PHỤ LỤC GIÁ HỢP ĐỒNG'!$K$23 -> -3956.2597 | I24: =SUM(E24:H24) -> 28124.82 | J24: ='BIỂU HỢP ĐỒNG'!J23 -> 2096 | L24: =+ROUND(J24*E24,0) -> 67241944 | M24: =+ROUND(F24*J24,0) -> -8292320 | N24: =+ROUND(G24*J24,0) -> 0 | O24: =+ROUND(H24*J24,0) -> 0 | P24: =SUM(L24:O24) -> 58949624
A25: =A24 -> TL | B25: 1.18 | C25: Đào đất không thích hợp bằng máy đào - Cấp đất I | D25: m3 | E25: 93677 | F25: ='[4]PHỤ LỤC GIÁ HỢP ĐỒNG'!$K$119+'[4]PHỤ LỤC GIÁ HỢP ĐỒNG'!$K$122 -> 7005.9216 | I25: =SUM(E25:H25) -> 100682.92 | J25: ='BIỂU HỢP ĐỒNG'!J24 -> 8251 | L25: =+ROUND(J25*E25,0) -> 772928927 | M25: =+ROUND(F25*J25,0) -> 57805860 | N25: =+ROUND(G25*J25,0) -> 0 | O25: =+ROUND(H25*J25,0) -> 0 | P25: =SUM(L25:O25) -> 830734787
A26: =A25 -> TL | B26: 1.19 | C26: Rải vải địa kỹ thuật không dệt ART12 (12kN/m) | D26: m2 | E26: 88349 | F26: ='[4]PHỤ LỤC GIÁ HỢP ĐỒNG'!$K$125 -> 10433.62 | I26: =SUM(E26:H26) -> 98782.62 | J26: ='BIỂU HỢP ĐỒNG'!J25 -> 20017 | L26: =+ROUND(J26*E26,0) -> 1768481933 | M26: =+ROUND(F26*J26,0) -> 208849778 | N26: =+ROUND(G26*J26,0) -> 0 | O26: =+ROUND(H26*J26,0) -> 0 | P26: =SUM(L26:O26) -> 1977331711
A27: =A26 -> TL | B27: 1.20 | C27: Rải lưới địa kỹ thuật dệt cường độ 200Kn/m | D27: m2 | E27: 29119.1 | I27: =SUM(E27:H27) -> 29119.1 | J27: ='BIỂU HỢP ĐỒNG'!J26 -> 36456 | L27: =+ROUND(J27*E27,0) -> 1061565910 | M27: =+ROUND(F27*J27,0) -> 0 | N27: =+ROUND(G27*J27,0) -> 0 | O27: =+ROUND(H27*J27,0) -> 0 | P27: =SUM(L27:O27) -> 1061565910
A28: =A27 -> TL | B28: 1.21 | C28: Đắp đất bù lún K95 | D28: m3 | E28: 10294 | I28: =SUM(E28:H28) -> 10294 | J28: ='BIỂU HỢP ĐỒNG'!J27 -> 12936 | L28: =+ROUND(J28*E28,0) -> 133163184 | M28: =+ROUND(F28*J28,0) -> 0 | N28: =+ROUND(G28*J28,0) -> 0 | O28: =+ROUND(H28*J28,0) -> 0 | P28: =SUM(L28:O28) -> 133163184
A29: =A28 -> TL | B29: 1.22 | C29: Đắp đất gia tải K95 (không vật liệu) | D29: m3 | E29: 2898.6 | I29: =SUM(E29:H29) -> 2898.6 | J29: ='BIỂU HỢP ĐỒNG'!J28 -> 12936 | L29: =+ROUND(J29*E29,0) -> 37496290 | M29: =+ROUND(F29*J29,0) -> 0 | N29: =+ROUND(G29*J29,0) -> 0 | O29: =+ROUND(H29*J29,0) -> 0 | P29: =SUM(L29:O29) -> 37496290
A30: =A29 -> TL | B30: 1.23 | C30: Đào dỡ tải | D30: m3 | E30: 2898.6 | I30: =SUM(E30:H30) -> 2898.6 | J30: ='BIỂU HỢP ĐỒNG'!J29 -> 12342 | L30: =+ROUND(J30*E30,0) -> 35774521 | M30: =+ROUND(F30*J30,0) -> 0 | N30: =+ROUND(G30*J30,0) -> 0 | O30: =+ROUND(H30*J30,0) -> 0 | P30: =SUM(L30:O30) -> 35774521
A31: =A30 -> TL | B31: 1.24 | C31: Vận chuyển đất tận dụng | D31: m³/1km | E31: 3275.42 | F31: ='[4]PHỤ LỤC GIÁ HỢP ĐỒNG'!$K$123 -> 6694.5598 | I31: =SUM(E31:H31) -> 9969.9798 | J31: ='BIỂU HỢP ĐỒNG'!J30 -> 6611 | L31: =+ROUND(J31*E31,0) -> 21653802 | M31: =+ROUND(F31*J31,0) -> 44257735 | N31: =+ROUND(G31*J31,0) -> 0 | O31: =+ROUND(H31*J31,0) -> 0 | P31: =SUM(L31:O31) -> 65911537
A32: =A31 -> TL | B32: 1.25 | C32: Đắp đất quy đổi kết cấu, bù kết cấu K95 (không vật liệu) | D32: m3 | E32: 13855.64 | I32: =SUM(E32:H32) -> 13855.64 | J32: ='BIỂU HỢP ĐỒNG'!J31 -> 12936 | L32: =+ROUND(J32*E32,0) -> 179236559 | M32: =+ROUND(F32*J32,0) -> 0 | N32: =+ROUND(G32*J32,0) -> 0 | O32: =+ROUND(H32*J32,0) -> 0 | P32: =SUM(L32:O32) -> 179236559
A33: =A32 -> TL | B33: 1.26 | C33: Đào dỡ tải | D33: m3 | E33: 13855.64 | I33: =SUM(E33:H33) -> 13855.64 | J33: ='BIỂU HỢP ĐỒNG'!J32 -> 12342 | L33: =+ROUND(J33*E33,0) -> 171006309 | M33: =+ROUND(F33*J33,0) -> 0 | N33: =+ROUND(G33*J33,0) -> 0 | O33: =+ROUND(H33*J33,0) -> 0 | P33: =SUM(L33:O33) -> 171006309
A34: =A33 -> TL | B34: 1.27 | C34: Vận chuyển đất tận dụng | D34: m³/1km | E34: 15656.87 | I34: =SUM(E34:H34) -> 15656.87 | J34: ='BIỂU HỢP ĐỒNG'!J33 -> 6611 | L34: =+ROUND(J34*E34,0) -> 103507568 | M34: =+ROUND(F34*J34,0) -> 0 | N34: =+ROUND(G34*J34,0) -> 0 | O34: =+ROUND(H34*J34,0) -> 0 | P34: =SUM(L34:O34) -> 103507568
A35: =A34 -> TL | B35: 1.28 | C35: Đá dăm 1x2cm làm cửa thoát nước | D35: m3 | E35: 74 | I35: =SUM(E35:H35) -> 74 | J35: ='BIỂU HỢP ĐỒNG'!J34 -> 868453 | L35: =+ROUND(J35*E35,0) -> 64265522 | M35: =+ROUND(F35*J35,0) -> 0 | N35: =+ROUND(G35*J35,0) -> 0 | O35: =+ROUND(H35*J35,0) -> 0 | P35: =SUM(L35:O35) -> 64265522
A36: =A35 -> TL | B36: 1.29 | C36: Rải vải địa kỹ thuật 15kN/m | D36: m2 | E36: 672 | I36: =SUM(E36:H36) -> 672 | J36: ='BIỂU HỢP ĐỒNG'!J35 -> 26716 | L36: =+ROUND(J36*E36,0) -> 17953152 | M36: =+ROUND(F36*J36,0) -> 0 | N36: =+ROUND(G36*J36,0) -> 0 | O36: =+ROUND(H36*J36,0) -> 0 | P36: =SUM(L36:O36) -> 17953152
A37: =A36 -> TL | B37: 1.30 | C37: Đắp đất K90 bảo vệ vải địa kỹ thuật | D37: m3 | E37: 247 | I37: =SUM(E37:H37) -> 247 | J37: ='BIỂU HỢP ĐỒNG'!J36 -> 32141 | L37: =+ROUND(J37*E37,0) -> 7938827 | M37: =+ROUND(F37*J37,0) -> 0 | N37: =+ROUND(G37*J37,0) -> 0 | O37: =+ROUND(H37*J37,0) -> 0 | P37: =SUM(L37:O37) -> 7938827
A38: =A37 -> TL | B38: 1.31 | C38: Cấy bấc thấm bằng máy | D38: m | E38: 83518.1 | I38: =SUM(E38:H38) -> 83518.1 | J38: ='BIỂU HỢP ĐỒNG'!J37 -> 7813 | L38: =+ROUND(J38*E38,0) -> 652526915 | M38: =+ROUND(F38*J38,0) -> 0 | N38: =+ROUND(G38*J38,0) -> 0 | O38: =+ROUND(H38*J38,0) -> 0 | P38: =SUM(L38:O38) -> 652526915
A39: =A38 -> TL | B39: 1.32 | C39: Đệm cát hạt trung bằng máy, độ chặt yêu cầu K=0,95 | D39: m3 | E39: 15182 | F39: ='[4]PHỤ LỤC GIÁ HỢP ĐỒNG'!$K$124 -> 3791.6134 | I39: =SUM(E39:H39) -> 18973.613 | J39: ='BIỂU HỢP ĐỒNG'!J38 -> 267174 | L39: =+ROUND(J39*E39,0) -> 4056235668 | M39: =+ROUND(F39*J39,0) -> 1013020532 | N39: =+ROUND(G39*J39,0) -> 0 | O39: =+ROUND(H39*J39,0) -> 0 | P39: =SUM(L39:O39) -> 5069256200
A40: =A39 -> TL | B40: 1.33 | C40: Đào rãnh bằng máy, đất cấp II | D40: m3 | E40: 1035 | I40: =SUM(E40:H40) -> 1035 | J40: ='BIỂU HỢP ĐỒNG'!J39 -> 20867 | L40: =+ROUND(J40*E40,0) -> 21597345 | M40: =+ROUND(F40*J40,0) -> 0 | N40: =+ROUND(G40*J40,0) -> 0 | O40: =+ROUND(H40*J40,0) -> 0 | P40: =SUM(L40:O40) -> 21597345
A41: =A40 -> TL | B41: 1.34 | C41: Đắp trả rãnh đất thi công giếng cát | D41: m3 | E41: 1035 | I41: =SUM(E41:H41) -> 1035 | J41: ='BIỂU HỢP ĐỒNG'!J40 -> 12936 | L41: =+ROUND(J41*E41,0) -> 13388760 | M41: =+ROUND(F41*J41,0) -> 0 | N41: =+ROUND(G41*J41,0) -> 0 | O41: =+ROUND(H41*J41,0) -> 0 | P41: =SUM(L41:O41) -> 13388760
A42: =A41 -> TL | B42: 1.35 | C42: Lắp đặt ống nhựa- Đường kính 200mm | D42: m | E42: 27 | I42: =SUM(E42:H42) -> 27 | J42: ='BIỂU HỢP ĐỒNG'!J41 -> 301142 | L42: =+ROUND(J42*E42,0) -> 8130834 | M42: =+ROUND(F42*J42,0) -> 0 | N42: =+ROUND(G42*J42,0) -> 0 | O42: =+ROUND(H42*J42,0) -> 0 | P42: =SUM(L42:O42) -> 8130834
A43: =A42 -> TL | B43: 1.36 | C43: Lắp đặt ống thép d=50mm | D43: m | E43: 295 | I43: =SUM(E43:H43) -> 295 | J43: ='BIỂU HỢP ĐỒNG'!J42 -> 191443 | L43: =+ROUND(J43*E43,0) -> 56475685 | M43: =+ROUND(F43*J43,0) -> 0 | N43: =+ROUND(G43*J43,0) -> 0 | O43: =+ROUND(H43*J43,0) -> 0 | P43: =SUM(L43:O43) -> 56475685
A44: =A43 -> TL | B44: 1.37 | C44: Lắp đặt ống nhựa d150 | D44: m | E44: 295 | I44: =SUM(E44:H44) -> 295 | J44: ='BIỂU HỢP ĐỒNG'!J43 -> 184138 | L44: =+ROUND(J44*E44,0) -> 54320710 | M44: =+ROUND(F44*J44,0) -> 0 | N44: =+ROUND(G44*J44,0) -> 0 | O44: =+ROUND(H44*J44,0) -> 0 | P44: =SUM(L44:O44) -> 54320710
A45: =A44 -> TL | B45: 1.38 | C45: Sản xuất bàn thép | D45: tấn | E45: 2.96 | I45: =SUM(E45:H45) -> 2.96 | J45: ='BIỂU HỢP ĐỒNG'!J44 -> 33697650 | L45: =+ROUND(J45*E45,0) -> 99745044 | M45: =+ROUND(F45*J45,0) -> 0 | N45: =+ROUND(G45*J45,0) -> 0 | O45: =+ROUND(H45*J45,0) -> 0 | P45: =SUM(L45:O45) -> 99745044
A46: =A45 -> TL | B46: 1.39 | C46: Cọc quan trắc chuyển vị 10x10x170cm | D46: m | E46: 204 | I46: =SUM(E46:H46) -> 204 | J46: ='BIỂU HỢP ĐỒNG'!J45 -> 17859 | L46: =+ROUND(J46*E46,0) -> 3643236 | M46: =+ROUND(F46*J46,0) -> 0 | N46: =+ROUND(G46*J46,0) -> 0 | O46: =+ROUND(H46*J46,0) -> 0 | P46: =SUM(L46:O46) -> 3643236
A47: =A46 -> TL | B47: 1.40 | C47: Rải thảm mặt đường bê tông nhựa Loại C16 - Chiều dày mặt đường đã lèn ép 6cm | D47: m2 | E47: 40997 | F47: ='[4]PHỤ LỤC GIÁ HỢP ĐỒNG'!$K$129 -> 113.55 | I47: =SUM(E47:H47) -> 41110.55 | J47: ='BIỂU HỢP ĐỒNG'!J46 -> 11015 | L47: =+ROUND(J47*E47,0) -> 451581955 | M47: =+ROUND(F47*J47,0) -> 1250753 | N47: =+ROUND(G47*J47,0) -> 0 | O47: =+ROUND(H47*J47,0) -> 0 | P47: =SUM(L47:O47) -> 452832708
A48: =A47 -> TL | B48: 1.41 | C48: Sản xuất đá dăm đen, bê tông nhựa hạt trung bằng trạm trộn 120T/h | D48: tấn | E48: 5837.9728 | F48: ='[4]PHỤ LỤC GIÁ HỢP ĐỒNG'!$K$130 -> 16.16952 | I48: =SUM(E48:H48) -> 5854.1423 | J48: ='BIỂU HỢP ĐỒNG'!J47 -> 1646788 | L48: =+ROUND(J48*E48,0) -> 9613903551 | M48: =+ROUND(F48*J48,0) -> 26627772 | N48: =+ROUND(G48*J48,0) -> 0 | O48: =+ROUND(H48*J48,0) -> 0 | P48: =SUM(L48:O48) -> 9640531323
A49: =A48 -> TL | B49: 1.42 | C49: Vận chuyển đá dăm đen, bê tông nhựa từ trạm trộn đến vị trí đổ | D49: 100tấn | E49: 58.38 | F49: ='[4]PHỤ LỤC GIÁ HỢP ĐỒNG'!$K$131 -> 0.1616952 | I49: =SUM(E49:H49) -> 58.541695 | J49: ='BIỂU HỢP ĐỒNG'!J48 -> 8873277 | L49: =+ROUND(J49*E49,0) -> 518021911 | M49: =+ROUND(F49*J49,0) -> 1434766 | N49: =+ROUND(G49*J49,0) -> 0 | O49: =+ROUND(H49*J49,0) -> 0 | P49: =SUM(L49:O49) -> 519456677
A50: =A49 -> TL | B50: 1.43 | C50: Tưới lớp dính bám mặt đường bằng nhũ tương gốc axít, lượng nhũ tương 1 kg/m2 | D50: m2 | E50: 40997 | F50: ='[4]PHỤ LỤC GIÁ HỢP ĐỒNG'!$K$132 -> 113.55 | I50: =SUM(E50:H50) -> 41110.55 | J50: ='BIỂU HỢP ĐỒNG'!J49 -> 26753 | L50: =+ROUND(J50*E50,0) -> 1096792741 | M50: =+ROUND(F50*J50,0) -> 3037803 | N50: =+ROUND(G50*J50,0) -> 0 | O50: =+ROUND(H50*J50,0) -> 0 | P50: =SUM(L50:O50) -> 1099830544
A51: =A50 -> TL | B51: 1.44 | C51: Làm móng cấp phối đá dăm loại I | D51: m3 | E51: 10007 | F51: ='[4]PHỤ LỤC GIÁ HỢP ĐỒNG'!$K$133 -> 27.252 | I51: =SUM(E51:H51) -> 10034.252 | J51: ='BIỂU HỢP ĐỒNG'!J50 -> 352760 | L51: =+ROUND(J51*E51,0) -> 3530069320 | M51: =+ROUND(F51*J51,0) -> 9613416 | N51: =+ROUND(G51*J51,0) -> 0 | O51: =+ROUND(H51*J51,0) -> 0 | P51: =SUM(L51:O51) -> 3539682736
A52: =A51 -> TL | B52: 1.45 | C52: Làm móng cấp phối đá dăm loại II | D52: m3 | E52: 15316 | F52: ='[4]PHỤ LỤC GIÁ HỢP ĐỒNG'!$K$134 -> 38.607 | I52: =SUM(E52:H52) -> 15354.607 | J52: ='BIỂU HỢP ĐỒNG'!J51 -> 334047 | L52: =+ROUND(J52*E52,0) -> 5116263852 | M52: =+ROUND(F52*J52,0) -> 12896553 | N52: =+ROUND(G52*J52,0) -> 0 | O52: =+ROUND(H52*J52,0) -> 0 | P52: =SUM(L52:O52) -> 5129160405
A53: =A52 -> TL | B53: 1.46 | C53: Rải thảm mặt đường bê tông nhựa Loại C16 - Chiều dày mặt đường đã lèn ép 6cm | D53: m2 | E53: 8058 | I53: =SUM(E53:H53) -> 8058 | J53: ='BIỂU HỢP ĐỒNG'!J52 -> 11015 | L53: =+ROUND(J53*E53,0) -> 88758870 | M53: =+ROUND(F53*J53,0) -> 0 | N53: =+ROUND(G53*J53,0) -> 0 | O53: =+ROUND(H53*J53,0) -> 0 | P53: =SUM(L53:O53) -> 88758870
A54: =A53 -> TL | B54: 1.47 | C54: Sản xuất đá dăm đen, bê tông nhựa hạt trung bằng trạm trộn 120T/h | D54: tấn | E54: 1147.46 | I54: =SUM(E54:H54) -> 1147.46 | J54: ='BIỂU HỢP ĐỒNG'!J53 -> 1646788 | L54: =+ROUND(J54*E54,0) -> 1889623358 | M54: =+ROUND(F54*J54,0) -> 0 | N54: =+ROUND(G54*J54,0) -> 0 | O54: =+ROUND(H54*J54,0) -> 0 | P54: =SUM(L54:O54) -> 1889623358
A55: =A54 -> TL | B55: 1.48 | C55: Vận chuyển đá dăm đen, bê tông nhựa từ trạm trộn đến vị trí đổ | D55: 100tấn | E55: 11.47 | I55: =SUM(E55:H55) -> 11.47 | J55: ='BIỂU HỢP ĐỒNG'!J54 -> 8873277 | L55: =+ROUND(J55*E55,0) -> 101776487 | M55: =+ROUND(F55*J55,0) -> 0 | N55: =+ROUND(G55*J55,0) -> 0 | O55: =+ROUND(H55*J55,0) -> 0 | P55: =SUM(L55:O55) -> 101776487
A56: =A55 -> TL | B56: 1.49 | C56: Tưới lớp dính bám mặt đường, nhũ tương gốc Axít, lượng nhũ tương 0,5kg/m2 | D56: m2 | E56: 8058 | I56: =SUM(E56:H56) -> 8058 | J56: ='BIỂU HỢP ĐỒNG'!J55 -> 15319 | L56: =+ROUND(J56*E56,0) -> 123440502 | M56: =+ROUND(F56*J56,0) -> 0 | N56: =+ROUND(G56*J56,0) -> 0 | O56: =+ROUND(H56*J56,0) -> 0 | P56: =SUM(L56:O56) -> 123440502
A57: =A56 -> TL | B57: 1.50 | C57: Láng nhựa mặt đường 1 lớp bằng nhựa đặc dày 1,5cm, tiêu chuẩn nhựa 1.8 kg/m2 | D57: m2 | E57: 8058 | I57: =SUM(E57:H57) -> 8058 | J57: ='BIỂU HỢP ĐỒNG'!J56 -> 63114 | L57: =+ROUND(J57*E57,0) -> 508572612 | M57: =+ROUND(F57*J57,0) -> 0 | N57: =+ROUND(G57*J57,0) -> 0 | O57: =+ROUND(H57*J57,0) -> 0 | P57: =SUM(L57:O57) -> 508572612
A58: =A57 -> TL | B58: 1.51 | C58: Đá dăm tiêu chuẩn lớp trên dày 24cm | D58: m2 | E58: 8772.9 | I58: =SUM(E58:H58) -> 8772.9 | J58: ='BIỂU HỢP ĐỒNG'!J57 -> 213590 | L58: =+ROUND(J58*E58,0) -> 1873803711 | M58: =+ROUND(F58*J58,0) -> 0 | N58: =+ROUND(G58*J58,0) -> 0 | O58: =+ROUND(H58*J58,0) -> 0 | P58: =SUM(L58:O58) -> 1873803711
A59: =A58 -> TL | B59: 1.52 | C59: Đá dăm tiêu chuẩn lớp dưới dày 28cm | D59: m2 | E59: 10202.7 | I59: =SUM(E59:H59) -> 10202.7 | J59: ='BIỂU HỢP ĐỒNG'!J58 -> 173886 | L59: =+ROUND(J59*E59,0) -> 1774106692 | M59: =+ROUND(F59*J59,0) -> 0 | N59: =+ROUND(G59*J59,0) -> 0 | O59: =+ROUND(H59*J59,0) -> 0 | P59: =SUM(L59:O59) -> 1774106692
A60: =A59 -> TL | B60: 1.53 | C60: Lát đá vỉa hè, vữa XM M75, PCB40 | D60: m2 | E60: 4122 | F60: ='[4]PHỤ LỤC GIÁ HỢP ĐỒNG'!$K$25 -> -618.17235 | I60: =SUM(E60:H60) -> 3503.8277 | J60: ='BIỂU HỢP ĐỒNG'!J59 -> 330238 | L60: =+ROUND(J60*E60,0) -> 1361241036 | M60: =+ROUND(F60*J60,0) -> -204144001 | N60: =+ROUND(G60*J60,0) -> 0 | O60: =+ROUND(H60*J60,0) -> 0 | P60: =SUM(L60:O60) -> 1157097035
A61: =A60 -> TL | B61: 1.54 | C61: Bê tông lót móng SX bằng máy trộn, đổ bằng thủ công, rộng ≤250cm, M100, đá 4x6, PCB30 | D61: m3 | E61: 330 | F61: ='[4]PHỤ LỤC GIÁ HỢP ĐỒNG'!$K$26 -> -49.453788 | I61: =SUM(E61:H61) -> 280.54621 | J61: ='BIỂU HỢP ĐỒNG'!J60 -> 1191268 | L61: =+ROUND(J61*E61,0) -> 393118440 | M61: =+ROUND(F61*J61,0) -> -58912715 | N61: =+ROUND(G61*J61,0) -> 0 | O61: =+ROUND(H61*J61,0) -> 0 | P61: =SUM(L61:O61) -> 334205725
A62: =A61 -> TL | B62: 1.55 | C62: Gạch xây vữa xi măng M75 | D62: m3 | E62: 44 | I62: =SUM(E62:H62) -> 44 | J62: ='BIỂU HỢP ĐỒNG'!J61 -> 1572721 | L62: =+ROUND(J62*E62,0) -> 69199724 | M62: =+ROUND(F62*J62,0) -> 0 | N62: =+ROUND(G62*J62,0) -> 0 | O62: =+ROUND(H62*J62,0) -> 0 | P62: =SUM(L62:O62) -> 69199724
A63: =A62 -> TL | B63: 1.56 | C63: Bê tông lót móng SX bằng máy trộn, đổ bằng thủ công, rộng ≤250cm, M100, đá 4x6, PCB30 | D63: m3 | E63: 27 | I63: =SUM(E63:H63) -> 27 | J63: ='BIỂU HỢP ĐỒNG'!J62 -> 1191268 | L63: =+ROUND(J63*E63,0) -> 32164236 | M63: =+ROUND(F63*J63,0) -> 0 | N63: =+ROUND(G63*J63,0) -> 0 | O63: =+ROUND(H63*J63,0) -> 0 | P63: =SUM(L63:O63) -> 32164236
A64: =A63 -> TL | B64: 1.57 | C64: Ván khuôn móng dài | D64: 100m2 | E64: 1.97 | I64: =SUM(E64:H64) -> 1.97 | J64: ='BIỂU HỢP ĐỒNG'!J63 -> 10394299 | L64: =+ROUND(J64*E64,0) -> 20476769 | M64: =+ROUND(F64*J64,0) -> 0 | N64: =+ROUND(G64*J64,0) -> 0 | O64: =+ROUND(H64*J64,0) -> 0 | P64: =SUM(L64:O64) -> 20476769
A65: =A64 -> TL | B65: 1.58 | C65: Bê tông lót móng SX bằng máy trộn, đổ bằng thủ công, rộng ≤250cm, M100, đá 4x6, PCB30 | D65: m3 | E65: 11 | I65: =SUM(E65:H65) -> 11 | J65: ='BIỂU HỢP ĐỒNG'!J64 -> 1191268 | L65: =+ROUND(J65*E65,0) -> 13103948 | M65: =+ROUND(F65*J65,0) -> 0 | N65: =+ROUND(G65*J65,0) -> 0 | O65: =+ROUND(H65*J65,0) -> 0 | P65: =SUM(L65:O65) -> 13103948
A66: =A65 -> TL | B66: 1.59 | C66: Lắp đặt bó vỉa loại 1 (Bó vỉa đá KT 26x23x100cm), vữa XM M75, PCB40 | D66: m | E66: 1118 | I66: =SUM(E66:H66) -> 1118 | J66: ='BIỂU HỢP ĐỒNG'!J65 -> 320929 | L66: =+ROUND(J66*E66,0) -> 358798622 | M66: =+ROUND(F66*J66,0) -> 0 | N66: =+ROUND(G66*J66,0) -> 0 | O66: =+ROUND(H66*J66,0) -> 0 | P66: =SUM(L66:O66) -> 358798622
A67: =A66 -> TL | B67: 1.60 | C67: Ván khuôn móng dài | D67: m2 | E67: 19.14 | I67: =SUM(E67:H67) -> 19.14 | J67: ='BIỂU HỢP ĐỒNG'!J66 -> 103943 | L67: =+ROUND(J67*E67,0) -> 1989469 | M67: =+ROUND(F67*J67,0) -> 0 | N67: =+ROUND(G67*J67,0) -> 0 | O67: =+ROUND(H67*J67,0) -> 0 | P67: =SUM(L67:O67) -> 1989469
A68: =A67 -> TL | B68: 1.61 | C68: Bê tông lót móng SX bằng máy trộn, đổ bằng thủ công, rộng ≤250cm, M100, đá 4x6, PCB30 | D68: m3 | E68: 1.0685 | I68: =SUM(E68:H68) -> 1.0685 | J68: ='BIỂU HỢP ĐỒNG'!J67 -> 1191268 | L68: =+ROUND(J68*E68,0) -> 1272870 | M68: =+ROUND(F68*J68,0) -> 0 | N68: =+ROUND(G68*J68,0) -> 0 | O68: =+ROUND(H68*J68,0) -> 0 | P68: =SUM(L68:O68) -> 1272870
A69: =A68 -> TL | B69: 1.62 | C69: Lắp đặt bó vỉa loại 2 (Bó vỉa đá KT 26x23x25cm), vữa XM M75, PCB40 | D69: m | E69: 108.6 | I69: =SUM(E69:H69) -> 108.6 | J69: ='BIỂU HỢP ĐỒNG'!J68 -> 355817 | L69: =+ROUND(J69*E69,0) -> 38641726 | M69: =+ROUND(F69*J69,0) -> 0 | N69: =+ROUND(G69*J69,0) -> 0 | O69: =+ROUND(H69*J69,0) -> 0 | P69: =SUM(L69:O69) -> 38641726
A70: =A69 -> TL | B70: 1.63 | C70: Ván khuôn móng dài | D70: 100m2 | E70: 11.71 | I70: =SUM(E70:H70) -> 11.71 | J70: ='BIỂU HỢP ĐỒNG'!J69 -> 10394299 | L70: =+ROUND(J70*E70,0) -> 121717241 | M70: =+ROUND(F70*J70,0) -> 0 | N70: =+ROUND(G70*J70,0) -> 0 | O70: =+ROUND(H70*J70,0) -> 0 | P70: =SUM(L70:O70) -> 121717241
A71: =A70 -> TL | B71: 1.64 | C71: Bê tông lót móng SX bằng máy trộn, đổ bằng thủ công, rộng ≤250cm, M100, đá 4x6, PCB30 | D71: m3 | E71: 121.79 | F71: ='[4]PHỤ LỤC GIÁ HỢP ĐỒNG'!$K$138 -> 9.3035 | I71: =SUM(E71:H71) -> 131.0935 | J71: ='BIỂU HỢP ĐỒNG'!J70 -> 1191268 | L71: =+ROUND(J71*E71,0) -> 145084530 | M71: =+ROUND(F71*J71,0) -> 11082962 | N71: =+ROUND(G71*J71,0) -> 0 | O71: =+ROUND(H71*J71,0) -> 0 | P71: =SUM(L71:O71) -> 156167492
A72: =A71 -> TL | B72: 1.65 | C72: Lắp đặt bó vỉa đá loại 1 20x39x100 | D72: m | E72: 4684 | F72: ='[4]PHỤ LỤC GIÁ HỢP ĐỒNG'!$K$136 -> 493.76 | I72: =SUM(E72:H72) -> 5177.76 | J72: ='BIỂU HỢP ĐỒNG'!J71 -> 388691 | L72: =+ROUND(J72*E72,0) -> 1820628644 | M72: =+ROUND(F72*J72,0) -> 191920068 | N72: =+ROUND(G72*J72,0) -> 0 | O72: =+ROUND(H72*J72,0) -> 0 | P72: =SUM(L72:O72) -> 2012548712
A73: =A72 -> TL | B73: 1.66 | C73: Ván khuôn móng dài | D73: m2 | E73: 57 | I73: =SUM(E73:H73) -> 57 | J73: ='BIỂU HỢP ĐỒNG'!J72 -> 103943 | L73: =+ROUND(J73*E73,0) -> 5924751 | M73: =+ROUND(F73*J73,0) -> 0 | N73: =+ROUND(G73*J73,0) -> 0 | O73: =+ROUND(H73*J73,0) -> 0 | P73: =SUM(L73:O73) -> 5924751
A74: =A73 -> TL | B74: 1.67 | C74: Bê tông lót móng SX bằng máy trộn, đổ bằng thủ công, rộng ≤250cm, M100, đá 4x6, PCB30 | D74: m3 | E74: 0.34 | I74: =SUM(E74:H74) -> 0.34 | J74: ='BIỂU HỢP ĐỒNG'!J73 -> 1191268 | L74: =+ROUND(J74*E74,0) -> 405031 | M74: =+ROUND(F74*J74,0) -> 0 | N74: =+ROUND(G74*J74,0) -> 0 | O74: =+ROUND(H74*J74,0) -> 0 | P74: =SUM(L74:O74) -> 405031
A75: =A74 -> TL | B75: 1.68 | C75: Lắp đặt bó vỉa đá loại 2 20x39x25 | D75: m | E75: 57 | F75: ='[4]PHỤ LỤC GIÁ HỢP ĐỒNG'!$K$137 -> 9.42 | I75: =SUM(E75:H75) -> 66.42 | J75: ='BIỂU HỢP ĐỒNG'!J74 -> 169013 | L75: =+ROUND(J75*E75,0) -> 9633741 | M75: =+ROUND(F75*J75,0) -> 1592102 | N75: =+ROUND(G75*J75,0) -> 0 | O75: =+ROUND(H75*J75,0) -> 0 | P75: =SUM(L75:O75) -> 11225843
A76: =A75 -> TL | B76: 1.69 | C76: Vận chuyển đá bó vỉa | D76: 10m³/1km | E76: 36.93 | F76: ='[4]PHỤ LỤC GIÁ HỢP ĐỒNG'!$K$139 -> 3.8928624 | I76: =SUM(E76:H76) -> 40.822862 | J76: ='BIỂU HỢP ĐỒNG'!J75 -> 611627 | L76: =+ROUND(J76*E76,0) -> 22587385 | M76: =+ROUND(F76*J76,0) -> 2380980 | N76: =+ROUND(G76*J76,0) -> 0 | O76: =+ROUND(H76*J76,0) -> 0 | P76: =SUM(L76:O76) -> 24968365
A77: =A76 -> TL | B77: 1.70 | C77: Ca máy bốc dỡ | D77: Ca | E77: 10 | F77: ='[4]PHỤ LỤC GIÁ HỢP ĐỒNG'!$K$140 -> 1 | I77: =SUM(E77:H77) -> 11 | J77: ='BIỂU HỢP ĐỒNG'!J76 -> 1909908 | L77: =+ROUND(J77*E77,0) -> 19099080 | M77: =+ROUND(F77*J77,0) -> 1909908 | N77: =+ROUND(G77*J77,0) -> 0 | O77: =+ROUND(H77*J77,0) -> 0 | P77: =SUM(L77:O77) -> 21008988
A78: =A77 -> TL | B78: 1.71 | C78: San đất bãi thải bằng máy ủi 110CV | D78: m3 | E78: 1157 | F78: ='[4]PHỤ LỤC GIÁ HỢP ĐỒNG'!$K$141 -> 121.95872 | I78: =SUM(E78:H78) -> 1278.9587 | J78: ='BIỂU HỢP ĐỒNG'!J77 -> 2096 | L78: =+ROUND(J78*E78,0) -> 2425072 | M78: =+ROUND(F78*J78,0) -> 255625 | N78: =+ROUND(G78*J78,0) -> 0 | O78: =+ROUND(H78*J78,0) -> 0 | P78: =SUM(L78:O78) -> 2680697
A79: =A78 -> TL | B79: 1.72 | C79: Đắp đất bao dính giải phân cách | D79: 100m3 | E79: 16.44 | F79: ='[4]PHỤ LỤC GIÁ HỢP ĐỒNG'!$K$142 -> 1.7330976 | I79: =SUM(E79:H79) -> 18.173098 | J79: ='BIỂU HỢP ĐỒNG'!J78 -> 963779 | L79: =+ROUND(J79*E79,0) -> 15844527 | M79: =+ROUND(F79*J79,0) -> 1670323 | N79: =+ROUND(G79*J79,0) -> 0 | O79: =+ROUND(H79*J79,0) -> 0 | P79: =SUM(L79:O79) -> 17514850
A80: =A79 -> TL | B80: 2 | C80: NÚT GIAO (ĐOẠN QUA ĐỊA PHẬN TT BÚT SƠN) | P80: =SUM(L80:O80) -> 0
A81: =A80 -> TL | B81: 2.1 | C81: Đào khuôn đường bằng máy, đất cấp II | D81: m3 | E81: 1152.7 | F81: ='[4]PHỤ LỤC GIÁ HỢP ĐỒNG'!$I$150 -> 41.90085 | I81: =SUM(E81:H81) -> 1194.6009 | J81: ='BIỂU HỢP ĐỒNG'!J80 -> 20072 | L81: =+ROUND(J81*E81,0) -> 23136994 | M81: =+ROUND(F81*J81,0) -> 841034 | N81: =+ROUND(G81*J81,0) -> 0 | O81: =+ROUND(H81*J81,0) -> 0 | P81: =SUM(L81:O81) -> 23978028
A82: =A81 -> TL | B82: 2.2 | C82: Đào mặt đường cũ bằng máy | D82: m3 | E82: 572 | F82: ='[4]PHỤ LỤC GIÁ HỢP ĐỒNG'!$K$151 -> 344.19615 | I82: =SUM(E82:H82) -> 916.19615 | J82: ='BIỂU HỢP ĐỒNG'!J81 -> 30610 | L82: =+ROUND(J82*E82,0) -> 17508920 | M82: =+ROUND(F82*J82,0) -> 10535844 | N82: =+ROUND(G82*J82,0) -> 0 | O82: =+ROUND(H82*J82,0) -> 0 | P82: =SUM(L82:O82) -> 28044764
A83: =A82 -> TL | B83: 2.3 | C83: Xáo xới nền đường K95 | D83: m3 | E83: 778 | F83: ='[4]PHỤ LỤC GIÁ HỢP ĐỒNG'!$K$29 -> -700.78395 | I83: =SUM(E83:H83) -> 77.21605 | J83: ='BIỂU HỢP ĐỒNG'!J82 -> 12342 | L83: =+ROUND(J83*E83,0) -> 9602076 | M83: =+ROUND(F83*J83,0) -> -8649076 | N83: =+ROUND(G83*J83,0) -> 0 | O83: =+ROUND(H83*J83,0) -> 0 | P83: =SUM(L83:O83) -> 953000
A84: =A83 -> TL | B84: 2.4 | C84: Lu lèn 30cm nền đường đã xáo xới, đầm chặt K95 | D84: m3 | E84: 778 | F84: ='[4]PHỤ LỤC GIÁ HỢP ĐỒNG'!$K$30 -> -700.78395 | I84: =SUM(E84:H84) -> 77.21605 | J84: ='BIỂU HỢP ĐỒNG'!J83 -> 12936 | L84: =+ROUND(J84*E84,0) -> 10064208 | M84: =+ROUND(F84*J84,0) -> -9065341 | N84: =+ROUND(G84*J84,0) -> 0 | O84: =+ROUND(H84*J84,0) -> 0 | P84: =SUM(L84:O84) -> 998867
A85: =A84 -> TL | B85: 2.5 | C85: Đắp nền đường máy đầm 25 tấn, độ chặt yêu cầu K=0,95 | D85: m3 | E85: 5180 | F85: ='[4]PHỤ LỤC GIÁ HỢP ĐỒNG'!$K$31 -> -3316.96 | I85: =SUM(E85:H85) -> 1863.04 | J85: ='BIỂU HỢP ĐỒNG'!J84 -> 12936 | L85: =+ROUND(J85*E85,0) -> 67008480 | M85: =+ROUND(F85*J85,0) -> -42908195 | N85: =+ROUND(G85*J85,0) -> 0 | O85: =+ROUND(H85*J85,0) -> 0 | P85: =SUM(L85:O85) -> 24100285
A86: =A85 -> TL | B86: 2.6 | C86: Đắp nền đường máy đầm 25 tấn, độ chặt yêu cầu K=0,98 | D86: m3 | E86: 1455 | F86: ='[4]PHỤ LỤC GIÁ HỢP ĐỒNG'!$K$153 -> 231.4611 | I86: =SUM(E86:H86) -> 1686.4611 | J86: ='BIỂU HỢP ĐỒNG'!J85 -> 15775 | L86: =+ROUND(J86*E86,0) -> 22952625 | M86: =+ROUND(F86*J86,0) -> 3651299 | N86: =+ROUND(G86*J86,0) -> 0 | O86: =+ROUND(H86*J86,0) -> 0 | P86: =SUM(L86:O86) -> 26603924
A87: =A86 -> TL | B87: 2.7 | C87: Mua đất để đắp K95 | D87: m3 | E87: 7082.61 | F87: ='[4]PHỤ LỤC GIÁ HỢP ĐỒNG'!$K$32 -> -4535.2794 | I87: =SUM(E87:H87) -> 2547.3306 | J87: ='BIỂU HỢP ĐỒNG'!J86 -> 50585 | L87: =+ROUND(J87*E87,0) -> 358273827 | M87: =+ROUND(F87*J87,0) -> -229417109 | N87: =+ROUND(G87*J87,0) -> 0 | O87: =+ROUND(H87*J87,0) -> 0 | P87: =SUM(L87:O87) -> 128856718
A88: =A87 -> TL | B88: 2.8 | C88: Mua đất để đắp K98 | D88: m3 | E88: 2042.24 | F88: ='[4]PHỤ LỤC GIÁ HỢP ĐỒNG'!$K$154 -> 324.8788 | I88: =SUM(E88:H88) -> 2367.1188 | J88: ='BIỂU HỢP ĐỒNG'!J87 -> 54405 | L88: =+ROUND(J88*E88,0) -> 111108067 | M88: =+ROUND(F88*J88,0) -> 17675031 | N88: =+ROUND(G88*J88,0) -> 0 | O88: =+ROUND(H88*J88,0) -> 0 | P88: =SUM(L88:O88) -> 128783098
A89: =A88 -> TL | B89: 2.9 | C89: Vận chuyển đất | D89: 10m³/1km | E89: 912.49 | F89: ='[4]PHỤ LỤC GIÁ HỢP ĐỒNG'!$K$33 -> -421.04006 | I89: =SUM(E89:H89) -> 491.44994 | J89: ='BIỂU HỢP ĐỒNG'!J88 -> 940826 | L89: =+ROUND(J89*E89,0) -> 858494317 | M89: =+ROUND(F89*J89,0) -> -396125436 | N89: =+ROUND(G89*J89,0) -> 0 | O89: =+ROUND(H89*J89,0) -> 0 | P89: =SUM(L89:O89) -> 462368881
A90: =A89 -> TL | B90: 2.10 | C90: Rải thảm mặt đường bê tông nhựa Loại C16-Chiều dày mặt đường đã lèn ép 6cm | D90: m2 | E90: 4972.4 | I90: =SUM(E90:H90) -> 4972.4 | J90: ='BIỂU HỢP ĐỒNG'!J89 -> 11015 | L90: =+ROUND(J90*E90,0) -> 54770986 | M90: =+ROUND(F90*J90,0) -> 0 | N90: =+ROUND(G90*J90,0) -> 0 | O90: =+ROUND(H90*J90,0) -> 0 | P90: =SUM(L90:O90) -> 54770986
A91: =A90 -> TL | B91: 2.11 | C91: Sản xuất đá dăm đen, bê tông nhựa hạt trung bằng trạm trộn 120T/h | D91: tấn | E91: 708.07 | I91: =SUM(E91:H91) -> 708.07 | J91: ='BIỂU HỢP ĐỒNG'!J90 -> 1646788 | L91: =+ROUND(J91*E91,0) -> 1166041179 | M91: =+ROUND(F91*J91,0) -> 0 | N91: =+ROUND(G91*J91,0) -> 0 | O91: =+ROUND(H91*J91,0) -> 0 | P91: =SUM(L91:O91) -> 1166041179
A92: =A91 -> TL | B92: 2.12 | C92: Vận chuyển đá dăm đen, bê tông nhựa từ trạm trộn đến vị trí đổ | D92: 100tấn | E92: 7.08 | I92: =SUM(E92:H92) -> 7.08 | J92: ='BIỂU HỢP ĐỒNG'!J91 -> 8873277 | L92: =+ROUND(J92*E92,0) -> 62822801 | M92: =+ROUND(F92*J92,0) -> 0 | N92: =+ROUND(G92*J92,0) -> 0 | O92: =+ROUND(H92*J92,0) -> 0 | P92: =SUM(L92:O92) -> 62822801
A93: =A92 -> TL | B93: 2.13 | C93: Tưới lớp dính bám mặt đường, nhũ tương gốc Axít, lượng nhũ tương 0,5kg/m2 | D93: m2 | E93: 4972.04 | I93: =SUM(E93:H93) -> 4972.04 | J93: ='BIỂU HỢP ĐỒNG'!J92 -> 15319 | L93: =+ROUND(J93*E93,0) -> 76166681 | M93: =+ROUND(F93*J93,0) -> 0 | N93: =+ROUND(G93*J93,0) -> 0 | O93: =+ROUND(H93*J93,0) -> 0 | P93: =SUM(L93:O93) -> 76166681
A94: =A93 -> TL | B94: 2.14 | C94: Láng mặt đường, láng nhựa 1 lớp dày 1,5cm tiêu chuẩn nhựa 1,8kg/m2 | D94: m2 | E94: 4972.4 | F94: ='[4]PHỤ LỤC GIÁ HỢP ĐỒNG'!$K$170 -> 764.4417 | I94: =SUM(E94:H94) -> 5736.8417 | J94: ='BIỂU HỢP ĐỒNG'!J93 -> 63114 | L94: =+ROUND(J94*E94,0) -> 313828054 | M94: =+ROUND(F94*J94,0) -> 48246973 | N94: =+ROUND(G94*J94,0) -> 0 | O94: =+ROUND(H94*J94,0) -> 0 | P94: =SUM(L94:O94) -> 362075027
A95: =A94 -> TL | B95: 2.15 | C95: Đá dăm tiêu chuẩn lớp trên dày 24cm | D95: m2 | E95: 4972.4 | F95: ='[4]PHỤ LỤC GIÁ HỢP ĐỒNG'!$K$171 -> 183.46601 | I95: =SUM(E95:H95) -> 5155.866 | J95: ='BIỂU HỢP ĐỒNG'!J94 -> 213590 | L95: =+ROUND(J95*E95,0) -> 1062054916 | M95: =+ROUND(F95*J95,0) -> 39186505 | N95: =+ROUND(G95*J95,0) -> 0 | O95: =+ROUND(H95*J95,0) -> 0 | P95: =SUM(L95:O95) -> 1101241421
A96: =A95 -> TL | B96: 2.16 | C96: Thi công mặt đường đá dăm nước lớp dưới, mặt đường đã lèn ép 28cm | D96: m2 | E96: 4972.4 | F96: ='[4]PHỤ LỤC GIÁ HỢP ĐỒNG'!$K$172 -> 214.04368 | I96: =SUM(E96:H96) -> 5186.4437 | J96: ='BIỂU HỢP ĐỒNG'!J95 -> 173886 | L96: =+ROUND(J96*E96,0) -> 864630746 | M96: =+ROUND(F96*J96,0) -> 37219199 | N96: =+ROUND(G96*J96,0) -> 0 | O96: =+ROUND(H96*J96,0) -> 0 | P96: =SUM(L96:O96) -> 901849945
A97: =A96 -> TL | B97: 2.17 | C97: Rải thảm mặt đường bê tông nhựa Loại C16 - Chiều dày mặt đường đã lèn ép 6cm | D97: m2 | E97: 4423.7 | F97: ='[4]PHỤ LỤC GIÁ HỢP ĐỒNG'!$K$166 -> 764.4417 | I97: =SUM(E97:H97) -> 5188.1417 | J97: ='BIỂU HỢP ĐỒNG'!J96 -> 11015 | L97: =+ROUND(J97*E97,0) -> 48727056 | M97: =+ROUND(F97*J97,0) -> 8420325 | N97: =+ROUND(G97*J97,0) -> 0 | O97: =+ROUND(H97*J97,0) -> 0 | P97: =SUM(L97:O97) -> 57147381
A98: =A97 -> TL | B98: 2.18 | C98: Sản xuất đá dăm đen, bê tông nhựa hạt trung bằng trạm trộn 120T/h | D98: tấn | E98: 629.93 | F98: ='[4]PHỤ LỤC GIÁ HỢP ĐỒNG'!$K$167 -> 108.8565 | I98: =SUM(E98:H98) -> 738.7865 | J98: ='BIỂU HỢP ĐỒNG'!J97 -> 1646788 | L98: =+ROUND(J98*E98,0) -> 1037361165 | M98: =+ROUND(F98*J98,0) -> 179263575 | N98: =+ROUND(G98*J98,0) -> 0 | O98: =+ROUND(H98*J98,0) -> 0 | P98: =SUM(L98:O98) -> 1216624740
A99: =A98 -> TL | B99: 2.19 | C99: Vận chuyển đá dăm đen, bê tông nhựa từ trạm trộn đến vị trí đổ | D99: 100tấn | E99: 6.3 | F99: ='[4]PHỤ LỤC GIÁ HỢP ĐỒNG'!$K$168 -> 1.088565 | I99: =SUM(E99:H99) -> 7.388565 | J99: ='BIỂU HỢP ĐỒNG'!J98 -> 8873277 | L99: =+ROUND(J99*E99,0) -> 55901645 | M99: =+ROUND(F99*J99,0) -> 9659139 | N99: =+ROUND(G99*J99,0) -> 0 | O99: =+ROUND(H99*J99,0) -> 0 | P99: =SUM(L99:O99) -> 65560784
A100: =A99 -> TL | B100: 2.20 | C100: Tưới lớp dính bám mặt đường, nhũ tương gốc Axít, lượng nhũ tương 0,5kg/m2 | D100: m2 | E100: 4423.7 | F100: ='[4]PHỤ LỤC GIÁ HỢP ĐỒNG'!$K$169 -> 764.4417 | I100: =SUM(E100:H100) -> 5188.1417 | J100: ='BIỂU HỢP ĐỒNG'!J99 -> 15319 | L100: =+ROUND(J100*E100,0) -> 67766660 | M100: =+ROUND(F100*J100,0) -> 11710482 | N100: =+ROUND(G100*J100,0) -> 0 | O100: =+ROUND(H100*J100,0) -> 0 | P100: =SUM(L100:O100) -> 79477142
A101: =A100 -> TL | B101: 2.21 | C101: Bù vênh bằng đá dăm tiêu chuẩn loại 1 | D101: m2 | E101: 91.6 | F101: ='[4]PHỤ LỤC GIÁ HỢP ĐỒNG'!$K$174 -> 18.31013 | I101: =SUM(E101:H101) -> 109.91013 | J101: ='BIỂU HỢP ĐỒNG'!J100 -> 213590 | L101: =+ROUND(J101*E101,0) -> 19564844 | M101: =+ROUND(F101*J101,0) -> 3910861 | N101: =+ROUND(G101*J101,0) -> 0 | O101: =+ROUND(H101*J101,0) -> 0 | P101: =SUM(L101:O101) -> 23475705
A102: =A101 -> TL | B102: 2.22 | C102: Đào hữu cơ | D102: m3 | F102: 1834.3616 | J102: =J13 -> 8251
...

Sheet Sheet1
