Workbook

Sheet Tong hop vat tu
A1: BẢNG TỔNG HỢP VẬT TƯ CÁC TUYẾN
A2: Dự án: Xử lý khẩn cấp kè biển khu du lịch Hải Tiến, xã Hoằng Tiến
A3: Nguồn số liệu: Du_toan_Hoang_Tien_26.08.2026_TAC.xlsx, sheet 'Vật liệu'
A5: STT | B5: Tên vật tư | C5: Đơn vị | D5: Khối lượng vật tư theo từng tuyến / hạng mục | L5: Thành tiền (đ) | M5: Đơn giá bình quân (đ)
D6: Thanh thải | E6: Kè bờ tuyến 1 | F6: Kè bờ tuyến 2A | G6: Kè bờ tuyến 2B | H6: Kè bờ tuyến 2C | I6: Kè bờ tuyến 3 | J6: Bãi đúc cấu kiện | K6: Tổng khối lượng
A7: 1 | B7: Bó vỉa đá 100x20x38cm | C7: m | D7: =SUMIFS('Thanh thai'!$E$6:$E$10,'Thanh thai'!$H$6:$H$10,"Bó vỉa đá 100x20x38cm|m") -> 0 | E7: =SUMIFS('Tuyen 1'!$E$6:$E$321,'Tuyen 1'!$H$6:$H$321,"Bó vỉa đá 100x20x38cm|m") -> 149.65 | F7: =SUMIFS('Tuyen 2A'!$E$6:$E$347,'Tuyen 2A'!$H$6:$H$347,"Bó vỉa đá 100x20x38cm|m") -> 61.5 | G7: =SUMIFS('Tuyen 2B'!$E$6:$E$277,'Tuyen 2B'!$H$6:$H$277,"Bó vỉa đá 100x20x38cm|m") -> 468.425 | H7: =SUMIFS('Tuyen 2C'!$E$6:$E$306,'Tuyen 2C'!$H$6:$H$306,"Bó vỉa đá 100x20x38cm|m") -> 0 | I7: =SUMIFS('Tuyen 3'!$E$6:$E$281,'Tuyen 3'!$H$6:$H$281,"Bó vỉa đá 100x20x38cm|m") -> 0 | J7: =SUMIFS('Bai duc CK'!$E$6:$E$27,'Bai duc CK'!$H$6:$H$27,"Bó vỉa đá 100x20x38cm|m") -> 0 | K7: =SUM(D7:J7) -> 679.575 | L7: =SUMIFS('Thanh thai'!$G$6:$G$10,'Thanh thai'!$H$6:$H$10,"Bó vỉa đá 100x20x38cm|m")+SUMIFS('Tuyen 1'!$G$6:$G$321,'Tuyen 1'!$H$6:$H$321,"Bó vỉa đá 100x20x38cm|m")+SUMIFS('Tuyen 2A'!$G$6:$G$347,'Tuyen 2A'!$H$6:$H$347,"Bó vỉa đá 100x20x38cm|m")+SUMIFS('Tuyen 2B'!$G$6:$G$277,'Tuyen 2B'!$H$6:$H$277,"Bó vỉa đá 100x20x38cm|m")+SUMIFS('Tuyen 2C'!$G$6:$G$306,'Tuyen 2C'!$H$6:$H$306,"Bó vỉa đá 100x20x38cm|m")+SUMIFS('Tuyen 3'!$G$6:$G$281,'Tuyen 3'!$H$6:$H$281,"Bó vỉa đá 100x20x38cm|m")+SUMIFS('Bai duc CK'!$G$6:$G$27,'Bai duc CK'!$H$6:$H$27,"Bó vỉa đá 100x20x38cm|m") -> 356776875 | M7: =IF(K7=0,0,L7/K7) -> 525000
A8: 2 | B8: Bột đá (4,75%) | C8: kg | D8: =SUMIFS('Thanh thai'!$E$6:$E$10,'Thanh thai'!$H$6:$H$10,"Bột đá (4,75%)|kg") -> 0 | E8: =SUMIFS('Tuyen 1'!$E$6:$E$321,'Tuyen 1'!$H$6:$H$321,"Bột đá (4,75%)|kg") -> 14187.491 | F8: =SUMIFS('Tuyen 2A'!$E$6:$E$347,'Tuyen 2A'!$H$6:$H$347,"Bột đá (4,75%)|kg") -> 1505.0413 | G8: =SUMIFS('Tuyen 2B'!$E$6:$E$277,'Tuyen 2B'!$H$6:$H$277,"Bột đá (4,75%)|kg") -> 9113.4739 | H8: =SUMIFS('Tuyen 2C'!$E$6:$E$306,'Tuyen 2C'!$H$6:$H$306,"Bột đá (4,75%)|kg") -> 0 | I8: =SUMIFS('Tuyen 3'!$E$6:$E$281,'Tuyen 3'!$H$6:$H$281,"Bột đá (4,75%)|kg") -> 0 | J8: =SUMIFS('Bai duc CK'!$E$6:$E$27,'Bai duc CK'!$H$6:$H$27,"Bột đá (4,75%)|kg") -> 0 | K8: =SUM(D8:J8) -> 24806.007 | L8: =SUMIFS('Thanh thai'!$G$6:$G$10,'Thanh thai'!$H$6:$H$10,"Bột đá (4,75%)|kg")+SUMIFS('Tuyen 1'!$G$6:$G$321,'Tuyen 1'!$H$6:$H$321,"Bột đá (4,75%)|kg")+SUMIFS('Tuyen 2A'!$G$6:$G$347,'Tuyen 2A'!$H$6:$H$347,"Bột đá (4,75%)|kg")+SUMIFS('Tuyen 2B'!$G$6:$G$277,'Tuyen 2B'!$H$6:$H$277,"Bột đá (4,75%)|kg")+SUMIFS('Tuyen 2C'!$G$6:$G$306,'Tuyen 2C'!$H$6:$H$306,"Bột đá (4,75%)|kg")+SUMIFS('Tuyen 3'!$G$6:$G$281,'Tuyen 3'!$H$6:$H$281,"Bột đá (4,75%)|kg")+SUMIFS('Bai duc CK'!$G$6:$G$27,'Bai duc CK'!$H$6:$H$27,"Bột đá (4,75%)|kg") -> 17885131 | M8: =IF(K8=0,0,L8/K8) -> 721
A9: 3 | B9: Bu lông | C9: cái | D9: =SUMIFS('Thanh thai'!$E$6:$E$10,'Thanh thai'!$H$6:$H$10,"Bu lông|cái") -> 0 | E9: =SUMIFS('Tuyen 1'!$E$6:$E$321,'Tuyen 1'!$H$6:$H$321,"Bu lông|cái") -> 0 | F9: =SUMIFS('Tuyen 2A'!$E$6:$E$347,'Tuyen 2A'!$H$6:$H$347,"Bu lông|cái") -> 25.71528 | G9: =SUMIFS('Tuyen 2B'!$E$6:$E$277,'Tuyen 2B'!$H$6:$H$277,"Bu lông|cái") -> 0 | H9: =SUMIFS('Tuyen 2C'!$E$6:$E$306,'Tuyen 2C'!$H$6:$H$306,"Bu lông|cái") -> 25.71528 | I9: =SUMIFS('Tuyen 3'!$E$6:$E$281,'Tuyen 3'!$H$6:$H$281,"Bu lông|cái") -> 25.71528 | J9: =SUMIFS('Bai duc CK'!$E$6:$E$27,'Bai duc CK'!$H$6:$H$27,"Bu lông|cái") -> 0 | K9: =SUM(D9:J9) -> 77.14584 | L9: =SUMIFS('Thanh thai'!$G$6:$G$10,'Thanh thai'!$H$6:$H$10,"Bu lông|cái")+SUMIFS('Tuyen 1'!$G$6:$G$321,'Tuyen 1'!$H$6:$H$321,"Bu lông|cái")+SUMIFS('Tuyen 2A'!$G$6:$G$347,'Tuyen 2A'!$H$6:$H$347,"Bu lông|cái")+SUMIFS('Tuyen 2B'!$G$6:$G$277,'Tuyen 2B'!$H$6:$H$277,"Bu lông|cái")+SUMIFS('Tuyen 2C'!$G$6:$G$306,'Tuyen 2C'!$H$6:$H$306,"Bu lông|cái")+SUMIFS('Tuyen 3'!$G$6:$G$281,'Tuyen 3'!$H$6:$H$281,"Bu lông|cái")+SUMIFS('Bai duc CK'!$G$6:$G$27,'Bai duc CK'!$H$6:$H$27,"Bu lông|cái") -> 192864.6 | M9: =IF(K9=0,0,L9/K9) -> 2500
A10: 4 | B10: Cấp phối đá dăm loại 1 | C10: m3 | D10: =SUMIFS('Thanh thai'!$E$6:$E$10,'Thanh thai'!$H$6:$H$10,"Cấp phối đá dăm loại 1|m3") -> 0 | E10: =SUMIFS('Tuyen 1'!$E$6:$E$321,'Tuyen 1'!$H$6:$H$321,"Cấp phối đá dăm loại 1|m3") -> 0 | F10: =SUMIFS('Tuyen 2A'!$E$6:$E$347,'Tuyen 2A'!$H$6:$H$347,"Cấp phối đá dăm loại 1|m3") -> 39.0744 | G10: =SUMIFS('Tuyen 2B'!$E$6:$E$277,'Tuyen 2B'!$H$6:$H$277,"Cấp phối đá dăm loại 1|m3") -> 236.6038 | H10: =SUMIFS('Tuyen 2C'!$E$6:$E$306,'Tuyen 2C'!$H$6:$H$306,"Cấp phối đá dăm loại 1|m3") -> 0 | I10: =SUMIFS('Tuyen 3'!$E$6:$E$281,'Tuyen 3'!$H$6:$H$281,"Cấp phối đá dăm loại 1|m3") -> 0 | J10: =SUMIFS('Bai duc CK'!$E$6:$E$27,'Bai duc CK'!$H$6:$H$27,"Cấp phối đá dăm loại 1|m3") -> 211.519 | K10: =SUM(D10:J10) -> 487.1972 | L10: =SUMIFS('Thanh thai'!$G$6:$G$10,'Thanh thai'!$H$6:$H$10,"Cấp phối đá dăm loại 1|m3")+SUMIFS('Tuyen 1'!$G$6:$G$321,'Tuyen 1'!$H$6:$H$321,"Cấp phối đá dăm loại 1|m3")+SUMIFS('Tuyen 2A'!$G$6:$G$347,'Tuyen 2A'!$H$6:$H$347,"Cấp phối đá dăm loại 1|m3")+SUMIFS('Tuyen 2B'!$G$6:$G$277,'Tuyen 2B'!$H$6:$H$277,"Cấp phối đá dăm loại 1|m3")+SUMIFS('Tuyen 2C'!$G$6:$G$306,'Tuyen 2C'!$H$6:$H$306,"Cấp phối đá dăm loại 1|m3")+SUMIFS('Tuyen 3'!$G$6:$G$281,'Tuyen 3'!$H$6:$H$281,"Cấp phối đá dăm loại 1|m3")+SUMIFS('Bai duc CK'!$G$6:$G$27,'Bai duc CK'!$H$6:$H$27,"Cấp phối đá dăm loại 1|m3") -> 1.6952562e+08 | M10: =IF(K10=0,0,L10/K10) -> 347961
A11: 5 | B11: Cấp phối đá dăm loại 2 | C11: m3 | D11: =SUMIFS('Thanh thai'!$E$6:$E$10,'Thanh thai'!$H$6:$H$10,"Cấp phối đá dăm loại 2|m3") -> 0 | E11: =SUMIFS('Tuyen 1'!$E$6:$E$321,'Tuyen 1'!$H$6:$H$321,"Cấp phối đá dăm loại 2|m3") -> 0 | F11: =SUMIFS('Tuyen 2A'!$E$6:$E$347,'Tuyen 2A'!$H$6:$H$347,"Cấp phối đá dăm loại 2|m3") -> 78.1488 | G11: =SUMIFS('Tuyen 2B'!$E$6:$E$277,'Tuyen 2B'!$H$6:$H$277,"Cấp phối đá dăm loại 2|m3") -> 473.2076 | H11: =SUMIFS('Tuyen 2C'!$E$6:$E$306,'Tuyen 2C'!$H$6:$H$306,"Cấp phối đá dăm loại 2|m3") -> 0 | I11: =SUMIFS('Tuyen 3'!$E$6:$E$281,'Tuyen 3'!$H$6:$H$281,"Cấp phối đá dăm loại 2|m3") -> 0 | J11: =SUMIFS('Bai duc CK'!$E$6:$E$27,'Bai duc CK'!$H$6:$H$27,"Cấp phối đá dăm loại 2|m3") -> 1930.5648 | K11: =SUM(D11:J11) -> 2481.9212 | L11: =SUMIFS('Thanh thai'!$G$6:$G$10,'Thanh thai'!$H$6:$H$10,"Cấp phối đá dăm loại 2|m3")+SUMIFS('Tuyen 1'!$G$6:$G$321,'Tuyen 1'!$H$6:$H$321,"Cấp phối đá dăm loại 2|m3")+SUMIFS('Tuyen 2A'!$G$6:$G$347,'Tuyen 2A'!$H$6:$H$347,"Cấp phối đá dăm loại 2|m3")+SUMIFS('Tuyen 2B'!$G$6:$G$277,'Tuyen 2B'!$H$6:$H$277,"Cấp phối đá dăm loại 2|m3")+SUMIFS('Tuyen 2C'!$G$6:$G$306,'Tuyen 2C'!$H$6:$H$306,"Cấp phối đá dăm loại 2|m3")+SUMIFS('Tuyen 3'!$G$6:$G$281,'Tuyen 3'!$H$6:$H$281,"Cấp phối đá dăm loại 2|m3")+SUMIFS('Bai duc CK'!$G$6:$G$27,'Bai duc CK'!$H$6:$H$27,"Cấp phối đá dăm loại 2|m3") -> 8.1848797e+08 | M11: =IF(K11=0,0,L11/K11) -> 329780
A12: 6 | B12: Cát mịn ML=1,5÷2,0 | C12: m3 | D12: =SUMIFS('Thanh thai'!$E$6:$E$10,'Thanh thai'!$H$6:$H$10,"Cát mịn ML=1,5÷2,0|m3") -> 0 | E12: =SUMIFS('Tuyen 1'!$E$6:$E$321,'Tuyen 1'!$H$6:$H$321,"Cát mịn ML=1,5÷2,0|m3") -> 47.881433 | F12: =SUMIFS('Tuyen 2A'!$E$6:$E$347,'Tuyen 2A'!$H$6:$H$347,"Cát mịn ML=1,5÷2,0|m3") -> 53.460183 | G12: =SUMIFS('Tuyen 2B'!$E$6:$E$277,'Tuyen 2B'!$H$6:$H$277,"Cát mịn ML=1,5÷2,0|m3") -> 101.63834 | H12: =SUMIFS('Tuyen 2C'!$E$6:$E$306,'Tuyen 2C'!$H$6:$H$306,"Cát mịn ML=1,5÷2,0|m3") -> 37.73252 | I12: =SUMIFS('Tuyen 3'!$E$6:$E$281,'Tuyen 3'!$H$6:$H$281,"Cát mịn ML=1,5÷2,0|m3") -> 44.568177 | J12: =SUMIFS('Bai duc CK'!$E$6:$E$27,'Bai duc CK'!$H$6:$H$27,"Cát mịn ML=1,5÷2,0|m3") -> 0 | K12: =SUM(D12:J12) -> 285.28066 | L12: =SUMIFS('Thanh thai'!$G$6:$G$10,'Thanh thai'!$H$6:$H$10,"Cát mịn ML=1,5÷2,0|m3")+SUMIFS('Tuyen 1'!$G$6:$G$321,'Tuyen 1'!$H$6:$H$321,"Cát mịn ML=1,5÷2,0|m3")+SUMIFS('Tuyen 2A'!$G$6:$G$347,'Tuyen 2A'!$H$6:$H$347,"Cát mịn ML=1,5÷2,0|m3")+SUMIFS('Tuyen 2B'!$G$6:$G$277,'Tuyen 2B'!$H$6:$H$277,"Cát mịn ML=1,5÷2,0|m3")+SUMIFS('Tuyen 2C'!$G$6:$G$306,'Tuyen 2C'!$H$6:$H$306,"Cát mịn ML=1,5÷2,0|m3")+SUMIFS('Tuyen 3'!$G$6:$G$281,'Tuyen 3'!$H$6:$H$281,"Cát mịn ML=1,5÷2,0|m3")+SUMIFS('Bai duc CK'!$G$6:$G$27,'Bai duc CK'!$H$6:$H$27,"Cát mịn ML=1,5÷2,0|m3") -> 72723745 | M12: =IF(K12=0,0,L12/K12) -> 254920
A13: 7 | B13: Cát nền | C13: m3 | D13: =SUMIFS('Thanh thai'!$E$6:$E$10,'Thanh thai'!$H$6:$H$10,"Cát nền|m3") -> 0 | E13: =SUMIFS('Tuyen 1'!$E$6:$E$321,'Tuyen 1'!$H$6:$H$321,"Cát nền|m3") -> 0 | F13: =SUMIFS('Tuyen 2A'!$E$6:$E$347,'Tuyen 2A'!$H$6:$H$347,"Cát nền|m3") -> 0 | G13: =SUMIFS('Tuyen 2B'!$E$6:$E$277,'Tuyen 2B'!$H$6:$H$277,"Cát nền|m3") -> 0 | H13: =SUMIFS('Tuyen 2C'!$E$6:$E$306,'Tuyen 2C'!$H$6:$H$306,"Cát nền|m3") -> 21.707338 | I13: =SUMIFS('Tuyen 3'!$E$6:$E$281,'Tuyen 3'!$H$6:$H$281,"Cát nền|m3") -> 15741.355 | J13: =SUMIFS('Bai duc CK'!$E$6:$E$27,'Bai duc CK'!$H$6:$H$27,"Cát nền|m3") -> 0 | K13: =SUM(D13:J13) -> 15763.062 | L13: =SUMIFS('Thanh thai'!$G$6:$G$10,'Thanh thai'!$H$6:$H$10,"Cát nền|m3")+SUMIFS('Tuyen 1'!$G$6:$G$321,'Tuyen 1'!$H$6:$H$321,"Cát nền|m3")+SUMIFS('Tuyen 2A'!$G$6:$G$347,'Tuyen 2A'!$H$6:$H$347,"Cát nền|m3")+SUMIFS('Tuyen 2B'!$G$6:$G$277,'Tuyen 2B'!$H$6:$H$277,"Cát nền|m3")+SUMIFS('Tuyen 2C'!$G$6:$G$306,'Tuyen 2C'!$H$6:$H$306,"Cát nền|m3")+SUMIFS('Tuyen 3'!$G$6:$G$281,'Tuyen 3'!$H$6:$H$281,"Cát nền|m3")+SUMIFS('Bai duc CK'!$G$6:$G$27,'Bai duc CK'!$H$6:$H$27,"Cát nền|m3") -> 1.8915675e+09 | M13: =IF(K13=0,0,L13/K13) -> 120000
A14: 8 | B14: Cát vàng | C14: m3 | D14: =SUMIFS('Thanh thai'!$E$6:$E$10,'Thanh thai'!$H$6:$H$10,"Cát vàng|m3") -> 0 | E14: =SUMIFS('Tuyen 1'!$E$6:$E$321,'Tuyen 1'!$H$6:$H$321,"Cát vàng|m3") -> 2295.1093 | F14: =SUMIFS('Tuyen 2A'!$E$6:$E$347,'Tuyen 2A'!$H$6:$H$347,"Cát vàng|m3") -> 3281.3221 | G14: =SUMIFS('Tuyen 2B'!$E$6:$E$277,'Tuyen 2B'!$H$6:$H$277,"Cát vàng|m3") -> 3989.3966 | H14: =SUMIFS('Tuyen 2C'!$E$6:$E$306,'Tuyen 2C'!$H$6:$H$306,"Cát vàng|m3") -> 2924.3949 | I14: =SUMIFS('Tuyen 3'!$E$6:$E$281,'Tuyen 3'!$H$6:$H$281,"Cát vàng|m3") -> 3441.4248 | J14: =SUMIFS('Bai duc CK'!$E$6:$E$27,'Bai duc CK'!$H$6:$H$27,"Cát vàng|m3") -> 168.59169 | K14: =SUM(D14:J14) -> 16100.239 | L14: =SUMIFS('Thanh thai'!$G$6:$G$10,'Thanh thai'!$H$6:$H$10,"Cát vàng|m3")+SUMIFS('Tuyen 1'!$G$6:$G$321,'Tuyen 1'!$H$6:$H$321,"Cát vàng|m3")+SUMIFS('Tuyen 2A'!$G$6:$G$347,'Tuyen 2A'!$H$6:$H$347,"Cát vàng|m3")+SUMIFS('Tuyen 2B'!$G$6:$G$277,'Tuyen 2B'!$H$6:$H$277,"Cát vàng|m3")+SUMIFS('Tuyen 2C'!$G$6:$G$306,'Tuyen 2C'!$H$6:$H$306,"Cát vàng|m3")+SUMIFS('Tuyen 3'!$G$6:$G$281,'Tuyen 3'!$H$6:$H$281,"Cát vàng|m3")+SUMIFS('Bai duc CK'!$G$6:$G$27,'Bai duc CK'!$H$6:$H$27,"Cát vàng|m3") -> 8.0223468e+09 | M14: =IF(K14=0,0,L14/K14) -> 498275
A15: 9 | B15: Cọc cừ máng BT dự ứng lực, chiều cao 30-50cm | C15: m | D15: =SUMIFS('Thanh thai'!$E$6:$E$10,'Thanh thai'!$H$6:$H$10,"Cọc cừ máng BT dự ứng lực, chiều cao 30-50cm|m") -> 0 | E15: =SUMIFS('Tuyen 1'!$E$6:$E$321,'Tuyen 1'!$H$6:$H$321,"Cọc cừ máng BT dự ứng lực, chiều cao 30-50cm|m") -> 0 | F15: =SUMIFS('Tuyen 2A'!$E$6:$E$347,'Tuyen 2A'!$H$6:$H$347,"Cọc cừ máng BT dự ứng lực, chiều cao 30-50cm|m") -> 339.36 | G15: =SUMIFS('Tuyen 2B'!$E$6:$E$277,'Tuyen 2B'!$H$6:$H$277,"Cọc cừ máng BT dự ứng lực, chiều cao 30-50cm|m") -> 0 | H15: =SUMIFS('Tuyen 2C'!$E$6:$E$306,'Tuyen 2C'!$H$6:$H$306,"Cọc cừ máng BT dự ứng lực, chiều cao 30-50cm|m") -> 294.92 | I15: =SUMIFS('Tuyen 3'!$E$6:$E$281,'Tuyen 3'!$H$6:$H$281,"Cọc cừ máng BT dự ứng lực, chiều cao 30-50cm|m") -> 585.8 | J15: =SUMIFS('Bai duc CK'!$E$6:$E$27,'Bai duc CK'!$H$6:$H$27,"Cọc cừ máng BT dự ứng lực, chiều cao 30-50cm|m") -> 0 | K15: =SUM(D15:J15) -> 1220.08 | L15: =SUMIFS('Thanh thai'!$G$6:$G$10,'Thanh thai'!$H$6:$H$10,"Cọc cừ máng BT dự ứng lực, chiều cao 30-50cm|m")+SUMIFS('Tuyen 1'!$G$6:$G$321,'Tuyen 1'!$H$6:$H$321,"Cọc cừ máng BT dự ứng lực, chiều cao 30-50cm|m")+SUMIFS('Tuyen 2A'!$G$6:$G$347,'Tuyen 2A'!$H$6:$H$347,"Cọc cừ máng BT dự ứng lực, chiều cao 30-50cm|m")+SUMIFS('Tuyen 2B'!$G$6:$G$277,'Tuyen 2B'!$H$6:$H$277,"Cọc cừ máng BT dự ứng lực, chiều cao 30-50cm|m")+SUMIFS('Tuyen 2C'!$G$6:$G$306,'Tuyen 2C'!$H$6:$H$306,"Cọc cừ máng BT dự ứng lực, chiều cao 30-50cm|m")+SUMIFS('Tuyen 3'!$G$6:$G$281,'Tuyen 3'!$H$6:$H$281,"Cọc cừ máng BT dự ứng lực, chiều cao 30-50cm|m")+SUMIFS('Bai duc CK'!$G$6:$G$27,'Bai duc CK'!$H$6:$H$27,"Cọc cừ máng BT dự ứng lực, chiều cao 30-50cm|m") -> 3172208000 | M15: =IF(K15=0,0,L15/K15) -> 2600000
A16: 10 | B16: Cọc định vị | C16: kg | D16: =SUMIFS('Thanh thai'!$E$6:$E$10,'Thanh thai'!$H$6:$H$10,"Cọc định vị|kg") -> 0 | E16: =SUMIFS('Tuyen 1'!$E$6:$E$321,'Tuyen 1'!$H$6:$H$321,"Cọc định vị|kg") -> 8.83584 | F16: =SUMIFS('Tuyen 2A'!$E$6:$E$347,'Tuyen 2A'!$H$6:$H$347,"Cọc định vị|kg") -> 12.805 | G16: =SUMIFS('Tuyen 2B'!$E$6:$E$277,'Tuyen 2B'!$H$6:$H$277,"Cọc định vị|kg") -> 12.78888 | H16: =SUMIFS('Tuyen 2C'!$E$6:$E$306,'Tuyen 2C'!$H$6:$H$306,"Cọc định vị|kg") -> 11.70338 | I16: =SUMIFS('Tuyen 3'!$E$6:$E$281,'Tuyen 3'!$H$6:$H$281,"Cọc định vị|kg") -> 12.58998 | J16: =SUMIFS('Bai duc CK'!$E$6:$E$27,'Bai duc CK'!$H$6:$H$27,"Cọc định vị|kg") -> 0 | K16: =SUM(D16:J16) -> 58.72308 | L16: =SUMIFS('Thanh thai'!$G$6:$G$10,'Thanh thai'!$H$6:$H$10,"Cọc định vị|kg")+SUMIFS('Tuyen 1'!$G$6:$G$321,'Tuyen 1'!$H$6:$H$321,"Cọc định vị|kg")+SUMIFS('Tuyen 2A'!$G$6:$G$347,'Tuyen 2A'!$H$6:$H$347,"Cọc định vị|kg")+SUMIFS('Tuyen 2B'!$G$6:$G$277,'Tuyen 2B'!$H$6:$H$277,"Cọc định vị|kg")+SUMIFS('Tuyen 2C'!$G$6:$G$306,'Tuyen 2C'!$H$6:$H$306,"Cọc định vị|kg")+SUMIFS('Tuyen 3'!$G$6:$G$281,'Tuyen 3'!$H$6:$H$281,"Cọc định vị|kg")+SUMIFS('Bai duc CK'!$G$6:$G$27,'Bai duc CK'!$H$6:$H$27,"Cọc định vị|kg") -> 806267.89 | M16: =IF(K16=0,0,L16/K16) -> 13730
A17: 11 | B17: Cọc tiếp địa, thép L63x63 | C17: bộ | D17: =SUMIFS('Thanh thai'!$E$6:$E$10,'Thanh thai'!$H$6:$H$10,"Cọc tiếp địa, thép L63x63|bộ") -> 0 | E17: =SUMIFS('Tuyen 1'!$E$6:$E$321,'Tuyen 1'!$H$6:$H$321,"Cọc tiếp địa, thép L63x63|bộ") -> 4 | F17: =SUMIFS('Tuyen 2A'!$E$6:$E$347,'Tuyen 2A'!$H$6:$H$347,"Cọc tiếp địa, thép L63x63|bộ") -> 0 | G17: =SUMIFS('Tuyen 2B'!$E$6:$E$277,'Tuyen 2B'!$H$6:$H$277,"Cọc tiếp địa, thép L63x63|bộ") -> 0 | H17: =SUMIFS('Tuyen 2C'!$E$6:$E$306,'Tuyen 2C'!$H$6:$H$306,"Cọc tiếp địa, thép L63x63|bộ") -> 0 | I17: =SUMIFS('Tuyen 3'!$E$6:$E$281,'Tuyen 3'!$H$6:$H$281,"Cọc tiếp địa, thép L63x63|bộ") -> 0 | J17: =SUMIFS('Bai duc CK'!$E$6:$E$27,'Bai duc CK'!$H$6:$H$27,"Cọc tiếp địa, thép L63x63|bộ") -> 0 | K17: =SUM(D17:J17) -> 4 | L17: =SUMIFS('Thanh thai'!$G$6:$G$10,'Thanh thai'!$H$6:$H$10,"Cọc tiếp địa, thép L63x63|bộ")+SUMIFS('Tuyen 1'!$G$6:$G$321,'Tuyen 1'!$H$6:$H$321,"Cọc tiếp địa, thép L63x63|bộ")+SUMIFS('Tuyen 2A'!$G$6:$G$347,'Tuyen 2A'!$H$6:$H$347,"Cọc tiếp địa, thép L63x63|bộ")+SUMIFS('Tuyen 2B'!$G$6:$G$277,'Tuyen 2B'!$H$6:$H$277,"Cọc tiếp địa, thép L63x63|bộ")+SUMIFS('Tuyen 2C'!$G$6:$G$306,'Tuyen 2C'!$H$6:$H$306,"Cọc tiếp địa, thép L63x63|bộ")+SUMIFS('Tuyen 3'!$G$6:$G$281,'Tuyen 3'!$H$6:$H$281,"Cọc tiếp địa, thép L63x63|bộ")+SUMIFS('Bai duc CK'!$G$6:$G$27,'Bai duc CK'!$H$6:$H$27,"Cọc tiếp địa, thép L63x63|bộ") -> 3680000 | M17: =IF(K17=0,0,L17/K17) -> 920000
A18: 12 | B18: Cồn rửa | C18: kg | D18: =SUMIFS('Thanh thai'!$E$6:$E$10,'Thanh thai'!$H$6:$H$10,"Cồn rửa|kg") -> 0 | E18: =SUMIFS('Tuyen 1'!$E$6:$E$321,'Tuyen 1'!$H$6:$H$321,"Cồn rửa|kg") -> 1.208649 | F18: =SUMIFS('Tuyen 2A'!$E$6:$E$347,'Tuyen 2A'!$H$6:$H$347,"Cồn rửa|kg") -> 2.704078 | G18: =SUMIFS('Tuyen 2B'!$E$6:$E$277,'Tuyen 2B'!$H$6:$H$277,"Cồn rửa|kg") -> 3.508063 | H18: =SUMIFS('Tuyen 2C'!$E$6:$E$306,'Tuyen 2C'!$H$6:$H$306,"Cồn rửa|kg") -> 2.389595 | I18: =SUMIFS('Tuyen 3'!$E$6:$E$281,'Tuyen 3'!$H$6:$H$281,"Cồn rửa|kg") -> 2.822495 | J18: =SUMIFS('Bai duc CK'!$E$6:$E$27,'Bai duc CK'!$H$6:$H$27,"Cồn rửa|kg") -> 0 | K18: =SUM(D18:J18) -> 12.63288 | L18: =SUMIFS('Thanh thai'!$G$6:$G$10,'Thanh thai'!$H$6:$H$10,"Cồn rửa|kg")+SUMIFS('Tuyen 1'!$G$6:$G$321,'Tuyen 1'!$H$6:$H$321,"Cồn rửa|kg")+SUMIFS('Tuyen 2A'!$G$6:$G$347,'Tuyen 2A'!$H$6:$H$347,"Cồn rửa|kg")+SUMIFS('Tuyen 2B'!$G$6:$G$277,'Tuyen 2B'!$H$6:$H$277,"Cồn rửa|kg")+SUMIFS('Tuyen 2C'!$G$6:$G$306,'Tuyen 2C'!$H$6:$H$306,"Cồn rửa|kg")+SUMIFS('Tuyen 3'!$G$6:$G$281,'Tuyen 3'!$H$6:$H$281,"Cồn rửa|kg")+SUMIFS('Bai duc CK'!$G$6:$G$27,'Bai duc CK'!$H$6:$H$27,"Cồn rửa|kg") -> 189493.2 | M18: =IF(K18=0,0,L18/K18) -> 15000
A19: 13 | B19: Cột chống thép ống | C19: kg | D19: =SUMIFS('Thanh thai'!$E$6:$E$10,'Thanh thai'!$H$6:$H$10,"Cột chống thép ống|kg") -> 0 | E19: =SUMIFS('Tuyen 1'!$E$6:$E$321,'Tuyen 1'!$H$6:$H$321,"Cột chống thép ống|kg") -> 227.88776 | F19: =SUMIFS('Tuyen 2A'!$E$6:$E$347,'Tuyen 2A'!$H$6:$H$347,"Cột chống thép ống|kg") -> 373.36392 | G19: =SUMIFS('Tuyen 2B'!$E$6:$E$277,'Tuyen 2B'!$H$6:$H$277,"Cột chống thép ống|kg") -> 429.7251 | H19: =SUMIFS('Tuyen 2C'!$E$6:$E$306,'Tuyen 2C'!$H$6:$H$306,"Cột chống thép ống|kg") -> 15585.15 | I19: =SUMIFS('Tuyen 3'!$E$6:$E$281,'Tuyen 3'!$H$6:$H$281,"Cột chống thép ống|kg") -> 373.72738 | J19: =SUMIFS('Bai duc CK'!$E$6:$E$27,'Bai duc CK'!$H$6:$H$27,"Cột chống thép ống|kg") -> 0 | K19: =SUM(D19:J19) -> 16989.854 | L19: =SUMIFS('Thanh thai'!$G$6:$G$10,'Thanh thai'!$H$6:$H$10,"Cột chống thép ống|kg")+SUMIFS('Tuyen 1'!$G$6:$G$321,'Tuyen 1'!$H$6:$H$321,"Cột chống thép ống|kg")+SUMIFS('Tuyen 2A'!$G$6:$G$347,'Tuyen 2A'!$H$6:$H$347,"Cột chống thép ống|kg")+SUMIFS('Tuyen 2B'!$G$6:$G$277,'Tuyen 2B'!$H$6:$H$277,"Cột chống thép ống|kg")+SUMIFS('Tuyen 2C'!$G$6:$G$306,'Tuyen 2C'!$H$6:$H$306,"Cột chống thép ống|kg")+SUMIFS('Tuyen 3'!$G$6:$G$281,'Tuyen 3'!$H$6:$H$281,"Cột chống thép ống|kg")+SUMIFS('Bai duc CK'!$G$6:$G$27,'Bai duc CK'!$H$6:$H$27,"Cột chống thép ống|kg") -> 2.799928e+08 | M19: =IF(K19=0,0,L19/K19) -> 16480
A20: 14 | B20: Cút thép đầu cọc D34/15 | C20: cái | D20: =SUMIFS('Thanh thai'!$E$6:$E$10,'Thanh thai'!$H$6:$H$10,"Cút thép đầu cọc D34/15|cái") -> 0 | E20: =SUMIFS('Tuyen 1'!$E$6:$E$321,'Tuyen 1'!$H$6:$H$321,"Cút thép đầu cọc D34/15|cái") -> 0 | F20: =SUMIFS('Tuyen 2A'!$E$6:$E$347,'Tuyen 2A'!$H$6:$H$347,"Cút thép đầu cọc D34/15|cái") -> 1.4784 | G20: =SUMIFS('Tuyen 2B'!$E$6:$E$277,'Tuyen 2B'!$H$6:$H$277,"Cút thép đầu cọc D34/15|cái") -> 0 | H20: =SUMIFS('Tuyen 2C'!$E$6:$E$306,'Tuyen 2C'!$H$6:$H$306,"Cút thép đầu cọc D34/15|cái") -> 1.2848 | I20: =SUMIFS('Tuyen 3'!$E$6:$E$281,'Tuyen 3'!$H$6:$H$281,"Cút thép đầu cọc D34/15|cái") -> 2.552 | J20: =SUMIFS('Bai duc CK'!$E$6:$E$27,'Bai duc CK'!$H$6:$H$27,"Cút thép đầu cọc D34/15|cái") -> 0 | K20: =SUM(D20:J20) -> 5.3152 | L20: =SUMIFS('Thanh thai'!$G$6:$G$10,'Thanh thai'!$H$6:$H$10,"Cút thép đầu cọc D34/15|cái")+SUMIFS('Tuyen 1'!$G$6:$G$321,'Tuyen 1'!$H$6:$H$321,"Cút thép đầu cọc D34/15|cái")+SUMIFS('Tuyen 2A'!$G$6:$G$347,'Tuyen 2A'!$H$6:$H$347,"Cút thép đầu cọc D34/15|cái")+SUMIFS('Tuyen 2B'!$G$6:$G$277,'Tuyen 2B'!$H$6:$H$277,"Cút thép đầu cọc D34/15|cái")+SUMIFS('Tuyen 2C'!$G$6:$G$306,'Tuyen 2C'!$H$6:$H$306,"Cút thép đầu cọc D34/15|cái")+SUMIFS('Tuyen 3'!$G$6:$G$281,'Tuyen 3'!$H$6:$H$281,"Cút thép đầu cọc D34/15|cái")+SUMIFS('Bai duc CK'!$G$6:$G$27,'Bai duc CK'!$H$6:$H$27,"Cút thép đầu cọc D34/15|cái") -> 104018.46 | M20: =IF(K20=0,0,L20/K20) -> 19570
A21: 15 | B21: Đá 1x2 | C21: m3 | D21: =SUMIFS('Thanh thai'!$E$6:$E$10,'Thanh thai'!$H$6:$H$10,"Đá 1x2|m3") -> 0 | E21: =SUMIFS('Tuyen 1'!$E$6:$E$321,'Tuyen 1'!$H$6:$H$321,"Đá 1x2|m3") -> 0 | F21: =SUMIFS('Tuyen 2A'!$E$6:$E$347,'Tuyen 2A'!$H$6:$H$347,"Đá 1x2|m3") -> 0 | G21: =SUMIFS('Tuyen 2B'!$E$6:$E$277,'Tuyen 2B'!$H$6:$H$277,"Đá 1x2|m3") -> 0 | H21: =SUMIFS('Tuyen 2C'!$E$6:$E$306,'Tuyen 2C'!$H$6:$H$306,"Đá 1x2|m3") -> 0 | I21: =SUMIFS('Tuyen 3'!$E$6:$E$281,'Tuyen 3'!$H$6:$H$281,"Đá 1x2|m3") -> 0 | J21: =SUMIFS('Bai duc CK'!$E$6:$E$27,'Bai duc CK'!$H$6:$H$27,"Đá 1x2|m3") -> 0 | K21: =SUM(D21:J21) -> 0 | L21: =SUMIFS('Thanh thai'!$G$6:$G$10,'Thanh thai'!$H$6:$H$10,"Đá 1x2|m3")+SUMIFS('Tuyen 1'!$G$6:$G$321,'Tuyen 1'!$H$6:$H$321,"Đá 1x2|m3")+SUMIFS('Tuyen 2A'!$G$6:$G$347,'Tuyen 2A'!$H$6:$H$347,"Đá 1x2|m3")+SUMIFS('Tuyen 2B'!$G$6:$G$277,'Tuyen 2B'!$H$6:$H$277,"Đá 1x2|m3")+SUMIFS('Tuyen 2C'!$G$6:$G$306,'Tuyen 2C'!$H$6:$H$306,"Đá 1x2|m3")+SUMIFS('Tuyen 3'!$G$6:$G$281,'Tuyen 3'!$H$6:$H$281,"Đá 1x2|m3")+SUMIFS('Bai duc CK'!$G$6:$G$27,'Bai duc CK'!$H$6:$H$27,"Đá 1x2|m3") -> 0 | M21: =IF(K21=0,0,L21/K21) -> 0
A22: 16 | B22: Đá 2x4 | C22: m3 | D22: =SUMIFS('Thanh thai'!$E$6:$E$10,'Thanh thai'!$H$6:$H$10,"Đá 2x4|m3") -> 0 | E22: =SUMIFS('Tuyen 1'!$E$6:$E$321,'Tuyen 1'!$H$6:$H$321,"Đá 2x4|m3") -> 3723.7243 | F22: =SUMIFS('Tuyen 2A'!$E$6:$E$347,'Tuyen 2A'!$H$6:$H$347,"Đá 2x4|m3") -> 5323.7268 | G22: =SUMIFS('Tuyen 2B'!$E$6:$E$277,'Tuyen 2B'!$H$6:$H$277,"Đá 2x4|m3") -> 6472.7483 | H22: =SUMIFS('Tuyen 2C'!$E$6:$E$306,'Tuyen 2C'!$H$6:$H$306,"Đá 2x4|m3") -> 4744.5683 | I22: =SUMIFS('Tuyen 3'!$E$6:$E$281,'Tuyen 3'!$H$6:$H$281,"Đá 2x4|m3") -> 5583.4059 | J22: =SUMIFS('Bai duc CK'!$E$6:$E$27,'Bai duc CK'!$H$6:$H$27,"Đá 2x4|m3") -> 273.43566 | K22: =SUM(D22:J22) -> 26121.609 | L22: =SUMIFS('Thanh thai'!$G$6:$G$10,'Thanh thai'!$H$6:$H$10,"Đá 2x4|m3")+SUMIFS('Tuyen 1'!$G$6:$G$321,'Tuyen 1'!$H$6:$H$321,"Đá 2x4|m3")+SUMIFS('Tuyen 2A'!$G$6:$G$347,'Tuyen 2A'!$H$6:$H$347,"Đá 2x4|m3")+SUMIFS('Tuyen 2B'!$G$6:$G$277,'Tuyen 2B'!$H$6:$H$277,"Đá 2x4|m3")+SUMIFS('Tuyen 2C'!$G$6:$G$306,'Tuyen 2C'!$H$6:$H$306,"Đá 2x4|m3")+SUMIFS('Tuyen 3'!$G$6:$G$281,'Tuyen 3'!$H$6:$H$281,"Đá 2x4|m3")+SUMIFS('Bai duc CK'!$G$6:$G$27,'Bai duc CK'!$H$6:$H$27,"Đá 2x4|m3") -> 1.2300196e+10 | M22: =IF(K22=0,0,L22/K22) -> 470882.02
A23: 17 | B23: Đá 4x6 | C23: m3 | D23: =SUMIFS('Thanh thai'!$E$6:$E$10,'Thanh thai'!$H$6:$H$10,"Đá 4x6|m3") -> 0 | E23: =SUMIFS('Tuyen 1'!$E$6:$E$321,'Tuyen 1'!$H$6:$H$321,"Đá 4x6|m3") -> 2612.7431 | F23: =SUMIFS('Tuyen 2A'!$E$6:$E$347,'Tuyen 2A'!$H$6:$H$347,"Đá 4x6|m3") -> 3873.196 | G23: =SUMIFS('Tuyen 2B'!$E$6:$E$277,'Tuyen 2B'!$H$6:$H$277,"Đá 4x6|m3") -> 4940.9683 | H23: =SUMIFS('Tuyen 2C'!$E$6:$E$306,'Tuyen 2C'!$H$6:$H$306,"Đá 4x6|m3") -> 3478.728 | I23: =SUMIFS('Tuyen 3'!$E$6:$E$281,'Tuyen 3'!$H$6:$H$281,"Đá 4x6|m3") -> 4072.42 | J23: =SUMIFS('Bai duc CK'!$E$6:$E$27,'Bai duc CK'!$H$6:$H$27,"Đá 4x6|m3") -> 0 | K23: =SUM(D23:J23) -> 18978.055 | L23: =SUMIFS('Thanh thai'!$G$6:$G$10,'Thanh thai'!$H$6:$H$10,"Đá 4x6|m3")+SUMIFS('Tuyen 1'!$G$6:$G$321,'Tuyen 1'!$H$6:$H$321,"Đá 4x6|m3")+SUMIFS('Tuyen 2A'!$G$6:$G$347,'Tuyen 2A'!$H$6:$H$347,"Đá 4x6|m3")+SUMIFS('Tuyen 2B'!$G$6:$G$277,'Tuyen 2B'!$H$6:$H$277,"Đá 4x6|m3")+SUMIFS('Tuyen 2C'!$G$6:$G$306,'Tuyen 2C'!$H$6:$H$306,"Đá 4x6|m3")+SUMIFS('Tuyen 3'!$G$6:$G$281,'Tuyen 3'!$H$6:$H$281,"Đá 4x6|m3")+SUMIFS('Bai duc CK'!$G$6:$G$27,'Bai duc CK'!$H$6:$H$27,"Đá 4x6|m3") -> 7.0298323e+09 | M23: =IF(K23=0,0,L23/K23) -> 370419
A24: 18 | B24: Đá dăm 0,5x1 BTC (32,47%) | C24: m3 | D24: =SUMIFS('Thanh thai'!$E$6:$E$10,'Thanh thai'!$H$6:$H$10,"Đá dăm 0,5x1 BTC (32,47%)|m3") -> 0 | E24: =SUMIFS('Tuyen 1'!$E$6:$E$321,'Tuyen 1'!$H$6:$H$321,"Đá dăm 0,5x1 BTC (32,47%)|m3") -> 65.702898 | F24: =SUMIFS('Tuyen 2A'!$E$6:$E$347,'Tuyen 2A'!$H$6:$H$347,"Đá dăm 0,5x1 BTC (32,47%)|m3") -> 6.9699125 | G24: =SUMIFS('Tuyen 2B'!$E$6:$E$277,'Tuyen 2B'!$H$6:$H$277,"Đá dăm 0,5x1 BTC (32,47%)|m3") -> 42.2049 | H24: =SUMIFS('Tuyen 2C'!$E$6:$E$306,'Tuyen 2C'!$H$6:$H$306,"Đá dăm 0,5x1 BTC (32,47%)|m3") -> 0 | I24: =SUMIFS('Tuyen 3'!$E$6:$E$281,'Tuyen 3'!$H$6:$H$281,"Đá dăm 0,5x1 BTC (32,47%)|m3") -> 0 | J24: =SUMIFS('Bai duc CK'!$E$6:$E$27,'Bai duc CK'!$H$6:$H$27,"Đá dăm 0,5x1 BTC (32,47%)|m3") -> 0 | K24: =SUM(D24:J24) -> 114.87771 | L24: =SUMIFS('Thanh thai'!$G$6:$G$10,'Thanh thai'!$H$6:$H$10,"Đá dăm 0,5x1 BTC (32,47%)|m3")+SUMIFS('Tuyen 1'!$G$6:$G$321,'Tuyen 1'!$H$6:$H$321,"Đá dăm 0,5x1 BTC (32,47%)|m3")+SUMIFS('Tuyen 2A'!$G$6:$G$347,'Tuyen 2A'!$H$6:$H$347,"Đá dăm 0,5x1 BTC (32,47%)|m3")+SUMIFS('Tuyen 2B'!$G$6:$G$277,'Tuyen 2B'!$H$6:$H$277,"Đá dăm 0,5x1 BTC (32,47%)|m3")+SUMIFS('Tuyen 2C'!$G$6:$G$306,'Tuyen 2C'!$H$6:$H$306,"Đá dăm 0,5x1 BTC (32,47%)|m3")+SUMIFS('Tuyen 3'!$G$6:$G$281,'Tuyen 3'!$H$6:$H$281,"Đá dăm 0,5x1 BTC (32,47%)|m3")+SUMIFS('Bai duc CK'!$G$6:$G$27,'Bai duc CK'!$H$6:$H$27,"Đá dăm 0,5x1 BTC (32,47%)|m3") -> 40255332 | M24: =IF(K24=0,0,L24/K24) -> 350419
A25: 19 | B25: Đá dăm 1x2 BTN (27,69%) | C25: m3 | D25: =SUMIFS('Thanh thai'!$E$6:$E$10,'Thanh thai'!$H$6:$H$10,"Đá dăm 1x2 BTN (27,69%)|m3") -> 0 | E25: =SUMIFS('Tuyen 1'!$E$6:$E$321,'Tuyen 1'!$H$6:$H$321,"Đá dăm 1x2 BTN (27,69%)|m3") -> 75.05199 | F25: =SUMIFS('Tuyen 2A'!$E$6:$E$347,'Tuyen 2A'!$H$6:$H$347,"Đá dăm 1x2 BTN (27,69%)|m3") -> 7.9616853 | G25: =SUMIFS('Tuyen 2B'!$E$6:$E$277,'Tuyen 2B'!$H$6:$H$277,"Đá dăm 1x2 BTN (27,69%)|m3") -> 48.21038 | H25: =SUMIFS('Tuyen 2C'!$E$6:$E$306,'Tuyen 2C'!$H$6:$H$306,"Đá dăm 1x2 BTN (27,69%)|m3") -> 0 | I25: =SUMIFS('Tuyen 3'!$E$6:$E$281,'Tuyen 3'!$H$6:$H$281,"Đá dăm 1x2 BTN (27,69%)|m3") -> 0 | J25: =SUMIFS('Bai duc CK'!$E$6:$E$27,'Bai duc CK'!$H$6:$H$27,"Đá dăm 1x2 BTN (27,69%)|m3") -> 0 | K25: =SUM(D25:J25) -> 131.22406 | L25: =SUMIFS('Thanh thai'!$G$6:$G$10,'Thanh thai'!$H$6:$H$10,"Đá dăm 1x2 BTN (27,69%)|m3")+SUMIFS('Tuyen 1'!$G$6:$G$321,'Tuyen 1'!$H$6:$H$321,"Đá dăm 1x2 BTN (27,69%)|m3")+SUMIFS('Tuyen 2A'!$G$6:$G$347,'Tuyen 2A'!$H$6:$H$347,"Đá dăm 1x2 BTN (27,69%)|m3")+SUMIFS('Tuyen 2B'!$G$6:$G$277,'Tuyen 2B'!$H$6:$H$277,"Đá dăm 1x2 BTN (27,69%)|m3")+SUMIFS('Tuyen 2C'!$G$6:$G$306,'Tuyen 2C'!$H$6:$H$306,"Đá dăm 1x2 BTN (27,69%)|m3")+SUMIFS('Tuyen 3'!$G$6:$G$281,'Tuyen 3'!$H$6:$H$281,"Đá dăm 1x2 BTN (27,69%)|m3")+SUMIFS('Bai duc CK'!$G$6:$G$27,'Bai duc CK'!$H$6:$H$27,"Đá dăm 1x2 BTN (27,69%)|m3") -> 52818601 | M25: =IF(K25=0,0,L25/K25) -> 402507
A26: 20 | B26: Đá hộc 100-200kg | C26: m3 | D26: =SUMIFS('Thanh thai'!$E$6:$E$10,'Thanh thai'!$H$6:$H$10,"Đá hộc 100-200kg|m3") -> 0 | E26: =SUMIFS('Tuyen 1'!$E$6:$E$321,'Tuyen 1'!$H$6:$H$321,"Đá hộc 100-200kg|m3") -> 528.5236 | F26: =SUMIFS('Tuyen 2A'!$E$6:$E$347,'Tuyen 2A'!$H$6:$H$347,"Đá hộc 100-200kg|m3") -> 806.3002 | G26: =SUMIFS('Tuyen 2B'!$E$6:$E$277,'Tuyen 2B'!$H$6:$H$277,"Đá hộc 100-200kg|m3") -> 824.7305 | H26: =SUMIFS('Tuyen 2C'!$E$6:$E$306,'Tuyen 2C'!$H$6:$H$306,"Đá hộc 100-200kg|m3") -> 743.8338 | I26: =SUMIFS('Tuyen 3'!$E$6:$E$281,'Tuyen 3'!$H$6:$H$281,"Đá hộc 100-200kg|m3") -> 1093.4784 | J26: =SUMIFS('Bai duc CK'!$E$6:$E$27,'Bai duc CK'!$H$6:$H$27,"Đá hộc 100-200kg|m3") -> 0 | K26: =SUM(D26:J26) -> 3996.8665 | L26: =SUMIFS('Thanh thai'!$G$6:$G$10,'Thanh thai'!$H$6:$H$10,"Đá hộc 100-200kg|m3")+SUMIFS('Tuyen 1'!$G$6:$G$321,'Tuyen 1'!$H$6:$H$321,"Đá hộc 100-200kg|m3")+SUMIFS('Tuyen 2A'!$G$6:$G$347,'Tuyen 2A'!$H$6:$H$347,"Đá hộc 100-200kg|m3")+SUMIFS('Tuyen 2B'!$G$6:$G$277,'Tuyen 2B'!$H$6:$H$277,"Đá hộc 100-200kg|m3")+SUMIFS('Tuyen 2C'!$G$6:$G$306,'Tuyen 2C'!$H$6:$H$306,"Đá hộc 100-200kg|m3")+SUMIFS('Tuyen 3'!$G$6:$G$281,'Tuyen 3'!$H$6:$H$281,"Đá hộc 100-200kg|m3")+SUMIFS('Bai duc CK'!$G$6:$G$27,'Bai duc CK'!$H$6:$H$27,"Đá hộc 100-200kg|m3") -> 1.516595e+09 | M26: =IF(K26=0,0,L26/K26) -> 379446
A27: 21 | B27: Đá hộc hỗn hợp | C27: m3 | D27: =SUMIFS('Thanh thai'!$E$6:$E$10,'Thanh thai'!$H$6:$H$10,"Đá hộc hỗn hợp|m3") -> 0 | E27: =SUMIFS('Tuyen 1'!$E$6:$E$321,'Tuyen 1'!$H$6:$H$321,"Đá hộc hỗn hợp|m3") -> 15301.816 | F27: =SUMIFS('Tuyen 2A'!$E$6:$E$347,'Tuyen 2A'!$H$6:$H$347,"Đá hộc hỗn hợp|m3") -> 22385.277 | G27: =SUMIFS('Tuyen 2B'!$E$6:$E$277,'Tuyen 2B'!$H$6:$H$277,"Đá hộc hỗn hợp|m3") -> 27446.491 | H27: =SUMIFS('Tuyen 2C'!$E$6:$E$306,'Tuyen 2C'!$H$6:$H$306,"Đá hộc hỗn hợp|m3") -> 20228.073 | I27: =SUMIFS('Tuyen 3'!$E$6:$E$281,'Tuyen 3'!$H$6:$H$281,"Đá hộc hỗn hợp|m3") -> 23993.233 | J27: =SUMIFS('Bai duc CK'!$E$6:$E$27,'Bai duc CK'!$H$6:$H$27,"Đá hộc hỗn hợp|m3") -> 0 | K27: =SUM(D27:J27) -> 109354.89 | L27: =SUMIFS('Thanh thai'!$G$6:$G$10,'Thanh thai'!$H$6:$H$10,"Đá hộc hỗn hợp|m3")+SUMIFS('Tuyen 1'!$G$6:$G$321,'Tuyen 1'!$H$6:$H$321,"Đá hộc hỗn hợp|m3")+SUMIFS('Tuyen 2A'!$G$6:$G$347,'Tuyen 2A'!$H$6:$H$347,"Đá hộc hỗn hợp|m3")+SUMIFS('Tuyen 2B'!$G$6:$G$277,'Tuyen 2B'!$H$6:$H$277,"Đá hộc hỗn hợp|m3")+SUMIFS('Tuyen 2C'!$G$6:$G$306,'Tuyen 2C'!$H$6:$H$306,"Đá hộc hỗn hợp|m3")+SUMIFS('Tuyen 3'!$G$6:$G$281,'Tuyen 3'!$H$6:$H$281,"Đá hộc hỗn hợp|m3")+SUMIFS('Bai duc CK'!$G$6:$G$27,'Bai duc CK'!$H$6:$H$27,"Đá hộc hỗn hợp|m3") -> 4.1494276e+10 | M27: =IF(K27=0,0,L27/K27) -> 379446
A28: 22 | B28: Đá mạt BTN (30,59) | C28: m3 | D28: =SUMIFS('Thanh thai'!$E$6:$E$10,'Thanh thai'!$H$6:$H$10,"Đá mạt BTN (30,59)|m3") -> 0 | E28: =SUMIFS('Tuyen 1'!$E$6:$E$321,'Tuyen 1'!$H$6:$H$321,"Đá mạt BTN (30,59)|m3") -> 56.031315 | F28: =SUMIFS('Tuyen 2A'!$E$6:$E$347,'Tuyen 2A'!$H$6:$H$347,"Đá mạt BTN (30,59)|m3") -> 5.943929 | G28: =SUMIFS('Tuyen 2B'!$E$6:$E$277,'Tuyen 2B'!$H$6:$H$277,"Đá mạt BTN (30,59)|m3") -> 35.992264 | H28: =SUMIFS('Tuyen 2C'!$E$6:$E$306,'Tuyen 2C'!$H$6:$H$306,"Đá mạt BTN (30,59)|m3") -> 0 | I28: =SUMIFS('Tuyen 3'!$E$6:$E$281,'Tuyen 3'!$H$6:$H$281,"Đá mạt BTN (30,59)|m3") -> 0 | J28: =SUMIFS('Bai duc CK'!$E$6:$E$27,'Bai duc CK'!$H$6:$H$27,"Đá mạt BTN (30,59)|m3") -> 0 | K28: =SUM(D28:J28) -> 97.967508 | L28: =SUMIFS('Thanh thai'!$G$6:$G$10,'Thanh thai'!$H$6:$H$10,"Đá mạt BTN (30,59)|m3")+SUMIFS('Tuyen 1'!$G$6:$G$321,'Tuyen 1'!$H$6:$H$321,"Đá mạt BTN (30,59)|m3")+SUMIFS('Tuyen 2A'!$G$6:$G$347,'Tuyen 2A'!$H$6:$H$347,"Đá mạt BTN (30,59)|m3")+SUMIFS('Tuyen 2B'!$G$6:$G$277,'Tuyen 2B'!$H$6:$H$277,"Đá mạt BTN (30,59)|m3")+SUMIFS('Tuyen 2C'!$G$6:$G$306,'Tuyen 2C'!$H$6:$H$306,"Đá mạt BTN (30,59)|m3")+SUMIFS('Tuyen 3'!$G$6:$G$281,'Tuyen 3'!$H$6:$H$281,"Đá mạt BTN (30,59)|m3")+SUMIFS('Bai duc CK'!$G$6:$G$27,'Bai duc CK'!$H$6:$H$27,"Đá mạt BTN (30,59)|m3") -> 28451626 | M28: =IF(K28=0,0,L28/K28) -> 290419
A29: 23 | B29: Đất đắp | C29: m3 | D29: =SUMIFS('Thanh thai'!$E$6:$E$10,'Thanh thai'!$H$6:$H$10,"Đất đắp|m3") -> 0 | E29: =SUMIFS('Tuyen 1'!$E$6:$E$321,'Tuyen 1'!$H$6:$H$321,"Đất đắp|m3") -> 0 | F29: =SUMIFS('Tuyen 2A'!$E$6:$E$347,'Tuyen 2A'!$H$6:$H$347,"Đất đắp|m3") -> 4.7869196 | G29: =SUMIFS('Tuyen 2B'!$E$6:$E$277,'Tuyen 2B'!$H$6:$H$277,"Đất đắp|m3") -> 5.4806537 | H29: =SUMIFS('Tuyen 2C'!$E$6:$E$306,'Tuyen 2C'!$H$6:$H$306,"Đất đắp|m3") -> 1.1601936 | I29: =SUMIFS('Tuyen 3'!$E$6:$E$281,'Tuyen 3'!$H$6:$H$281,"Đất đắp|m3") -> 5.816101 | J29: =SUMIFS('Bai duc CK'!$E$6:$E$27,'Bai duc CK'!$H$6:$H$27,"Đất đắp|m3") -> 0 | K29: =SUM(D29:J29) -> 17.243868 | L29: =SUMIFS('Thanh thai'!$G$6:$G$10,'Thanh thai'!$H$6:$H$10,"Đất đắp|m3")+SUMIFS('Tuyen 1'!$G$6:$G$321,'Tuyen 1'!$H$6:$H$321,"Đất đắp|m3")+SUMIFS('Tuyen 2A'!$G$6:$G$347,'Tuyen 2A'!$H$6:$H$347,"Đất đắp|m3")+SUMIFS('Tuyen 2B'!$G$6:$G$277,'Tuyen 2B'!$H$6:$H$277,"Đất đắp|m3")+SUMIFS('Tuyen 2C'!$G$6:$G$306,'Tuyen 2C'!$H$6:$H$306,"Đất đắp|m3")+SUMIFS('Tuyen 3'!$G$6:$G$281,'Tuyen 3'!$H$6:$H$281,"Đất đắp|m3")+SUMIFS('Bai duc CK'!$G$6:$G$27,'Bai duc CK'!$H$6:$H$27,"Đất đắp|m3") -> 862193.39 | M29: =IF(K29=0,0,L29/K29) -> 50000
A30: 24 | B30: Dầu bảo ôn | C30: lít | D30: =SUMIFS('Thanh thai'!$E$6:$E$10,'Thanh thai'!$H$6:$H$10,"Dầu bảo ôn|lít") -> 0 | E30: =SUMIFS('Tuyen 1'!$E$6:$E$321,'Tuyen 1'!$H$6:$H$321,"Dầu bảo ôn|lít") -> 134.37145 | F30: =SUMIFS('Tuyen 2A'!$E$6:$E$347,'Tuyen 2A'!$H$6:$H$347,"Dầu bảo ôn|lít") -> 14.254429 | G30: =SUMIFS('Tuyen 2B'!$E$6:$E$277,'Tuyen 2B'!$H$6:$H$277,"Dầu bảo ôn|lít") -> 86.314818 | H30: =SUMIFS('Tuyen 2C'!$E$6:$E$306,'Tuyen 2C'!$H$6:$H$306,"Dầu bảo ôn|lít") -> 0 | I30: =SUMIFS('Tuyen 3'!$E$6:$E$281,'Tuyen 3'!$H$6:$H$281,"Dầu bảo ôn|lít") -> 0 | J30: =SUMIFS('Bai duc CK'!$E$6:$E$27,'Bai duc CK'!$H$6:$H$27,"Dầu bảo ôn|lít") -> 0 | K30: =SUM(D30:J30) -> 234.9407 | L30: =SUMIFS('Thanh thai'!$G$6:$G$10,'Thanh thai'!$H$6:$H$10,"Dầu bảo ôn|lít")+SUMIFS('Tuyen 1'!$G$6:$G$321,'Tuyen 1'!$H$6:$H$321,"Dầu bảo ôn|lít")+SUMIFS('Tuyen 2A'!$G$6:$G$347,'Tuyen 2A'!$H$6:$H$347,"Dầu bảo ôn|lít")+SUMIFS('Tuyen 2B'!$G$6:$G$277,'Tuyen 2B'!$H$6:$H$277,"Dầu bảo ôn|lít")+SUMIFS('Tuyen 2C'!$G$6:$G$306,'Tuyen 2C'!$H$6:$H$306,"Dầu bảo ôn|lít")+SUMIFS('Tuyen 3'!$G$6:$G$281,'Tuyen 3'!$H$6:$H$281,"Dầu bảo ôn|lít")+SUMIFS('Bai duc CK'!$G$6:$G$27,'Bai duc CK'!$H$6:$H$27,"Dầu bảo ôn|lít") -> 8222924.5 | M30: =IF(K30=0,0,L30/K30) -> 35000
A31: 25 | B31: Dầu diezel | C31: lít | D31: =SUMIFS('Thanh thai'!$E$6:$E$10,'Thanh thai'!$H$6:$H$10,"Dầu diezel|lít") -> 0 | E31: =SUMIFS('Tuyen 1'!$E$6:$E$321,'Tuyen 1'!$H$6:$H$321,"Dầu diezel|lít") -> 474.25219 | F31: =SUMIFS('Tuyen 2A'!$E$6:$E$347,'Tuyen 2A'!$H$6:$H$347,"Dầu diezel|lít") -> 50.309748 | G31: =SUMIFS('Tuyen 2B'!$E$6:$E$277,'Tuyen 2B'!$H$6:$H$277,"Dầu diezel|lít") -> 304.64053 | H31: =SUMIFS('Tuyen 2C'!$E$6:$E$306,'Tuyen 2C'!$H$6:$H$306,"Dầu diezel|lít") -> 0 | I31: =SUMIFS('Tuyen 3'!$E$6:$E$281,'Tuyen 3'!$H$6:$H$281,"Dầu diezel|lít") -> 0 | J31: =SUMIFS('Bai duc CK'!$E$6:$E$27,'Bai duc CK'!$H$6:$H$27,"Dầu diezel|lít") -> 0 | K31: =SUM(D31:J31) -> 829.20247 | L31: =SUMIFS('Thanh thai'!$G$6:$G$10,'Thanh thai'!$H$6:$H$10,"Dầu diezel|lít")+SUMIFS('Tuyen 1'!$G$6:$G$321,'Tuyen 1'!$H$6:$H$321,"Dầu diezel|lít")+SUMIFS('Tuyen 2A'!$G$6:$G$347,'Tuyen 2A'!$H$6:$H$347,"Dầu diezel|lít")+SUMIFS('Tuyen 2B'!$G$6:$G$277,'Tuyen 2B'!$H$6:$H$277,"Dầu diezel|lít")+SUMIFS('Tuyen 2C'!$G$6:$G$306,'Tuyen 2C'!$H$6:$H$306,"Dầu diezel|lít")+SUMIFS('Tuyen 3'!$G$6:$G$281,'Tuyen 3'!$H$6:$H$281,"Dầu diezel|lít")+SUMIFS('Bai duc CK'!$G$6:$G$27,'Bai duc CK'!$H$6:$H$27,"Dầu diezel|lít") -> 23292297 | M31: =IF(K31=0,0,L31/K31) -> 28090
A32: 26 | B32: Dầu mazút | C32: lít | D32: =SUMIFS('Thanh thai'!$E$6:$E$10,'Thanh thai'!$H$6:$H$10,"Dầu mazút|lít") -> 0 | E32: =SUMIFS('Tuyen 1'!$E$6:$E$321,'Tuyen 1'!$H$6:$H$321,"Dầu mazút|lít") -> 2687.4291 | F32: =SUMIFS('Tuyen 2A'!$E$6:$E$347,'Tuyen 2A'!$H$6:$H$347,"Dầu mazút|lít") -> 285.08857 | G32: =SUMIFS('Tuyen 2B'!$E$6:$E$277,'Tuyen 2B'!$H$6:$H$277,"Dầu mazút|lít") -> 1726.2964 | H32: =SUMIFS('Tuyen 2C'!$E$6:$E$306,'Tuyen 2C'!$H$6:$H$306,"Dầu mazút|lít") -> 0 | I32: =SUMIFS('Tuyen 3'!$E$6:$E$281,'Tuyen 3'!$H$6:$H$281,"Dầu mazút|lít") -> 0 | J32: =SUMIFS('Bai duc CK'!$E$6:$E$27,'Bai duc CK'!$H$6:$H$27,"Dầu mazút|lít") -> 0 | K32: =SUM(D32:J32) -> 4698.814 | L32: =SUMIFS('Thanh thai'!$G$6:$G$10,'Thanh thai'!$H$6:$H$10,"Dầu mazút|lít")+SUMIFS('Tuyen 1'!$G$6:$G$321,'Tuyen 1'!$H$6:$H$321,"Dầu mazút|lít")+SUMIFS('Tuyen 2A'!$G$6:$G$347,'Tuyen 2A'!$H$6:$H$347,"Dầu mazút|lít")+SUMIFS('Tuyen 2B'!$G$6:$G$277,'Tuyen 2B'!$H$6:$H$277,"Dầu mazút|lít")+SUMIFS('Tuyen 2C'!$G$6:$G$306,'Tuyen 2C'!$H$6:$H$306,"Dầu mazút|lít")+SUMIFS('Tuyen 3'!$G$6:$G$281,'Tuyen 3'!$H$6:$H$281,"Dầu mazút|lít")+SUMIFS('Bai duc CK'!$G$6:$G$27,'Bai duc CK'!$H$6:$H$27,"Dầu mazút|lít") -> 68311358 | M32: =IF(K32=0,0,L32/K32) -> 14538
A33: 27 | B33: Dây thép | C33: kg | D33: =SUMIFS('Thanh thai'!$E$6:$E$10,'Thanh thai'!$H$6:$H$10,"Dây thép|kg") -> 0 | E33: =SUMIFS('Tuyen 1'!$E$6:$E$321,'Tuyen 1'!$H$6:$H$321,"Dây thép|kg") -> 213.57216 | F33: =SUMIFS('Tuyen 2A'!$E$6:$E$347,'Tuyen 2A'!$H$6:$H$347,"Dây thép|kg") -> 330.50602 | G33: =SUMIFS('Tuyen 2B'!$E$6:$E$277,'Tuyen 2B'!$H$6:$H$277,"Dây thép|kg") -> 375.20901 | H33: =SUMIFS('Tuyen 2C'!$E$6:$E$306,'Tuyen 2C'!$H$6:$H$306,"Dây thép|kg") -> 293.3747 | I33: =SUMIFS('Tuyen 3'!$E$6:$E$281,'Tuyen 3'!$H$6:$H$281,"Dây thép|kg") -> 332.7136 | J33: =SUMIFS('Bai duc CK'!$E$6:$E$27,'Bai duc CK'!$H$6:$H$27,"Dây thép|kg") -> 0 | K33: =SUM(D33:J33) -> 1545.3755 | L33: =SUMIFS('Thanh thai'!$G$6:$G$10,'Thanh thai'!$H$6:$H$10,"Dây thép|kg")+SUMIFS('Tuyen 1'!$G$6:$G$321,'Tuyen 1'!$H$6:$H$321,"Dây thép|kg")+SUMIFS('Tuyen 2A'!$G$6:$G$347,'Tuyen 2A'!$H$6:$H$347,"Dây thép|kg")+SUMIFS('Tuyen 2B'!$G$6:$G$277,'Tuyen 2B'!$H$6:$H$277,"Dây thép|kg")+SUMIFS('Tuyen 2C'!$G$6:$G$306,'Tuyen 2C'!$H$6:$H$306,"Dây thép|kg")+SUMIFS('Tuyen 3'!$G$6:$G$281,'Tuyen 3'!$H$6:$H$281,"Dây thép|kg")+SUMIFS('Bai duc CK'!$G$6:$G$27,'Bai duc CK'!$H$6:$H$27,"Dây thép|kg") -> 32218138 | M33: =IF(K33=0,0,L33/K33) -> 20848.097
A34: 28 | B34: Dây thép D10mm | C34: kg | D34: =SUMIFS('Thanh thai'!$E$6:$E$10,'Thanh thai'!$H$6:$H$10,"Dây thép D10mm|kg") -> 0 | E34: =SUMIFS('Tuyen 1'!$E$6:$E$321,'Tuyen 1'!$H$6:$H$321,"Dây thép D10mm|kg") -> 24.8 | F34: =SUMIFS('Tuyen 2A'!$E$6:$E$347,'Tuyen 2A'!$H$6:$H$347,"Dây thép D10mm|kg") -> 0 | G34: =SUMIFS('Tuyen 2B'!$E$6:$E$277,'Tuyen 2B'!$H$6:$H$277,"Dây thép D10mm|kg") -> 0 | H34: =SUMIFS('Tuyen 2C'!$E$6:$E$306,'Tuyen 2C'!$H$6:$H$306,"Dây thép D10mm|kg") -> 0 | I34: =SUMIFS('Tuyen 3'!$E$6:$E$281,'Tuyen 3'!$H$6:$H$281,"Dây thép D10mm|kg") -> 0 | J34: =SUMIFS('Bai duc CK'!$E$6:$E$27,'Bai duc CK'!$H$6:$H$27,"Dây thép D10mm|kg") -> 0 | K34: =SUM(D34:J34) -> 24.8 | L34: =SUMIFS('Thanh thai'!$G$6:$G$10,'Thanh thai'!$H$6:$H$10,"Dây thép D10mm|kg")+SUMIFS('Tuyen 1'!$G$6:$G$321,'Tuyen 1'!$H$6:$H$321,"Dây thép D10mm|kg")+SUMIFS('Tuyen 2A'!$G$6:$G$347,'Tuyen 2A'!$H$6:$H$347,"Dây thép D10mm|kg")+SUMIFS('Tuyen 2B'!$G$6:$G$277,'Tuyen 2B'!$H$6:$H$277,"Dây thép D10mm|kg")+SUMIFS('Tuyen 2C'!$G$6:$G$306,'Tuyen 2C'!$H$6:$H$306,"Dây thép D10mm|kg")+SUMIFS('Tuyen 3'!$G$6:$G$281,'Tuyen 3'!$H$6:$H$281,"Dây thép D10mm|kg")+SUMIFS('Bai duc CK'!$G$6:$G$27,'Bai duc CK'!$H$6:$H$27,"Dây thép D10mm|kg") -> 520800 | M34: =IF(K34=0,0,L34/K34) -> 21000
A35: 29 | B35: Gạch Terrazzo | C35: m2 | D35: =SUMIFS('Thanh thai'!$E$6:$E$10,'Thanh thai'!$H$6:$H$10,"Gạch Terrazzo|m2") -> 0 | E35: =SUMIFS('Tuyen 1'!$E$6:$E$321,'Tuyen 1'!$H$6:$H$321,"Gạch Terrazzo|m2") -> 1530.9075 | F35: =SUMIFS('Tuyen 2A'!$E$6:$E$347,'Tuyen 2A'!$H$6:$H$347,"Gạch Terrazzo|m2") -> 1776.0547 | G35: =SUMIFS('Tuyen 2B'!$E$6:$E$277,'Tuyen 2B'!$H$6:$H$277,"Gạch Terrazzo|m2") -> 3154.3209 | H35: =SUMIFS('Tuyen 2C'!$E$6:$E$306,'Tuyen 2C'!$H$6:$H$306,"Gạch Terrazzo|m2") -> 1281.0032 | I35: =SUMIFS('Tuyen 3'!$E$6:$E$281,'Tuyen 3'!$H$6:$H$281,"Gạch Terrazzo|m2") -> 1513.0709 | J35: =SUMIFS('Bai duc CK'!$E$6:$E$27,'Bai duc CK'!$H$6:$H$27,"Gạch Terrazzo|m2") -> 0 | K35: =SUM(D35:J35) -> 9255.3572 | L35: =SUMIFS('Thanh thai'!$G$6:$G$10,'Thanh thai'!$H$6:$H$10,"Gạch Terrazzo|m2")+SUMIFS('Tuyen 1'!$G$6:$G$321,'Tuyen 1'!$H$6:$H$321,"Gạch Terrazzo|m2")+SUMIFS('Tuyen 2A'!$G$6:$G$347,'Tuyen 2A'!$H$6:$H$347,"Gạch Terrazzo|m2")+SUMIFS('Tuyen 2B'!$G$6:$G$277,'Tuyen 2B'!$H$6:$H$277,"Gạch Terrazzo|m2")+SUMIFS('Tuyen 2C'!$G$6:$G$306,'Tuyen 2C'!$H$6:$H$306,"Gạch Terrazzo|m2")+SUMIFS('Tuyen 3'!$G$6:$G$281,'Tuyen 3'!$H$6:$H$281,"Gạch Terrazzo|m2")+SUMIFS('Bai duc CK'!$G$6:$G$27,'Bai duc CK'!$H$6:$H$27,"Gạch Terrazzo|m2") -> 1388303580 | M35: =IF(K35=0,0,L35/K35) -> 150000
A36: 30 | B36: Gỗ kê | C36: m3 | D36: =SUMIFS('Thanh thai'!$E$6:$E$10,'Thanh thai'!$H$6:$H$10,"Gỗ kê|m3") -> 0 | E36: =SUMIFS('Tuyen 1'!$E$6:$E$321,'Tuyen 1'!$H$6:$H$321,"Gỗ kê|m3") -> 0.0104 | F36: =SUMIFS('Tuyen 2A'!$E$6:$E$347,'Tuyen 2A'!$H$6:$H$347,"Gỗ kê|m3") -> 0 | G36: =SUMIFS('Tuyen 2B'!$E$6:$E$277,'Tuyen 2B'!$H$6:$H$277,"Gỗ kê|m3") -> 0 | H36: =SUMIFS('Tuyen 2C'!$E$6:$E$306,'Tuyen 2C'!$H$6:$H$306,"Gỗ kê|m3") -> 0 | I36: =SUMIFS('Tuyen 3'!$E$6:$E$281,'Tuyen 3'!$H$6:$H$281,"Gỗ kê|m3") -> 0 | J36: =SUMIFS('Bai duc CK'!$E$6:$E$27,'Bai duc CK'!$H$6:$H$27,"Gỗ kê|m3") -> 0 | K36: =SUM(D36:J36) -> 0.0104 | L36: =SUMIFS('Thanh thai'!$G$6:$G$10,'Thanh thai'!$H$6:$H$10,"Gỗ kê|m3")+SUMIFS('Tuyen 1'!$G$6:$G$321,'Tuyen 1'!$H$6:$H$321,"Gỗ kê|m3")+SUMIFS('Tuyen 2A'!$G$6:$G$347,'Tuyen 2A'!$H$6:$H$347,"Gỗ kê|m3")+SUMIFS('Tuyen 2B'!$G$6:$G$277,'Tuyen 2B'!$H$6:$H$277,"Gỗ kê|m3")+SUMIFS('Tuyen 2C'!$G$6:$G$306,'Tuyen 2C'!$H$6:$H$306,"Gỗ kê|m3")+SUMIFS('Tuyen 3'!$G$6:$G$281,'Tuyen 3'!$H$6:$H$281,"Gỗ kê|m3")+SUMIFS('Bai duc CK'!$G$6:$G$27,'Bai duc CK'!$H$6:$H$27,"Gỗ kê|m3") -> 30727.268 | M36: =IF(K36=0,0,L36/K36) -> 2954545
A37: 31 | B37: Khí gas | C37: kg | D37: =SUMIFS('Thanh thai'!$E$6:$E$10,'Thanh thai'!$H$6:$H$10,"Khí gas|kg") -> 0 | E37: =SUMIFS('Tuyen 1'!$E$6:$E$321,'Tuyen 1'!$H$6:$H$321,"Khí gas|kg") -> 20.05032 | F37: =SUMIFS('Tuyen 2A'!$E$6:$E$347,'Tuyen 2A'!$H$6:$H$347,"Khí gas|kg") -> 15.429168 | G37: =SUMIFS('Tuyen 2B'!$E$6:$E$277,'Tuyen 2B'!$H$6:$H$277,"Khí gas|kg") -> 0 | H37: =SUMIFS('Tuyen 2C'!$E$6:$E$306,'Tuyen 2C'!$H$6:$H$306,"Khí gas|kg") -> 15.429168 | I37: =SUMIFS('Tuyen 3'!$E$6:$E$281,'Tuyen 3'!$H$6:$H$281,"Khí gas|kg") -> 15.429168 | J37: =SUMIFS('Bai duc CK'!$E$6:$E$27,'Bai duc CK'!$H$6:$H$27,"Khí gas|kg") -> 0 | K37: =SUM(D37:J37) -> 66.337824 | L37: =SUMIFS('Thanh thai'!$G$6:$G$10,'Thanh thai'!$H$6:$H$10,"Khí gas|kg")+SUMIFS('Tuyen 1'!$G$6:$G$321,'Tuyen 1'!$H$6:$H$321,"Khí gas|kg")+SUMIFS('Tuyen 2A'!$G$6:$G$347,'Tuyen 2A'!$H$6:$H$347,"Khí gas|kg")+SUMIFS('Tuyen 2B'!$G$6:$G$277,'Tuyen 2B'!$H$6:$H$277,"Khí gas|kg")+SUMIFS('Tuyen 2C'!$G$6:$G$306,'Tuyen 2C'!$H$6:$H$306,"Khí gas|kg")+SUMIFS('Tuyen 3'!$G$6:$G$281,'Tuyen 3'!$H$6:$H$281,"Khí gas|kg")+SUMIFS('Bai duc CK'!$G$6:$G$27,'Bai duc CK'!$H$6:$H$27,"Khí gas|kg") -> 1276115.4 | M37: =IF(K37=0,0,L37/K37) -> 19236.618
A38: 32 | B38: Khung móng M24 | C38: bộ | D38: =SUMIFS('Thanh thai'!$E$6:$E$10,'Thanh thai'!$H$6:$H$10,"Khung móng M24|bộ") -> 0 | E38: =SUMIFS('Tuyen 1'!$E$6:$E$321,'Tuyen 1'!$H$6:$H$321,"Khung móng M24|bộ") -> 4 | F38: =SUMIFS('Tuyen 2A'!$E$6:$E$347,'Tuyen 2A'!$H$6:$H$347,"Khung móng M24|bộ") -> 0 | G38: =SUMIFS('Tuyen 2B'!$E$6:$E$277,'Tuyen 2B'!$H$6:$H$277,"Khung móng M24|bộ") -> 0 | H38: =SUMIFS('Tuyen 2C'!$E$6:$E$306,'Tuyen 2C'!$H$6:$H$306,"Khung móng M24|bộ") -> 0 | I38: =SUMIFS('Tuyen 3'!$E$6:$E$281,'Tuyen 3'!$H$6:$H$281,"Khung móng M24|bộ") -> 0 | J38: =SUMIFS('Bai duc CK'!$E$6:$E$27,'Bai duc CK'!$H$6:$H$27,"Khung móng M24|bộ") -> 0 | K38: =SUM(D38:J38) -> 4 | L38: =SUMIFS('Thanh thai'!$G$6:$G$10,'Thanh thai'!$H$6:$H$10,"Khung móng M24|bộ")+SUMIFS('Tuyen 1'!$G$6:$G$321,'Tuyen 1'!$H$6:$H$321,"Khung móng M24|bộ")+SUMIFS('Tuyen 2A'!$G$6:$G$347,'Tuyen 2A'!$H$6:$H$347,"Khung móng M24|bộ")+SUMIFS('Tuyen 2B'!$G$6:$G$277,'Tuyen 2B'!$H$6:$H$277,"Khung móng M24|bộ")+SUMIFS('Tuyen 2C'!$G$6:$G$306,'Tuyen 2C'!$H$6:$H$306,"Khung móng M24|bộ")+SUMIFS('Tuyen 3'!$G$6:$G$281,'Tuyen 3'!$H$6:$H$281,"Khung móng M24|bộ")+SUMIFS('Bai duc CK'!$G$6:$G$27,'Bai duc CK'!$H$6:$H$27,"Khung móng M24|bộ") -> 3320000 | M38: =IF(K38=0,0,L38/K38) -> 830000
A39: 33 | B39: Mua tấm đan làm bằng gang 1000x350mm | C39: 1 cấu kiện | D39: =SUMIFS('Thanh thai'!$E$6:$E$10,'Thanh thai'!$H$6:$H$10,"Mua tấm đan làm bằng gang 1000x350mm|1 cấu kiện") -> 0 | E39: =SUMIFS('Tuyen 1'!$E$6:$E$321,'Tuyen 1'!$H$6:$H$321,"Mua tấm đan làm bằng gang 1000x350mm|1 cấu kiện") -> 26 | F39: =SUMIFS('Tuyen 2A'!$E$6:$E$347,'Tuyen 2A'!$H$6:$H$347,"Mua tấm đan làm bằng gang 1000x350mm|1 cấu kiện") -> 41 | G39: =SUMIFS('Tuyen 2B'!$E$6:$E$277,'Tuyen 2B'!$H$6:$H$277,"Mua tấm đan làm bằng gang 1000x350mm|1 cấu kiện") -> 49 | H39: =SUMIFS('Tuyen 2C'!$E$6:$E$306,'Tuyen 2C'!$H$6:$H$306,"Mua tấm đan làm bằng gang 1000x350mm|1 cấu kiện") -> 36 | I39: =SUMIFS('Tuyen 3'!$E$6:$E$281,'Tuyen 3'!$H$6:$H$281,"Mua tấm đan làm bằng gang 1000x350mm|1 cấu kiện") -> 27 | J39: =SUMIFS('Bai duc CK'!$E$6:$E$27,'Bai duc CK'!$H$6:$H$27,"Mua tấm đan làm bằng gang 1000x350mm|1 cấu kiện") -> 0 | K39: =SUM(D39:J39) -> 179 | L39: =SUMIFS('Thanh thai'!$G$6:$G$10,'Thanh thai'!$H$6:$H$10,"Mua tấm đan làm bằng gang 1000x350mm|1 cấu kiện")+SUMIFS('Tuyen 1'!$G$6:$G$321,'Tuyen 1'!$H$6:$H$321,"Mua tấm đan làm bằng gang 1000x350mm|1 cấu kiện")+SUMIFS('Tuyen 2A'!$G$6:$G$347,'Tuyen 2A'!$H$6:$H$347,"Mua tấm đan làm bằng gang 1000x350mm|1 cấu kiện")+SUMIFS('Tuyen 2B'!$G$6:$G$277,'Tuyen 2B'!$H$6:$H$277,"Mua tấm đan làm bằng gang 1000x350mm|1 cấu kiện")+SUMIFS('Tuyen 2C'!$G$6:$G$306,'Tuyen 2C'!$H$6:$H$306,"Mua tấm đan làm bằng gang 1000x350mm|1 cấu kiện")+SUMIFS('Tuyen 3'!$G$6:$G$281,'Tuyen 3'!$H$6:$H$281,"Mua tấm đan làm bằng gang 1000x350mm|1 cấu kiện")+SUMIFS('Bai duc CK'!$G$6:$G$27,'Bai duc CK'!$H$6:$H$27,"Mua tấm đan làm bằng gang 1000x350mm|1 cấu kiện") -> 226435000 | M39: =IF(K39=0,0,L39/K39) -> 1265000
A40: 34 | B40: Nhựa dán | C40: kg | D40: =SUMIFS('Thanh thai'!$E$6:$E$10,'Thanh thai'!$H$6:$H$10,"Nhựa dán|kg") -> 0 | E40: =SUMIFS('Tuyen 1'!$E$6:$E$321,'Tuyen 1'!$H$6:$H$321,"Nhựa dán|kg") -> 0.408384 | F40: =SUMIFS('Tuyen 2A'!$E$6:$E$347,'Tuyen 2A'!$H$6:$H$347,"Nhựa dán|kg") -> 0.915026 | G40: =SUMIFS('Tuyen 2B'!$E$6:$E$277,'Tuyen 2B'!$H$6:$H$277,"Nhựa dán|kg") -> 1.186021 | H40: =SUMIFS('Tuyen 2C'!$E$6:$E$306,'Tuyen 2C'!$H$6:$H$306,"Nhựa dán|kg") -> 0.808786 | I40: =SUMIFS('Tuyen 3'!$E$6:$E$281,'Tuyen 3'!$H$6:$H$281,"Nhựa dán|kg") -> 0.955306 | J40: =SUMIFS('Bai duc CK'!$E$6:$E$27,'Bai duc CK'!$H$6:$H$27,"Nhựa dán|kg") -> 0 | K40: =SUM(D40:J40) -> 4.273523 | L40: =SUMIFS('Thanh thai'!$G$6:$G$10,'Thanh thai'!$H$6:$H$10,"Nhựa dán|kg")+SUMIFS('Tuyen 1'!$G$6:$G$321,'Tuyen 1'!$H$6:$H$321,"Nhựa dán|kg")+SUMIFS('Tuyen 2A'!$G$6:$G$347,'Tuyen 2A'!$H$6:$H$347,"Nhựa dán|kg")+SUMIFS('Tuyen 2B'!$G$6:$G$277,'Tuyen 2B'!$H$6:$H$277,"Nhựa dán|kg")+SUMIFS('Tuyen 2C'!$G$6:$G$306,'Tuyen 2C'!$H$6:$H$306,"Nhựa dán|kg")+SUMIFS('Tuyen 3'!$G$6:$G$281,'Tuyen 3'!$H$6:$H$281,"Nhựa dán|kg")+SUMIFS('Bai duc CK'!$G$6:$G$27,'Bai duc CK'!$H$6:$H$27,"Nhựa dán|kg") -> 504275.71 | M40: =IF(K40=0,0,L40/K40) -> 118000
A41: 35 | B41: Nhựa đường BTN (4,5%) | C41: kg | D41: =SUMIFS('Thanh thai'!$E$6:$E$10,'Thanh thai'!$H$6:$H$10,"Nhựa đường BTN (4,5%)|kg") -> 0 | E41: =SUMIFS('Tuyen 1'!$E$6:$E$321,'Tuyen 1'!$H$6:$H$321,"Nhựa đường BTN (4,5%)|kg") -> 14580.725 | F41: =SUMIFS('Tuyen 2A'!$E$6:$E$347,'Tuyen 2A'!$H$6:$H$347,"Nhựa đường BTN (4,5%)|kg") -> 1546.7564 | G41: =SUMIFS('Tuyen 2B'!$E$6:$E$277,'Tuyen 2B'!$H$6:$H$277,"Nhựa đường BTN (4,5%)|kg") -> 9366.0717 | H41: =SUMIFS('Tuyen 2C'!$E$6:$E$306,'Tuyen 2C'!$H$6:$H$306,"Nhựa đường BTN (4,5%)|kg") -> 0 | I41: =SUMIFS('Tuyen 3'!$E$6:$E$281,'Tuyen 3'!$H$6:$H$281,"Nhựa đường BTN (4,5%)|kg") -> 0 | J41: =SUMIFS('Bai duc CK'!$E$6:$E$27,'Bai duc CK'!$H$6:$H$27,"Nhựa đường BTN (4,5%)|kg") -> 0 | K41: =SUM(D41:J41) -> 25493.554 | L41: =SUMIFS('Thanh thai'!$G$6:$G$10,'Thanh thai'!$H$6:$H$10,"Nhựa đường BTN (4,5%)|kg")+SUMIFS('Tuyen 1'!$G$6:$G$321,'Tuyen 1'!$H$6:$H$321,"Nhựa đường BTN (4,5%)|kg")+SUMIFS('Tuyen 2A'!$G$6:$G$347,'Tuyen 2A'!$H$6:$H$347,"Nhựa đường BTN (4,5%)|kg")+SUMIFS('Tuyen 2B'!$G$6:$G$277,'Tuyen 2B'!$H$6:$H$277,"Nhựa đường BTN (4,5%)|kg")+SUMIFS('Tuyen 2C'!$G$6:$G$306,'Tuyen 2C'!$H$6:$H$306,"Nhựa đường BTN (4,5%)|kg")+SUMIFS('Tuyen 3'!$G$6:$G$281,'Tuyen 3'!$H$6:$H$281,"Nhựa đường BTN (4,5%)|kg")+SUMIFS('Bai duc CK'!$G$6:$G$27,'Bai duc CK'!$H$6:$H$27,"Nhựa đường BTN (4,5%)|kg") -> 5.3133664e+08 | M41: =IF(K41=0,0,L41/K41) -> 20842
A42: 36 | B42: Nhựa nhũ tương gốc axít 60% | C42: kg | D42: =SUMIFS('Thanh thai'!$E$6:$E$10,'Thanh thai'!$H$6:$H$10,"Nhựa nhũ tương gốc axít 60%|kg") -> 0 | E42: =SUMIFS('Tuyen 1'!$E$6:$E$321,'Tuyen 1'!$H$6:$H$321,"Nhựa nhũ tương gốc axít 60%|kg") -> 1878.3535 | F42: =SUMIFS('Tuyen 2A'!$E$6:$E$347,'Tuyen 2A'!$H$6:$H$347,"Nhựa nhũ tương gốc axít 60%|kg") -> 199.26 | G42: =SUMIFS('Tuyen 2B'!$E$6:$E$277,'Tuyen 2B'!$H$6:$H$277,"Nhựa nhũ tương gốc axít 60%|kg") -> 1206.5787 | H42: =SUMIFS('Tuyen 2C'!$E$6:$E$306,'Tuyen 2C'!$H$6:$H$306,"Nhựa nhũ tương gốc axít 60%|kg") -> 0 | I42: =SUMIFS('Tuyen 3'!$E$6:$E$281,'Tuyen 3'!$H$6:$H$281,"Nhựa nhũ tương gốc axít 60%|kg") -> 0 | J42: =SUMIFS('Bai duc CK'!$E$6:$E$27,'Bai duc CK'!$H$6:$H$27,"Nhựa nhũ tương gốc axít 60%|kg") -> 0 | K42: =SUM(D42:J42) -> 3284.1923 | L42: =SUMIFS('Thanh thai'!$G$6:$G$10,'Thanh thai'!$H$6:$H$10,"Nhựa nhũ tương gốc axít 60%|kg")+SUMIFS('Tuyen 1'!$G$6:$G$321,'Tuyen 1'!$H$6:$H$321,"Nhựa nhũ tương gốc axít 60%|kg")+SUMIFS('Tuyen 2A'!$G$6:$G$347,'Tuyen 2A'!$H$6:$H$347,"Nhựa nhũ tương gốc axít 60%|kg")+SUMIFS('Tuyen 2B'!$G$6:$G$277,'Tuyen 2B'!$H$6:$H$277,"Nhựa nhũ tương gốc axít 60%|kg")+SUMIFS('Tuyen 2C'!$G$6:$G$306,'Tuyen 2C'!$H$6:$H$306,"Nhựa nhũ tương gốc axít 60%|kg")+SUMIFS('Tuyen 3'!$G$6:$G$281,'Tuyen 3'!$H$6:$H$281,"Nhựa nhũ tương gốc axít 60%|kg")+SUMIFS('Bai duc CK'!$G$6:$G$27,'Bai duc CK'!$H$6:$H$27,"Nhựa nhũ tương gốc axít 60%|kg") -> 52356593 | M42: =IF(K42=0,0,L42/K42) -> 15942
A43: 37 | B43: Ni lông | C43: m2 | D43: =SUMIFS('Thanh thai'!$E$6:$E$10,'Thanh thai'!$H$6:$H$10,"Ni lông|m2") -> 0 | E43: =SUMIFS('Tuyen 1'!$E$6:$E$321,'Tuyen 1'!$H$6:$H$321,"Ni lông|m2") -> 1981.342 | F43: =SUMIFS('Tuyen 2A'!$E$6:$E$347,'Tuyen 2A'!$H$6:$H$347,"Ni lông|m2") -> 2434.927 | G43: =SUMIFS('Tuyen 2B'!$E$6:$E$277,'Tuyen 2B'!$H$6:$H$277,"Ni lông|m2") -> 4045.899 | H43: =SUMIFS('Tuyen 2C'!$E$6:$E$306,'Tuyen 2C'!$H$6:$H$306,"Ni lông|m2") -> 1844.029 | I43: =SUMIFS('Tuyen 3'!$E$6:$E$281,'Tuyen 3'!$H$6:$H$281,"Ni lông|m2") -> 2178.099 | J43: =SUMIFS('Bai duc CK'!$E$6:$E$27,'Bai duc CK'!$H$6:$H$27,"Ni lông|m2") -> 1736.35 | K43: =SUM(D43:J43) -> 14220.646 | L43: =SUMIFS('Thanh thai'!$G$6:$G$10,'Thanh thai'!$H$6:$H$10,"Ni lông|m2")+SUMIFS('Tuyen 1'!$G$6:$G$321,'Tuyen 1'!$H$6:$H$321,"Ni lông|m2")+SUMIFS('Tuyen 2A'!$G$6:$G$347,'Tuyen 2A'!$H$6:$H$347,"Ni lông|m2")+SUMIFS('Tuyen 2B'!$G$6:$G$277,'Tuyen 2B'!$H$6:$H$277,"Ni lông|m2")+SUMIFS('Tuyen 2C'!$G$6:$G$306,'Tuyen 2C'!$H$6:$H$306,"Ni lông|m2")+SUMIFS('Tuyen 3'!$G$6:$G$281,'Tuyen 3'!$H$6:$H$281,"Ni lông|m2")+SUMIFS('Bai duc CK'!$G$6:$G$27,'Bai duc CK'!$H$6:$H$27,"Ni lông|m2") -> 199089044 | M43: =IF(K43=0,0,L43/K43) -> 14000
A44: 38 | B44: Nước | C44: lít | D44: =SUMIFS('Thanh thai'!$E$6:$E$10,'Thanh thai'!$H$6:$H$10,"Nước|lít") -> 0 | E44: =SUMIFS('Tuyen 1'!$E$6:$E$321,'Tuyen 1'!$H$6:$H$321,"Nước|lít") -> 721671.5 | F44: =SUMIFS('Tuyen 2A'!$E$6:$E$347,'Tuyen 2A'!$H$6:$H$347,"Nước|lít") -> 1028405.8 | G44: =SUMIFS('Tuyen 2B'!$E$6:$E$277,'Tuyen 2B'!$H$6:$H$277,"Nước|lít") -> 1265474.7 | H44: =SUMIFS('Tuyen 2C'!$E$6:$E$306,'Tuyen 2C'!$H$6:$H$306,"Nước|lít") -> 913241.12 | I44: =SUMIFS('Tuyen 3'!$E$6:$E$281,'Tuyen 3'!$H$6:$H$281,"Nước|lít") -> 1074800.2 | J44: =SUMIFS('Bai duc CK'!$E$6:$E$27,'Bai duc CK'!$H$6:$H$27,"Nước|lít") -> 55981.503 | K44: =SUM(D44:J44) -> 5059574.8 | L44: =SUMIFS('Thanh thai'!$G$6:$G$10,'Thanh thai'!$H$6:$H$10,"Nước|lít")+SUMIFS('Tuyen 1'!$G$6:$G$321,'Tuyen 1'!$H$6:$H$321,"Nước|lít")+SUMIFS('Tuyen 2A'!$G$6:$G$347,'Tuyen 2A'!$H$6:$H$347,"Nước|lít")+SUMIFS('Tuyen 2B'!$G$6:$G$277,'Tuyen 2B'!$H$6:$H$277,"Nước|lít")+SUMIFS('Tuyen 2C'!$G$6:$G$306,'Tuyen 2C'!$H$6:$H$306,"Nước|lít")+SUMIFS('Tuyen 3'!$G$6:$G$281,'Tuyen 3'!$H$6:$H$281,"Nước|lít")+SUMIFS('Bai duc CK'!$G$6:$G$27,'Bai duc CK'!$H$6:$H$27,"Nước|lít") -> 50595748 | M44: =IF(K44=0,0,L44/K44) -> 10
A45: 39 | B45: Ống cao su cao áp Fi 34 | C45: m | D45: =SUMIFS('Thanh thai'!$E$6:$E$10,'Thanh thai'!$H$6:$H$10,"Ống cao su cao áp Fi 34|m") -> 0 | E45: =SUMIFS('Tuyen 1'!$E$6:$E$321,'Tuyen 1'!$H$6:$H$321,"Ống cao su cao áp Fi 34|m") -> 0 | F45: =SUMIFS('Tuyen 2A'!$E$6:$E$347,'Tuyen 2A'!$H$6:$H$347,"Ống cao su cao áp Fi 34|m") -> 29.8704 | G45: =SUMIFS('Tuyen 2B'!$E$6:$E$277,'Tuyen 2B'!$H$6:$H$277,"Ống cao su cao áp Fi 34|m") -> 0 | H45: =SUMIFS('Tuyen 2C'!$E$6:$E$306,'Tuyen 2C'!$H$6:$H$306,"Ống cao su cao áp Fi 34|m") -> 25.9588 | I45: =SUMIFS('Tuyen 3'!$E$6:$E$281,'Tuyen 3'!$H$6:$H$281,"Ống cao su cao áp Fi 34|m") -> 51.562 | J45: =SUMIFS('Bai duc CK'!$E$6:$E$27,'Bai duc CK'!$H$6:$H$27,"Ống cao su cao áp Fi 34|m") -> 0 | K45: =SUM(D45:J45) -> 107.3912 | L45: =SUMIFS('Thanh thai'!$G$6:$G$10,'Thanh thai'!$H$6:$H$10,"Ống cao su cao áp Fi 34|m")+SUMIFS('Tuyen 1'!$G$6:$G$321,'Tuyen 1'!$H$6:$H$321,"Ống cao su cao áp Fi 34|m")+SUMIFS('Tuyen 2A'!$G$6:$G$347,'Tuyen 2A'!$H$6:$H$347,"Ống cao su cao áp Fi 34|m")+SUMIFS('Tuyen 2B'!$G$6:$G$277,'Tuyen 2B'!$H$6:$H$277,"Ống cao su cao áp Fi 34|m")+SUMIFS('Tuyen 2C'!$G$6:$G$306,'Tuyen 2C'!$H$6:$H$306,"Ống cao su cao áp Fi 34|m")+SUMIFS('Tuyen 3'!$G$6:$G$281,'Tuyen 3'!$H$6:$H$281,"Ống cao su cao áp Fi 34|m")+SUMIFS('Bai duc CK'!$G$6:$G$27,'Bai duc CK'!$H$6:$H$27,"Ống cao su cao áp Fi 34|m") -> 1320911.8 | M45: =IF(K45=0,0,L45/K45) -> 12300
A46: 40 | B46: Ống cao su cao áp Fi 60 | C46: m | D46: =SUMIFS('Thanh thai'!$E$6:$E$10,'Thanh thai'!$H$6:$H$10,"Ống cao su cao áp Fi 60|m") -> 0 | E46: =SUMIFS('Tuyen 1'!$E$6:$E$321,'Tuyen 1'!$H$6:$H$321,"Ống cao su cao áp Fi 60|m") -> 0 | F46: =SUMIFS('Tuyen 2A'!$E$6:$E$347,'Tuyen 2A'!$H$6:$H$347,"Ống cao su cao áp Fi 60|m") -> 3.7296 | G46: =SUMIFS('Tuyen 2B'!$E$6:$E$277,'Tuyen 2B'!$H$6:$H$277,"Ống cao su cao áp Fi 60|m") -> 0 | H46: =SUMIFS('Tuyen 2C'!$E$6:$E$306,'Tuyen 2C'!$H$6:$H$306,"Ống cao su cao áp Fi 60|m") -> 3.2412 | I46: =SUMIFS('Tuyen 3'!$E$6:$E$281,'Tuyen 3'!$H$6:$H$281,"Ống cao su cao áp Fi 60|m") -> 6.438 | J46: =SUMIFS('Bai duc CK'!$E$6:$E$27,'Bai duc CK'!$H$6:$H$27,"Ống cao su cao áp Fi 60|m") -> 0 | K46: =SUM(D46:J46) -> 13.4088 | L46: =SUMIFS('Thanh thai'!$G$6:$G$10,'Thanh thai'!$H$6:$H$10,"Ống cao su cao áp Fi 60|m")+SUMIFS('Tuyen 1'!$G$6:$G$321,'Tuyen 1'!$H$6:$H$321,"Ống cao su cao áp Fi 60|m")+SUMIFS('Tuyen 2A'!$G$6:$G$347,'Tuyen 2A'!$H$6:$H$347,"Ống cao su cao áp Fi 60|m")+SUMIFS('Tuyen 2B'!$G$6:$G$277,'Tuyen 2B'!$H$6:$H$277,"Ống cao su cao áp Fi 60|m")+SUMIFS('Tuyen 2C'!$G$6:$G$306,'Tuyen 2C'!$H$6:$H$306,"Ống cao su cao áp Fi 60|m")+SUMIFS('Tuyen 3'!$G$6:$G$281,'Tuyen 3'!$H$6:$H$281,"Ống cao su cao áp Fi 60|m")+SUMIFS('Bai duc CK'!$G$6:$G$27,'Bai duc CK'!$H$6:$H$27,"Ống cao su cao áp Fi 60|m") -> 359355.84 | M46: =IF(K46=0,0,L46/K46) -> 26800
A47: 41 | B47: Ống địa kỹ thuật GREENTUBE H=3m | C47: m | D47: =SUMIFS('Thanh thai'!$E$6:$E$10,'Thanh thai'!$H$6:$H$10,"Ống địa kỹ thuật GREENTUBE H=3m|m") -> 0 | E47: =SUMIFS('Tuyen 1'!$E$6:$E$321,'Tuyen 1'!$H$6:$H$321,"Ống địa kỹ thuật GREENTUBE H=3m|m") -> 339.84 | F47: =SUMIFS('Tuyen 2A'!$E$6:$E$347,'Tuyen 2A'!$H$6:$H$347,"Ống địa kỹ thuật GREENTUBE H=3m|m") -> 492.5 | G47: =SUMIFS('Tuyen 2B'!$E$6:$E$277,'Tuyen 2B'!$H$6:$H$277,"Ống địa kỹ thuật GREENTUBE H=3m|m") -> 491.88 | H47: =SUMIFS('Tuyen 2C'!$E$6:$E$306,'Tuyen 2C'!$H$6:$H$306,"Ống địa kỹ thuật GREENTUBE H=3m|m") -> 450.13 | I47: =SUMIFS('Tuyen 3'!$E$6:$E$281,'Tuyen 3'!$H$6:$H$281,"Ống địa kỹ thuật GREENTUBE H=3m|m") -> 484.23 | J47: =SUMIFS('Bai duc CK'!$E$6:$E$27,'Bai duc CK'!$H$6:$H$27,"Ống địa kỹ thuật GREENTUBE H=3m|m") -> 0 | K47: =SUM(D47:J47) -> 2258.58 | L47: =SUMIFS('Thanh thai'!$G$6:$G$10,'Thanh thai'!$H$6:$H$10,"Ống địa kỹ thuật GREENTUBE H=3m|m")+SUMIFS('Tuyen 1'!$G$6:$G$321,'Tuyen 1'!$H$6:$H$321,"Ống địa kỹ thuật GREENTUBE H=3m|m")+SUMIFS('Tuyen 2A'!$G$6:$G$347,'Tuyen 2A'!$H$6:$H$347,"Ống địa kỹ thuật GREENTUBE H=3m|m")+SUMIFS('Tuyen 2B'!$G$6:$G$277,'Tuyen 2B'!$H$6:$H$277,"Ống địa kỹ thuật GREENTUBE H=3m|m")+SUMIFS('Tuyen 2C'!$G$6:$G$306,'Tuyen 2C'!$H$6:$H$306,"Ống địa kỹ thuật GREENTUBE H=3m|m")+SUMIFS('Tuyen 3'!$G$6:$G$281,'Tuyen 3'!$H$6:$H$281,"Ống địa kỹ thuật GREENTUBE H=3m|m")+SUMIFS('Bai duc CK'!$G$6:$G$27,'Bai duc CK'!$H$6:$H$27,"Ống địa kỹ thuật GREENTUBE H=3m|m") -> 8288988600 | M47: =IF(K47=0,0,L47/K47) -> 3670000
A48: 42 | B48: Ống nhựa miệng bát D100mm L=6m | C48: m | D48: =SUMIFS('Thanh thai'!$E$6:$E$10,'Thanh thai'!$H$6:$H$10,"Ống nhựa miệng bát D100mm L=6m|m") -> 0 | E48: =SUMIFS('Tuyen 1'!$E$6:$E$321,'Tuyen 1'!$H$6:$H$321,"Ống nhựa miệng bát D100mm L=6m|m") -> 35.2086 | F48: =SUMIFS('Tuyen 2A'!$E$6:$E$347,'Tuyen 2A'!$H$6:$H$347,"Ống nhựa miệng bát D100mm L=6m|m") -> 10.1202 | G48: =SUMIFS('Tuyen 2B'!$E$6:$E$277,'Tuyen 2B'!$H$6:$H$277,"Ống nhựa miệng bát D100mm L=6m|m") -> 66.8317 | H48: =SUMIFS('Tuyen 2C'!$E$6:$E$306,'Tuyen 2C'!$H$6:$H$306,"Ống nhựa miệng bát D100mm L=6m|m") -> 0 | I48: =SUMIFS('Tuyen 3'!$E$6:$E$281,'Tuyen 3'!$H$6:$H$281,"Ống nhựa miệng bát D100mm L=6m|m") -> 0 | J48: =SUMIFS('Bai duc CK'!$E$6:$E$27,'Bai duc CK'!$H$6:$H$27,"Ống nhựa miệng bát D100mm L=6m|m") -> 0 | K48: =SUM(D48:J48) -> 112.1605 | L48: =SUMIFS('Thanh thai'!$G$6:$G$10,'Thanh thai'!$H$6:$H$10,"Ống nhựa miệng bát D100mm L=6m|m")+SUMIFS('Tuyen 1'!$G$6:$G$321,'Tuyen 1'!$H$6:$H$321,"Ống nhựa miệng bát D100mm L=6m|m")+SUMIFS('Tuyen 2A'!$G$6:$G$347,'Tuyen 2A'!$H$6:$H$347,"Ống nhựa miệng bát D100mm L=6m|m")+SUMIFS('Tuyen 2B'!$G$6:$G$277,'Tuyen 2B'!$H$6:$H$277,"Ống nhựa miệng bát D100mm L=6m|m")+SUMIFS('Tuyen 2C'!$G$6:$G$306,'Tuyen 2C'!$H$6:$H$306,"Ống nhựa miệng bát D100mm L=6m|m")+SUMIFS('Tuyen 3'!$G$6:$G$281,'Tuyen 3'!$H$6:$H$281,"Ống nhựa miệng bát D100mm L=6m|m")+SUMIFS('Bai duc CK'!$G$6:$G$27,'Bai duc CK'!$H$6:$H$27,"Ống nhựa miệng bát D100mm L=6m|m") -> 7280338.1 | M48: =IF(K48=0,0,L48/K48) -> 64910
A49: 43 | B49: Ống nhựa miệng bát D200mm L=6m | C49: m | D49: =SUMIFS('Thanh thai'!$E$6:$E$10,'Thanh thai'!$H$6:$H$10,"Ống nhựa miệng bát D200mm L=6m|m") -> 0 | E49: =SUMIFS('Tuyen 1'!$E$6:$E$321,'Tuyen 1'!$H$6:$H$321,"Ống nhựa miệng bát D200mm L=6m|m") -> 166.6803 | F49: =SUMIFS('Tuyen 2A'!$E$6:$E$347,'Tuyen 2A'!$H$6:$H$347,"Ống nhựa miệng bát D200mm L=6m|m") -> 414.1 | G49: =SUMIFS('Tuyen 2B'!$E$6:$E$277,'Tuyen 2B'!$H$6:$H$277,"Ống nhựa miệng bát D200mm L=6m|m") -> 505 | H49: =SUMIFS('Tuyen 2C'!$E$6:$E$306,'Tuyen 2C'!$H$6:$H$306,"Ống nhựa miệng bát D200mm L=6m|m") -> 371.3063 | I49: =SUMIFS('Tuyen 3'!$E$6:$E$281,'Tuyen 3'!$H$6:$H$281,"Ống nhựa miệng bát D200mm L=6m|m") -> 438.5723 | J49: =SUMIFS('Bai duc CK'!$E$6:$E$27,'Bai duc CK'!$H$6:$H$27,"Ống nhựa miệng bát D200mm L=6m|m") -> 0 | K49: =SUM(D49:J49) -> 1895.6589 | L49: =SUMIFS('Thanh thai'!$G$6:$G$10,'Thanh thai'!$H$6:$H$10,"Ống nhựa miệng bát D200mm L=6m|m")+SUMIFS('Tuyen 1'!$G$6:$G$321,'Tuyen 1'!$H$6:$H$321,"Ống nhựa miệng bát D200mm L=6m|m")+SUMIFS('Tuyen 2A'!$G$6:$G$347,'Tuyen 2A'!$H$6:$H$347,"Ống nhựa miệng bát D200mm L=6m|m")+SUMIFS('Tuyen 2B'!$G$6:$G$277,'Tuyen 2B'!$H$6:$H$277,"Ống nhựa miệng bát D200mm L=6m|m")+SUMIFS('Tuyen 2C'!$G$6:$G$306,'Tuyen 2C'!$H$6:$H$306,"Ống nhựa miệng bát D200mm L=6m|m")+SUMIFS('Tuyen 3'!$G$6:$G$281,'Tuyen 3'!$H$6:$H$281,"Ống nhựa miệng bát D200mm L=6m|m")+SUMIFS('Bai duc CK'!$G$6:$G$27,'Bai duc CK'!$H$6:$H$27,"Ống nhựa miệng bát D200mm L=6m|m") -> 1.1229883e+09 | M49: =IF(K49=0,0,L49/K49) -> 592400
A50: 44 | B50: Oxy | C50: chai | D50: =SUMIFS('Thanh thai'!$E$6:$E$10,'Thanh thai'!$H$6:$H$10,"Oxy|chai") -> 0 | E50: =SUMIFS('Tuyen 1'!$E$6:$E$321,'Tuyen 1'!$H$6:$H$321,"Oxy|chai") -> 0 | F50: =SUMIFS('Tuyen 2A'!$E$6:$E$347,'Tuyen 2A'!$H$6:$H$347,"Oxy|chai") -> 7.714584 | G50: =SUMIFS('Tuyen 2B'!$E$6:$E$277,'Tuyen 2B'!$H$6:$H$277,"Oxy|chai") -> 0 | H50: =SUMIFS('Tuyen 2C'!$E$6:$E$306,'Tuyen 2C'!$H$6:$H$306,"Oxy|chai") -> 7.714584 | I50: =SUMIFS('Tuyen 3'!$E$6:$E$281,'Tuyen 3'!$H$6:$H$281,"Oxy|chai") -> 7.714584 | J50: =SUMIFS('Bai duc CK'!$E$6:$E$27,'Bai duc CK'!$H$6:$H$27,"Oxy|chai") -> 0 | K50: =SUM(D50:J50) -> 23.143752 | L50: =SUMIFS('Thanh thai'!$G$6:$G$10,'Thanh thai'!$H$6:$H$10,"Oxy|chai")+SUMIFS('Tuyen 1'!$G$6:$G$321,'Tuyen 1'!$H$6:$H$321,"Oxy|chai")+SUMIFS('Tuyen 2A'!$G$6:$G$347,'Tuyen 2A'!$H$6:$H$347,"Oxy|chai")+SUMIFS('Tuyen 2B'!$G$6:$G$277,'Tuyen 2B'!$H$6:$H$277,"Oxy|chai")+SUMIFS('Tuyen 2C'!$G$6:$G$306,'Tuyen 2C'!$H$6:$H$306,"Oxy|chai")+SUMIFS('Tuyen 3'!$G$6:$G$281,'Tuyen 3'!$H$6:$H$281,"Oxy|chai")+SUMIFS('Bai duc CK'!$G$6:$G$27,'Bai duc CK'!$H$6:$H$27,"Oxy|chai") -> 1620062.6 | M50: =IF(K50=0,0,L50/K50) -> 70000
A51: 45 | B51: Phụ gia dẻo hoá bê tông | C51: kg | D51: =SUMIFS('Thanh thai'!$E$6:$E$10,'Thanh thai'!$H$6:$H$10,"Phụ gia dẻo hoá bê tông|kg") -> 0 | E51: =SUMIFS('Tuyen 1'!$E$6:$E$321,'Tuyen 1'!$H$6:$H$321,"Phụ gia dẻo hoá bê tông|kg") -> 0 | F51: =SUMIFS('Tuyen 2A'!$E$6:$E$347,'Tuyen 2A'!$H$6:$H$347,"Phụ gia dẻo hoá bê tông|kg") -> 0 | G51: =SUMIFS('Tuyen 2B'!$E$6:$E$277,'Tuyen 2B'!$H$6:$H$277,"Phụ gia dẻo hoá bê tông|kg") -> 0 | H51: =SUMIFS('Tuyen 2C'!$E$6:$E$306,'Tuyen 2C'!$H$6:$H$306,"Phụ gia dẻo hoá bê tông|kg") -> 0 | I51: =SUMIFS('Tuyen 3'!$E$6:$E$281,'Tuyen 3'!$H$6:$H$281,"Phụ gia dẻo hoá bê tông|kg") -> 0 | J51: =SUMIFS('Bai duc CK'!$E$6:$E$27,'Bai duc CK'!$H$6:$H$27,"Phụ gia dẻo hoá bê tông|kg") -> 0 | K51: =SUM(D51:J51) -> 0 | L51: =SUMIFS('Thanh thai'!$G$6:$G$10,'Thanh thai'!$H$6:$H$10,"Phụ gia dẻo hoá bê tông|kg")+SUMIFS('Tuyen 1'!$G$6:$G$321,'Tuyen 1'!$H$6:$H$321,"Phụ gia dẻo hoá bê tông|kg")+SUMIFS('Tuyen 2A'!$G$6:$G$347,'Tuyen 2A'!$H$6:$H$347,"Phụ gia dẻo hoá bê tông|kg")+SUMIFS('Tuyen 2B'!$G$6:$G$277,'Tuyen 2B'!$H$6:$H$277,"Phụ gia dẻo hoá bê tông|kg")+SUMIFS('Tuyen 2C'!$G$6:$G$306,'Tuyen 2C'!$H$6:$H$306,"Phụ gia dẻo hoá bê tông|kg")+SUMIFS('Tuyen 3'!$G$6:$G$281,'Tuyen 3'!$H$6:$H$281,"Phụ gia dẻo hoá bê tông|kg")+SUMIFS('Bai duc CK'!$G$6:$G$27,'Bai duc CK'!$H$6:$H$27,"Phụ gia dẻo hoá bê tông|kg") -> 0 | M51: =IF(K51=0,0,L51/K51) -> 0
A52: 46 | B52: Phụ gia R7 | C52: kg | D52: =SUMIFS('Thanh thai'!$E$6:$E$10,'Thanh thai'!$H$6:$H$10,"Phụ gia R7|kg") -> 0 | E52: =SUMIFS('Tuyen 1'!$E$6:$E$321,'Tuyen 1'!$H$6:$H$321,"Phụ gia R7|kg") -> 6629.5984 | F52: =SUMIFS('Tuyen 2A'!$E$6:$E$347,'Tuyen 2A'!$H$6:$H$347,"Phụ gia R7|kg") -> 9483.3545 | G52: =SUMIFS('Tuyen 2B'!$E$6:$E$277,'Tuyen 2B'!$H$6:$H$277,"Phụ gia R7|kg") -> 11199.263 | H52: =SUMIFS('Tuyen 2C'!$E$6:$E$306,'Tuyen 2C'!$H$6:$H$306,"Phụ gia R7|kg") -> 8507.605 | I52: =SUMIFS('Tuyen 3'!$E$6:$E$281,'Tuyen 3'!$H$6:$H$281,"Phụ gia R7|kg") -> 10007.752 | J52: =SUMIFS('Bai duc CK'!$E$6:$E$27,'Bai duc CK'!$H$6:$H$27,"Phụ gia R7|kg") -> 0 | K52: =SUM(D52:J52) -> 45827.573 | L52: =SUMIFS('Thanh thai'!$G$6:$G$10,'Thanh thai'!$H$6:$H$10,"Phụ gia R7|kg")+SUMIFS('Tuyen 1'!$G$6:$G$321,'Tuyen 1'!$H$6:$H$321,"Phụ gia R7|kg")+SUMIFS('Tuyen 2A'!$G$6:$G$347,'Tuyen 2A'!$H$6:$H$347,"Phụ gia R7|kg")+SUMIFS('Tuyen 2B'!$G$6:$G$277,'Tuyen 2B'!$H$6:$H$277,"Phụ gia R7|kg")+SUMIFS('Tuyen 2C'!$G$6:$G$306,'Tuyen 2C'!$H$6:$H$306,"Phụ gia R7|kg")+SUMIFS('Tuyen 3'!$G$6:$G$281,'Tuyen 3'!$H$6:$H$281,"Phụ gia R7|kg")+SUMIFS('Bai duc CK'!$G$6:$G$27,'Bai duc CK'!$H$6:$H$27,"Phụ gia R7|kg") -> 2.7496544e+09 | M52: =IF(K52=0,0,L52/K52) -> 60000
A53: 47 | B53: Phụ gia siêu dẻo bê tông PCB40 | C53: kg | D53: =SUMIFS('Thanh thai'!$E$6:$E$10,'Thanh thai'!$H$6:$H$10,"Phụ gia siêu dẻo bê tông PCB40|kg") -> 0 | E53: =SUMIFS('Tuyen 1'!$E$6:$E$321,'Tuyen 1'!$H$6:$H$321,"Phụ gia siêu dẻo bê tông PCB40|kg") -> 156.94734 | F53: =SUMIFS('Tuyen 2A'!$E$6:$E$347,'Tuyen 2A'!$H$6:$H$347,"Phụ gia siêu dẻo bê tông PCB40|kg") -> 247.48581 | G53: =SUMIFS('Tuyen 2B'!$E$6:$E$277,'Tuyen 2B'!$H$6:$H$277,"Phụ gia siêu dẻo bê tông PCB40|kg") -> 295.8076 | H53: =SUMIFS('Tuyen 2C'!$E$6:$E$306,'Tuyen 2C'!$H$6:$H$306,"Phụ gia siêu dẻo bê tông PCB40|kg") -> 217.31327 | I53: =SUMIFS('Tuyen 3'!$E$6:$E$281,'Tuyen 3'!$H$6:$H$281,"Phụ gia siêu dẻo bê tông PCB40|kg") -> 259.57147 | J53: =SUMIFS('Bai duc CK'!$E$6:$E$27,'Bai duc CK'!$H$6:$H$27,"Phụ gia siêu dẻo bê tông PCB40|kg") -> 0 | K53: =SUM(D53:J53) -> 1177.1255 | L53: =SUMIFS('Thanh thai'!$G$6:$G$10,'Thanh thai'!$H$6:$H$10,"Phụ gia siêu dẻo bê tông PCB40|kg")+SUMIFS('Tuyen 1'!$G$6:$G$321,'Tuyen 1'!$H$6:$H$321,"Phụ gia siêu dẻo bê tông PCB40|kg")+SUMIFS('Tuyen 2A'!$G$6:$G$347,'Tuyen 2A'!$H$6:$H$347,"Phụ gia siêu dẻo bê tông PCB40|kg")+SUMIFS('Tuyen 2B'!$G$6:$G$277,'Tuyen 2B'!$H$6:$H$277,"Phụ gia siêu dẻo bê tông PCB40|kg")+SUMIFS('Tuyen 2C'!$G$6:$G$306,'Tuyen 2C'!$H$6:$H$306,"Phụ gia siêu dẻo bê tông PCB40|kg")+SUMIFS('Tuyen 3'!$G$6:$G$281,'Tuyen 3'!$H$6:$H$281,"Phụ gia siêu dẻo bê tông PCB40|kg")+SUMIFS('Bai duc CK'!$G$6:$G$27,'Bai duc CK'!$H$6:$H$27,"Phụ gia siêu dẻo bê tông PCB40|kg") -> 27073887 | M53: =IF(K53=0,0,L53/K53) -> 23000
A54: 48 | B54: Que hàn | C54: kg | D54: =SUMIFS('Thanh thai'!$E$6:$E$10,'Thanh thai'!$H$6:$H$10,"Que hàn|kg") -> 4246.1184 | E54: =SUMIFS('Tuyen 1'!$E$6:$E$321,'Tuyen 1'!$H$6:$H$321,"Que hàn|kg") -> 521.58422 | F54: =SUMIFS('Tuyen 2A'!$E$6:$E$347,'Tuyen 2A'!$H$6:$H$347,"Que hàn|kg") -> 836.84302 | G54: =SUMIFS('Tuyen 2B'!$E$6:$E$277,'Tuyen 2B'!$H$6:$H$277,"Que hàn|kg") -> 903.98816 | H54: =SUMIFS('Tuyen 2C'!$E$6:$E$306,'Tuyen 2C'!$H$6:$H$306,"Que hàn|kg") -> 2996.2495 | I54: =SUMIFS('Tuyen 3'!$E$6:$E$281,'Tuyen 3'!$H$6:$H$281,"Que hàn|kg") -> 869.84822 | J54: =SUMIFS('Bai duc CK'!$E$6:$E$27,'Bai duc CK'!$H$6:$H$27,"Que hàn|kg") -> 1.88336 | K54: =SUM(D54:J54) -> 10376.515 | L54: =SUMIFS('Thanh thai'!$G$6:$G$10,'Thanh thai'!$H$6:$H$10,"Que hàn|kg")+SUMIFS('Tuyen 1'!$G$6:$G$321,'Tuyen 1'!$H$6:$H$321,"Que hàn|kg")+SUMIFS('Tuyen 2A'!$G$6:$G$347,'Tuyen 2A'!$H$6:$H$347,"Que hàn|kg")+SUMIFS('Tuyen 2B'!$G$6:$G$277,'Tuyen 2B'!$H$6:$H$277,"Que hàn|kg")+SUMIFS('Tuyen 2C'!$G$6:$G$306,'Tuyen 2C'!$H$6:$H$306,"Que hàn|kg")+SUMIFS('Tuyen 3'!$G$6:$G$281,'Tuyen 3'!$H$6:$H$281,"Que hàn|kg")+SUMIFS('Bai duc CK'!$G$6:$G$27,'Bai duc CK'!$H$6:$H$27,"Que hàn|kg") -> 2.5837062e+08 | M54: =IF(K54=0,0,L54/K54) -> 24899.556
A55: 49 | B55: Sơn dẻo nhiệt | C55: kg | D55: =SUMIFS('Thanh thai'!$E$6:$E$10,'Thanh thai'!$H$6:$H$10,"Sơn dẻo nhiệt|kg") -> 0 | E55: =SUMIFS('Tuyen 1'!$E$6:$E$321,'Tuyen 1'!$H$6:$H$321,"Sơn dẻo nhiệt|kg") -> 684.6129 | F55: =SUMIFS('Tuyen 2A'!$E$6:$E$347,'Tuyen 2A'!$H$6:$H$347,"Sơn dẻo nhiệt|kg") -> 0 | G55: =SUMIFS('Tuyen 2B'!$E$6:$E$277,'Tuyen 2B'!$H$6:$H$277,"Sơn dẻo nhiệt|kg") -> 0 | H55: =SUMIFS('Tuyen 2C'!$E$6:$E$306,'Tuyen 2C'!$H$6:$H$306,"Sơn dẻo nhiệt|kg") -> 0 | I55: =SUMIFS('Tuyen 3'!$E$6:$E$281,'Tuyen 3'!$H$6:$H$281,"Sơn dẻo nhiệt|kg") -> 0 | J55: =SUMIFS('Bai duc CK'!$E$6:$E$27,'Bai duc CK'!$H$6:$H$27,"Sơn dẻo nhiệt|kg") -> 0 | K55: =SUM(D55:J55) -> 684.6129 | L55: =SUMIFS('Thanh thai'!$G$6:$G$10,'Thanh thai'!$H$6:$H$10,"Sơn dẻo nhiệt|kg")+SUMIFS('Tuyen 1'!$G$6:$G$321,'Tuyen 1'!$H$6:$H$321,"Sơn dẻo nhiệt|kg")+SUMIFS('Tuyen 2A'!$G$6:$G$347,'Tuyen 2A'!$H$6:$H$347,"Sơn dẻo nhiệt|kg")+SUMIFS('Tuyen 2B'!$G$6:$G$277,'Tuyen 2B'!$H$6:$H$277,"Sơn dẻo nhiệt|kg")+SUMIFS('Tuyen 2C'!$G$6:$G$306,'Tuyen 2C'!$H$6:$H$306,"Sơn dẻo nhiệt|kg")+SUMIFS('Tuyen 3'!$G$6:$G$281,'Tuyen 3'!$H$6:$H$281,"Sơn dẻo nhiệt|kg")+SUMIFS('Bai duc CK'!$G$6:$G$27,'Bai duc CK'!$H$6:$H$27,"Sơn dẻo nhiệt|kg") -> 24248989 | M55: =IF(K55=0,0,L55/K55) -> 35420
A56: 50 | B56: Sơn lót | C56: kg | D56: =SUMIFS('Thanh thai'!$E$6:$E$10,'Thanh thai'!$H$6:$H$10,"Sơn lót|kg") -> 0 | E56: =SUMIFS('Tuyen 1'!$E$6:$E$321,'Tuyen 1'!$H$6:$H$321,"Sơn lót|kg") -> 32.9775 | F56: =SUMIFS('Tuyen 2A'!$E$6:$E$347,'Tuyen 2A'!$H$6:$H$347,"Sơn lót|kg") -> 0 | G56: =SUMIFS('Tuyen 2B'!$E$6:$E$277,'Tuyen 2B'!$H$6:$H$277,"Sơn lót|kg") -> 0 | H56: =SUMIFS('Tuyen 2C'!$E$6:$E$306,'Tuyen 2C'!$H$6:$H$306,"Sơn lót|kg") -> 0 | I56: =SUMIFS('Tuyen 3'!$E$6:$E$281,'Tuyen 3'!$H$6:$H$281,"Sơn lót|kg") -> 0 | J56: =SUMIFS('Bai duc CK'!$E$6:$E$27,'Bai duc CK'!$H$6:$H$27,"Sơn lót|kg") -> 0 | K56: =SUM(D56:J56) -> 32.9775 | L56: =SUMIFS('Thanh thai'!$G$6:$G$10,'Thanh thai'!$H$6:$H$10,"Sơn lót|kg")+SUMIFS('Tuyen 1'!$G$6:$G$321,'Tuyen 1'!$H$6:$H$321,"Sơn lót|kg")+SUMIFS('Tuyen 2A'!$G$6:$G$347,'Tuyen 2A'!$H$6:$H$347,"Sơn lót|kg")+SUMIFS('Tuyen 2B'!$G$6:$G$277,'Tuyen 2B'!$H$6:$H$277,"Sơn lót|kg")+SUMIFS('Tuyen 2C'!$G$6:$G$306,'Tuyen 2C'!$H$6:$H$306,"Sơn lót|kg")+SUMIFS('Tuyen 3'!$G$6:$G$281,'Tuyen 3'!$H$6:$H$281,"Sơn lót|kg")+SUMIFS('Bai duc CK'!$G$6:$G$27,'Bai duc CK'!$H$6:$H$27,"Sơn lót|kg") -> 1267325.3 | M56: =IF(K56=0,0,L56/K56) -> 38430
A57: 51 | B57: Tấm đan bó vỉa 50x30x5cm | C57: m | D57: =SUMIFS('Thanh thai'!$E$6:$E$10,'Thanh thai'!$H$6:$H$10,"Tấm đan bó vỉa 50x30x5cm|m") -> 0 | E57: =SUMIFS('Tuyen 1'!$E$6:$E$321,'Tuyen 1'!$H$6:$H$321,"Tấm đan bó vỉa 50x30x5cm|m") -> 299.3 | F57: =SUMIFS('Tuyen 2A'!$E$6:$E$347,'Tuyen 2A'!$H$6:$H$347,"Tấm đan bó vỉa 50x30x5cm|m") -> 123 | G57: =SUMIFS('Tuyen 2B'!$E$6:$E$277,'Tuyen 2B'!$H$6:$H$277,"Tấm đan bó vỉa 50x30x5cm|m") -> 936.85 | H57: =SUMIFS('Tuyen 2C'!$E$6:$E$306,'Tuyen 2C'!$H$6:$H$306,"Tấm đan bó vỉa 50x30x5cm|m") -> 0 | I57: =SUMIFS('Tuyen 3'!$E$6:$E$281,'Tuyen 3'!$H$6:$H$281,"Tấm đan bó vỉa 50x30x5cm|m") -> 0 | J57: =SUMIFS('Bai duc CK'!$E$6:$E$27,'Bai duc CK'!$H$6:$H$27,"Tấm đan bó vỉa 50x30x5cm|m") -> 0 | K57: =SUM(D57:J57) -> 1359.15 | L57: =SUMIFS('Thanh thai'!$G$6:$G$10,'Thanh thai'!$H$6:$H$10,"Tấm đan bó vỉa 50x30x5cm|m")+SUMIFS('Tuyen 1'!$G$6:$G$321,'Tuyen 1'!$H$6:$H$321,"Tấm đan bó vỉa 50x30x5cm|m")+SUMIFS('Tuyen 2A'!$G$6:$G$347,'Tuyen 2A'!$H$6:$H$347,"Tấm đan bó vỉa 50x30x5cm|m")+SUMIFS('Tuyen 2B'!$G$6:$G$277,'Tuyen 2B'!$H$6:$H$277,"Tấm đan bó vỉa 50x30x5cm|m")+SUMIFS('Tuyen 2C'!$G$6:$G$306,'Tuyen 2C'!$H$6:$H$306,"Tấm đan bó vỉa 50x30x5cm|m")+SUMIFS('Tuyen 3'!$G$6:$G$281,'Tuyen 3'!$H$6:$H$281,"Tấm đan bó vỉa 50x30x5cm|m")+SUMIFS('Bai duc CK'!$G$6:$G$27,'Bai duc CK'!$H$6:$H$27,"Tấm đan bó vỉa 50x30x5cm|m") -> 112129875 | M57: =IF(K57=0,0,L57/K57) -> 82500
A58: 52 | B58: Thép dàn giáo | C58: kg | D58: =SUMIFS('Thanh thai'!$E$6:$E$10,'Thanh thai'!$H$6:$H$10,"Thép dàn giáo|kg") -> 0 | E58: =SUMIFS('Tuyen 1'!$E$6:$E$321,'Tuyen 1'!$H$6:$H$321,"Thép dàn giáo|kg") -> 3.38 | F58: =SUMIFS('Tuyen 2A'!$E$6:$E$347,'Tuyen 2A'!$H$6:$H$347,"Thép dàn giáo|kg") -> 0 | G58: =SUMIFS('Tuyen 2B'!$E$6:$E$277,'Tuyen 2B'!$H$6:$H$277,"Thép dàn giáo|kg") -> 0 | H58: =SUMIFS('Tuyen 2C'!$E$6:$E$306,'Tuyen 2C'!$H$6:$H$306,"Thép dàn giáo|kg") -> 0 | I58: =SUMIFS('Tuyen 3'!$E$6:$E$281,'Tuyen 3'!$H$6:$H$281,"Thép dàn giáo|kg") -> 0 | J58: =SUMIFS('Bai duc CK'!$E$6:$E$27,'Bai duc CK'!$H$6:$H$27,"Thép dàn giáo|kg") -> 0 | K58: =SUM(D58:J58) -> 3.38 | L58: =SUMIFS('Thanh thai'!$G$6:$G$10,'Thanh thai'!$H$6:$H$10,"Thép dàn giáo|kg")+SUMIFS('Tuyen 1'!$G$6:$G$321,'Tuyen 1'!$H$6:$H$321,"Thép dàn giáo|kg")+SUMIFS('Tuyen 2A'!$G$6:$G$347,'Tuyen 2A'!$H$6:$H$347,"Thép dàn giáo|kg")+SUMIFS('Tuyen 2B'!$G$6:$G$277,'Tuyen 2B'!$H$6:$H$277,"Thép dàn giáo|kg")+SUMIFS('Tuyen 2C'!$G$6:$G$306,'Tuyen 2C'!$H$6:$H$306,"Thép dàn giáo|kg")+SUMIFS('Tuyen 3'!$G$6:$G$281,'Tuyen 3'!$H$6:$H$281,"Thép dàn giáo|kg")+SUMIFS('Bai duc CK'!$G$6:$G$27,'Bai duc CK'!$H$6:$H$27,"Thép dàn giáo|kg") -> 39478.4 | M58: =IF(K58=0,0,L58/K58) -> 11680
A59: 53 | B59: Thép hình | C59: kg | D59: =SUMIFS('Thanh thai'!$E$6:$E$10,'Thanh thai'!$H$6:$H$10,"Thép hình|kg") -> 0 | E59: =SUMIFS('Tuyen 1'!$E$6:$E$321,'Tuyen 1'!$H$6:$H$321,"Thép hình|kg") -> 3889.1601 | F59: =SUMIFS('Tuyen 2A'!$E$6:$E$347,'Tuyen 2A'!$H$6:$H$347,"Thép hình|kg") -> 5897.7325 | G59: =SUMIFS('Tuyen 2B'!$E$6:$E$277,'Tuyen 2B'!$H$6:$H$277,"Thép hình|kg") -> 6838.5994 | H59: =SUMIFS('Tuyen 2C'!$E$6:$E$306,'Tuyen 2C'!$H$6:$H$306,"Thép hình|kg") -> 24831.897 | I59: =SUMIFS('Tuyen 3'!$E$6:$E$281,'Tuyen 3'!$H$6:$H$281,"Thép hình|kg") -> 6193.6166 | J59: =SUMIFS('Bai duc CK'!$E$6:$E$27,'Bai duc CK'!$H$6:$H$27,"Thép hình|kg") -> 0 | K59: =SUM(D59:J59) -> 47651.005 | L59: =SUMIFS('Thanh thai'!$G$6:$G$10,'Thanh thai'!$H$6:$H$10,"Thép hình|kg")+SUMIFS('Tuyen 1'!$G$6:$G$321,'Tuyen 1'!$H$6:$H$321,"Thép hình|kg")+SUMIFS('Tuyen 2A'!$G$6:$G$347,'Tuyen 2A'!$H$6:$H$347,"Thép hình|kg")+SUMIFS('Tuyen 2B'!$G$6:$G$277,'Tuyen 2B'!$H$6:$H$277,"Thép hình|kg")+SUMIFS('Tuyen 2C'!$G$6:$G$306,'Tuyen 2C'!$H$6:$H$306,"Thép hình|kg")+SUMIFS('Tuyen 3'!$G$6:$G$281,'Tuyen 3'!$H$6:$H$281,"Thép hình|kg")+SUMIFS('Bai duc CK'!$G$6:$G$27,'Bai duc CK'!$H$6:$H$27,"Thép hình|kg") -> 6.7447605e+08 | M59: =IF(K59=0,0,L59/K59) -> 14154.498
A60: 54 | B60: Thép hình định vị cọc | C60: kg | D60: =SUMIFS('Thanh thai'!$E$6:$E$10,'Thanh thai'!$H$6:$H$10,"Thép hình định vị cọc|kg") -> 0 | E60: =SUMIFS('Tuyen 1'!$E$6:$E$321,'Tuyen 1'!$H$6:$H$321,"Thép hình định vị cọc|kg") -> 0 | F60: =SUMIFS('Tuyen 2A'!$E$6:$E$347,'Tuyen 2A'!$H$6:$H$347,"Thép hình định vị cọc|kg") -> 156.6096 | G60: =SUMIFS('Tuyen 2B'!$E$6:$E$277,'Tuyen 2B'!$H$6:$H$277,"Thép hình định vị cọc|kg") -> 0 | H60: =SUMIFS('Tuyen 2C'!$E$6:$E$306,'Tuyen 2C'!$H$6:$H$306,"Thép hình định vị cọc|kg") -> 136.1012 | I60: =SUMIFS('Tuyen 3'!$E$6:$E$281,'Tuyen 3'!$H$6:$H$281,"Thép hình định vị cọc|kg") -> 270.338 | J60: =SUMIFS('Bai duc CK'!$E$6:$E$27,'Bai duc CK'!$H$6:$H$27,"Thép hình định vị cọc|kg") -> 0 | K60: =SUM(D60:J60) -> 563.0488 | L60: =SUMIFS('Thanh thai'!$G$6:$G$10,'Thanh thai'!$H$6:$H$10,"Thép hình định vị cọc|kg")+SUMIFS('Tuyen 1'!$G$6:$G$321,'Tuyen 1'!$H$6:$H$321,"Thép hình định vị cọc|kg")+SUMIFS('Tuyen 2A'!$G$6:$G$347,'Tuyen 2A'!$H$6:$H$347,"Thép hình định vị cọc|kg")+SUMIFS('Tuyen 2B'!$G$6:$G$277,'Tuyen 2B'!$H$6:$H$277,"Thép hình định vị cọc|kg")+SUMIFS('Tuyen 2C'!$G$6:$G$306,'Tuyen 2C'!$H$6:$H$306,"Thép hình định vị cọc|kg")+SUMIFS('Tuyen 3'!$G$6:$G$281,'Tuyen 3'!$H$6:$H$281,"Thép hình định vị cọc|kg")+SUMIFS('Bai duc CK'!$G$6:$G$27,'Bai duc CK'!$H$6:$H$27,"Thép hình định vị cọc|kg") -> 7561745.4 | M60: =IF(K60=0,0,L60/K60) -> 13430
A61: 55 | B61: Thép hình, thép tấm | C61: kg | D61: =SUMIFS('Thanh thai'!$E$6:$E$10,'Thanh thai'!$H$6:$H$10,"Thép hình, thép tấm|kg") -> 0 | E61: =SUMIFS('Tuyen 1'!$E$6:$E$321,'Tuyen 1'!$H$6:$H$321,"Thép hình, thép tấm|kg") -> 27.7578 | F61: =SUMIFS('Tuyen 2A'!$E$6:$E$347,'Tuyen 2A'!$H$6:$H$347,"Thép hình, thép tấm|kg") -> 33.4845 | G61: =SUMIFS('Tuyen 2B'!$E$6:$E$277,'Tuyen 2B'!$H$6:$H$277,"Thép hình, thép tấm|kg") -> 60.3477 | H61: =SUMIFS('Tuyen 2C'!$E$6:$E$306,'Tuyen 2C'!$H$6:$H$306,"Thép hình, thép tấm|kg") -> 23.16195 | I61: =SUMIFS('Tuyen 3'!$E$6:$E$281,'Tuyen 3'!$H$6:$H$281,"Thép hình, thép tấm|kg") -> 27.35775 | J61: =SUMIFS('Bai duc CK'!$E$6:$E$27,'Bai duc CK'!$H$6:$H$27,"Thép hình, thép tấm|kg") -> 37.548 | K61: =SUM(D61:J61) -> 209.6577 | L61: =SUMIFS('Thanh thai'!$G$6:$G$10,'Thanh thai'!$H$6:$H$10,"Thép hình, thép tấm|kg")+SUMIFS('Tuyen 1'!$G$6:$G$321,'Tuyen 1'!$H$6:$H$321,"Thép hình, thép tấm|kg")+SUMIFS('Tuyen 2A'!$G$6:$G$347,'Tuyen 2A'!$H$6:$H$347,"Thép hình, thép tấm|kg")+SUMIFS('Tuyen 2B'!$G$6:$G$277,'Tuyen 2B'!$H$6:$H$277,"Thép hình, thép tấm|kg")+SUMIFS('Tuyen 2C'!$G$6:$G$306,'Tuyen 2C'!$H$6:$H$306,"Thép hình, thép tấm|kg")+SUMIFS('Tuyen 3'!$G$6:$G$281,'Tuyen 3'!$H$6:$H$281,"Thép hình, thép tấm|kg")+SUMIFS('Bai duc CK'!$G$6:$G$27,'Bai duc CK'!$H$6:$H$27,"Thép hình, thép tấm|kg") -> 2968124.1 | M61: =IF(K61=0,0,L61/K61) -> 14157
A62: 56 | B62: Thép tấm | C62: kg | D62: =SUMIFS('Thanh thai'!$E$6:$E$10,'Thanh thai'!$H$6:$H$10,"Thép tấm|kg") -> 0 | E62: =SUMIFS('Tuyen 1'!$E$6:$E$321,'Tuyen 1'!$H$6:$H$321,"Thép tấm|kg") -> 4319.5828 | F62: =SUMIFS('Tuyen 2A'!$E$6:$E$347,'Tuyen 2A'!$H$6:$H$347,"Thép tấm|kg") -> 6493.5066 | G62: =SUMIFS('Tuyen 2B'!$E$6:$E$277,'Tuyen 2B'!$H$6:$H$277,"Thép tấm|kg") -> 7688.7353 | H62: =SUMIFS('Tuyen 2C'!$E$6:$E$306,'Tuyen 2C'!$H$6:$H$306,"Thép tấm|kg") -> 26539.48 | I62: =SUMIFS('Tuyen 3'!$E$6:$E$281,'Tuyen 3'!$H$6:$H$281,"Thép tấm|kg") -> 6827.4515 | J62: =SUMIFS('Bai duc CK'!$E$6:$E$27,'Bai duc CK'!$H$6:$H$27,"Thép tấm|kg") -> 0 | K62: =SUM(D62:J62) -> 51868.756 | L62: =SUMIFS('Thanh thai'!$G$6:$G$10,'Thanh thai'!$H$6:$H$10,"Thép tấm|kg")+SUMIFS('Tuyen 1'!$G$6:$G$321,'Tuyen 1'!$H$6:$H$321,"Thép tấm|kg")+SUMIFS('Tuyen 2A'!$G$6:$G$347,'Tuyen 2A'!$H$6:$H$347,"Thép tấm|kg")+SUMIFS('Tuyen 2B'!$G$6:$G$277,'Tuyen 2B'!$H$6:$H$277,"Thép tấm|kg")+SUMIFS('Tuyen 2C'!$G$6:$G$306,'Tuyen 2C'!$H$6:$H$306,"Thép tấm|kg")+SUMIFS('Tuyen 3'!$G$6:$G$281,'Tuyen 3'!$H$6:$H$281,"Thép tấm|kg")+SUMIFS('Bai duc CK'!$G$6:$G$27,'Bai duc CK'!$H$6:$H$27,"Thép tấm|kg") -> 7.1874535e+08 | M62: =IF(K62=0,0,L62/K62) -> 13857
A63: 57 | B63: Thép tròn | C63: kg | D63: =SUMIFS('Thanh thai'!$E$6:$E$10,'Thanh thai'!$H$6:$H$10,"Thép tròn|kg") -> 0 | E63: =SUMIFS('Tuyen 1'!$E$6:$E$321,'Tuyen 1'!$H$6:$H$321,"Thép tròn|kg") -> 11.08072 | F63: =SUMIFS('Tuyen 2A'!$E$6:$E$347,'Tuyen 2A'!$H$6:$H$347,"Thép tròn|kg") -> 17.47354 | G63: =SUMIFS('Tuyen 2B'!$E$6:$E$277,'Tuyen 2B'!$H$6:$H$277,"Thép tròn|kg") -> 20.88296 | H63: =SUMIFS('Tuyen 2C'!$E$6:$E$306,'Tuyen 2C'!$H$6:$H$306,"Thép tròn|kg") -> 15.3426 | I63: =SUMIFS('Tuyen 3'!$E$6:$E$281,'Tuyen 3'!$H$6:$H$281,"Thép tròn|kg") -> 18.32586 | J63: =SUMIFS('Bai duc CK'!$E$6:$E$27,'Bai duc CK'!$H$6:$H$27,"Thép tròn|kg") -> 0 | K63: =SUM(D63:J63) -> 83.10568 | L63: =SUMIFS('Thanh thai'!$G$6:$G$10,'Thanh thai'!$H$6:$H$10,"Thép tròn|kg")+SUMIFS('Tuyen 1'!$G$6:$G$321,'Tuyen 1'!$H$6:$H$321,"Thép tròn|kg")+SUMIFS('Tuyen 2A'!$G$6:$G$347,'Tuyen 2A'!$H$6:$H$347,"Thép tròn|kg")+SUMIFS('Tuyen 2B'!$G$6:$G$277,'Tuyen 2B'!$H$6:$H$277,"Thép tròn|kg")+SUMIFS('Tuyen 2C'!$G$6:$G$306,'Tuyen 2C'!$H$6:$H$306,"Thép tròn|kg")+SUMIFS('Tuyen 3'!$G$6:$G$281,'Tuyen 3'!$H$6:$H$281,"Thép tròn|kg")+SUMIFS('Bai duc CK'!$G$6:$G$27,'Bai duc CK'!$H$6:$H$27,"Thép tròn|kg") -> 1192067.9 | M63: =IF(K63=0,0,L63/K63) -> 14344
A64: 58 | B64: Thép tròn Fi ≤10mm | C64: kg | D64: =SUMIFS('Thanh thai'!$E$6:$E$10,'Thanh thai'!$H$6:$H$10,"Thép tròn Fi ≤10mm|kg") -> 0 | E64: =SUMIFS('Tuyen 1'!$E$6:$E$321,'Tuyen 1'!$H$6:$H$321,"Thép tròn Fi ≤10mm|kg") -> 4977.966 | F64: =SUMIFS('Tuyen 2A'!$E$6:$E$347,'Tuyen 2A'!$H$6:$H$347,"Thép tròn Fi ≤10mm|kg") -> 7925.6411 | G64: =SUMIFS('Tuyen 2B'!$E$6:$E$277,'Tuyen 2B'!$H$6:$H$277,"Thép tròn Fi ≤10mm|kg") -> 9291.4963 | H64: =SUMIFS('Tuyen 2C'!$E$6:$E$306,'Tuyen 2C'!$H$6:$H$306,"Thép tròn Fi ≤10mm|kg") -> 6957.0924 | I64: =SUMIFS('Tuyen 3'!$E$6:$E$281,'Tuyen 3'!$H$6:$H$281,"Thép tròn Fi ≤10mm|kg") -> 8153.766 | J64: =SUMIFS('Bai duc CK'!$E$6:$E$27,'Bai duc CK'!$H$6:$H$27,"Thép tròn Fi ≤10mm|kg") -> 0 | K64: =SUM(D64:J64) -> 37305.962 | L64: =SUMIFS('Thanh thai'!$G$6:$G$10,'Thanh thai'!$H$6:$H$10,"Thép tròn Fi ≤10mm|kg")+SUMIFS('Tuyen 1'!$G$6:$G$321,'Tuyen 1'!$H$6:$H$321,"Thép tròn Fi ≤10mm|kg")+SUMIFS('Tuyen 2A'!$G$6:$G$347,'Tuyen 2A'!$H$6:$H$347,"Thép tròn Fi ≤10mm|kg")+SUMIFS('Tuyen 2B'!$G$6:$G$277,'Tuyen 2B'!$H$6:$H$277,"Thép tròn Fi ≤10mm|kg")+SUMIFS('Tuyen 2C'!$G$6:$G$306,'Tuyen 2C'!$H$6:$H$306,"Thép tròn Fi ≤10mm|kg")+SUMIFS('Tuyen 3'!$G$6:$G$281,'Tuyen 3'!$H$6:$H$281,"Thép tròn Fi ≤10mm|kg")+SUMIFS('Bai duc CK'!$G$6:$G$27,'Bai duc CK'!$H$6:$H$27,"Thép tròn Fi ≤10mm|kg") -> 5.4432485e+08 | M64: =IF(K64=0,0,L64/K64) -> 14590.827
A65: 59 | B65: Thép tròn Fi ≤18mm | C65: kg | D65: =SUMIFS('Thanh thai'!$E$6:$E$10,'Thanh thai'!$H$6:$H$10,"Thép tròn Fi ≤18mm|kg") -> 0 | E65: =SUMIFS('Tuyen 1'!$E$6:$E$321,'Tuyen 1'!$H$6:$H$321,"Thép tròn Fi ≤18mm|kg") -> 13960.065 | F65: =SUMIFS('Tuyen 2A'!$E$6:$E$347,'Tuyen 2A'!$H$6:$H$347,"Thép tròn Fi ≤18mm|kg") -> 21190.418 | G65: =SUMIFS('Tuyen 2B'!$E$6:$E$277,'Tuyen 2B'!$H$6:$H$277,"Thép tròn Fi ≤18mm|kg") -> 23467.813 | H65: =SUMIFS('Tuyen 2C'!$E$6:$E$306,'Tuyen 2C'!$H$6:$H$306,"Thép tròn Fi ≤18mm|kg") -> 18958.648 | I65: =SUMIFS('Tuyen 3'!$E$6:$E$281,'Tuyen 3'!$H$6:$H$281,"Thép tròn Fi ≤18mm|kg") -> 20973.24 | J65: =SUMIFS('Bai duc CK'!$E$6:$E$27,'Bai duc CK'!$H$6:$H$27,"Thép tròn Fi ≤18mm|kg") -> 0 | K65: =SUM(D65:J65) -> 98550.185 | L65: =SUMIFS('Thanh thai'!$G$6:$G$10,'Thanh thai'!$H$6:$H$10,"Thép tròn Fi ≤18mm|kg")+SUMIFS('Tuyen 1'!$G$6:$G$321,'Tuyen 1'!$H$6:$H$321,"Thép tròn Fi ≤18mm|kg")+SUMIFS('Tuyen 2A'!$G$6:$G$347,'Tuyen 2A'!$H$6:$H$347,"Thép tròn Fi ≤18mm|kg")+SUMIFS('Tuyen 2B'!$G$6:$G$277,'Tuyen 2B'!$H$6:$H$277,"Thép tròn Fi ≤18mm|kg")+SUMIFS('Tuyen 2C'!$G$6:$G$306,'Tuyen 2C'!$H$6:$H$306,"Thép tròn Fi ≤18mm|kg")+SUMIFS('Tuyen 3'!$G$6:$G$281,'Tuyen 3'!$H$6:$H$281,"Thép tròn Fi ≤18mm|kg")+SUMIFS('Bai duc CK'!$G$6:$G$27,'Bai duc CK'!$H$6:$H$27,"Thép tròn Fi ≤18mm|kg") -> 1.4176541e+09 | M65: =IF(K65=0,0,L65/K65) -> 14385.099
A66: 60 | B66: Vải địa kỹ thuật | C66: m2 | D66: =SUMIFS('Thanh thai'!$E$6:$E$10,'Thanh thai'!$H$6:$H$10,"Vải địa kỹ thuật|m2") -> 0 | E66: =SUMIFS('Tuyen 1'!$E$6:$E$321,'Tuyen 1'!$H$6:$H$321,"Vải địa kỹ thuật|m2") -> 14559.741 | F66: =SUMIFS('Tuyen 2A'!$E$6:$E$347,'Tuyen 2A'!$H$6:$H$347,"Vải địa kỹ thuật|m2") -> 21723.482 | G66: =SUMIFS('Tuyen 2B'!$E$6:$E$277,'Tuyen 2B'!$H$6:$H$277,"Vải địa kỹ thuật|m2") -> 27563.13 | H66: =SUMIFS('Tuyen 2C'!$E$6:$E$306,'Tuyen 2C'!$H$6:$H$306,"Vải địa kỹ thuật|m2") -> 19419.729 | I66: =SUMIFS('Tuyen 3'!$E$6:$E$281,'Tuyen 3'!$H$6:$H$281,"Vải địa kỹ thuật|m2") -> 23033.86 | J66: =SUMIFS('Bai duc CK'!$E$6:$E$27,'Bai duc CK'!$H$6:$H$27,"Vải địa kỹ thuật|m2") -> 0 | K66: =SUM(D66:J66) -> 106299.94 | L66: =SUMIFS('Thanh thai'!$G$6:$G$10,'Thanh thai'!$H$6:$H$10,"Vải địa kỹ thuật|m2")+SUMIFS('Tuyen 1'!$G$6:$G$321,'Tuyen 1'!$H$6:$H$321,"Vải địa kỹ thuật|m2")+SUMIFS('Tuyen 2A'!$G$6:$G$347,'Tuyen 2A'!$H$6:$H$347,"Vải địa kỹ thuật|m2")+SUMIFS('Tuyen 2B'!$G$6:$G$277,'Tuyen 2B'!$H$6:$H$277,"Vải địa kỹ thuật|m2")+SUMIFS('Tuyen 2C'!$G$6:$G$306,'Tuyen 2C'!$H$6:$H$306,"Vải địa kỹ thuật|m2")+SUMIFS('Tuyen 3'!$G$6:$G$281,'Tuyen 3'!$H$6:$H$281,"Vải địa kỹ thuật|m2")+SUMIFS('Bai duc CK'!$G$6:$G$27,'Bai duc CK'!$H$6:$H$27,"Vải địa kỹ thuật|m2") -> 2551198608 | M66: =IF(K66=0,0,L66/K66) -> 24000
A67: 61 | B67: Xi măng PCB30 | C67: kg | D67: =SUMIFS('Thanh thai'!$E$6:$E$10,'Thanh thai'!$H$6:$H$10,"Xi măng PCB30|kg") -> 0 | E67: =SUMIFS('Tuyen 1'!$E$6:$E$321,'Tuyen 1'!$H$6:$H$321,"Xi măng PCB30|kg") -> 0 | F67: =SUMIFS('Tuyen 2A'!$E$6:$E$347,'Tuyen 2A'!$H$6:$H$347,"Xi măng PCB30|kg") -> 0 | G67: =SUMIFS('Tuyen 2B'!$E$6:$E$277,'Tuyen 2B'!$H$6:$H$277,"Xi măng PCB30|kg") -> 0 | H67: =SUMIFS('Tuyen 2C'!$E$6:$E$306,'Tuyen 2C'!$H$6:$H$306,"Xi măng PCB30|kg") -> 0 | I67: =SUMIFS('Tuyen 3'!$E$6:$E$281,'Tuyen 3'!$H$6:$H$281,"Xi măng PCB30|kg") -> 0 | J67: =SUMIFS('Bai duc CK'!$E$6:$E$27,'Bai duc CK'!$H$6:$H$27,"Xi măng PCB30|kg") -> 0 | K67: =SUM(D67:J67) -> 0 | L67: =SUMIFS('Thanh thai'!$G$6:$G$10,'Thanh thai'!$H$6:$H$10,"Xi măng PCB30|kg")+SUMIFS('Tuyen 1'!$G$6:$G$321,'Tuyen 1'!$H$6:$H$321,"Xi măng PCB30|kg")+SUMIFS('Tuyen 2A'!$G$6:$G$347,'Tuyen 2A'!$H$6:$H$347,"Xi măng PCB30|kg")+SUMIFS('Tuyen 2B'!$G$6:$G$277,'Tuyen 2B'!$H$6:$H$277,"Xi măng PCB30|kg")+SUMIFS('Tuyen 2C'!$G$6:$G$306,'Tuyen 2C'!$H$6:$H$306,"Xi măng PCB30|kg")+SUMIFS('Tuyen 3'!$G$6:$G$281,'Tuyen 3'!$H$6:$H$281,"Xi măng PCB30|kg")+SUMIFS('Bai duc CK'!$G$6:$G$27,'Bai duc CK'!$H$6:$H$27,"Xi măng PCB30|kg") -> 0 | M67: =IF(K67=0,0,L67/K67) -> 0
A68: 62 | B68: Xi măng PCB40 | C68: kg | D68: =SUMIFS('Thanh thai'!$E$6:$E$10,'Thanh thai'!$H$6:$H$10,"Xi măng PCB40|kg") -> 0 | E68: =SUMIFS('Tuyen 1'!$E$6:$E$321,'Tuyen 1'!$H$6:$H$321,"Xi măng PCB40|kg") -> 45747.513 | F68: =SUMIFS('Tuyen 2A'!$E$6:$E$347,'Tuyen 2A'!$H$6:$H$347,"Xi măng PCB40|kg") -> 59828.184 | G68: =SUMIFS('Tuyen 2B'!$E$6:$E$277,'Tuyen 2B'!$H$6:$H$277,"Xi măng PCB40|kg") -> 0 | H68: =SUMIFS('Tuyen 2C'!$E$6:$E$306,'Tuyen 2C'!$H$6:$H$306,"Xi măng PCB40|kg") -> 44992.037 | I68: =SUMIFS('Tuyen 3'!$E$6:$E$281,'Tuyen 3'!$H$6:$H$281,"Xi măng PCB40|kg") -> 47534.611 | J68: =SUMIFS('Bai duc CK'!$E$6:$E$27,'Bai duc CK'!$H$6:$H$27,"Xi măng PCB40|kg") -> 0 | K68: =SUM(D68:J68) -> 198102.34 | L68: =SUMIFS('Thanh thai'!$G$6:$G$10,'Thanh thai'!$H$6:$H$10,"Xi măng PCB40|kg")+SUMIFS('Tuyen 1'!$G$6:$G$321,'Tuyen 1'!$H$6:$H$321,"Xi măng PCB40|kg")+SUMIFS('Tuyen 2A'!$G$6:$G$347,'Tuyen 2A'!$H$6:$H$347,"Xi măng PCB40|kg")+SUMIFS('Tuyen 2B'!$G$6:$G$277,'Tuyen 2B'!$H$6:$H$277,"Xi măng PCB40|kg")+SUMIFS('Tuyen 2C'!$G$6:$G$306,'Tuyen 2C'!$H$6:$H$306,"Xi măng PCB40|kg")+SUMIFS('Tuyen 3'!$G$6:$G$281,'Tuyen 3'!$H$6:$H$281,"Xi măng PCB40|kg")+SUMIFS('Bai duc CK'!$G$6:$G$27,'Bai duc CK'!$H$6:$H$27,"Xi măng PCB40|kg") -> 3.1317353e+08 | M68: =IF(K68=0,0,L68/K68) -> 1580.8673
A69: 63 | B69: Xi măng PCB40 rời/bền sunfat type II | C69: kg | D69: =SUMIFS('Thanh thai'!$E$6:$E$10,'Thanh thai'!$H$6:$H$10,"Xi măng PCB40 rời/bền sunfat type II|kg") -> 0 | E69: =SUMIFS('Tuyen 1'!$E$6:$E$321,'Tuyen 1'!$H$6:$H$321,"Xi măng PCB40 rời/bền sunfat type II|kg") -> 1558032.1 | F69: =SUMIFS('Tuyen 2A'!$E$6:$E$347,'Tuyen 2A'!$H$6:$H$347,"Xi măng PCB40 rời/bền sunfat type II|kg") -> 2235239.7 | G69: =SUMIFS('Tuyen 2B'!$E$6:$E$277,'Tuyen 2B'!$H$6:$H$277,"Xi măng PCB40 rời/bền sunfat type II|kg") -> 2787422.5 | H69: =SUMIFS('Tuyen 2C'!$E$6:$E$306,'Tuyen 2C'!$H$6:$H$306,"Xi măng PCB40 rời/bền sunfat type II|kg") -> 2001257.1 | I69: =SUMIFS('Tuyen 3'!$E$6:$E$281,'Tuyen 3'!$H$6:$H$281,"Xi măng PCB40 rời/bền sunfat type II|kg") -> 2360569.1 | J69: =SUMIFS('Bai duc CK'!$E$6:$E$27,'Bai duc CK'!$H$6:$H$27,"Xi măng PCB40 rời/bền sunfat type II|kg") -> 104196.79 | K69: =SUM(D69:J69) -> 11046717 | L69: =SUMIFS('Thanh thai'!$G$6:$G$10,'Thanh thai'!$H$6:$H$10,"Xi măng PCB40 rời/bền sunfat type II|kg")+SUMIFS('Tuyen 1'!$G$6:$G$321,'Tuyen 1'!$H$6:$H$321,"Xi măng PCB40 rời/bền sunfat type II|kg")+SUMIFS('Tuyen 2A'!$G$6:$G$347,'Tuyen 2A'!$H$6:$H$347,"Xi măng PCB40 rời/bền sunfat type II|kg")+SUMIFS('Tuyen 2B'!$G$6:$G$277,'Tuyen 2B'!$H$6:$H$277,"Xi măng PCB40 rời/bền sunfat type II|kg")+SUMIFS('Tuyen 2C'!$G$6:$G$306,'Tuyen 2C'!$H$6:$H$306,"Xi măng PCB40 rời/bền sunfat type II|kg")+SUMIFS('Tuyen 3'!$G$6:$G$281,'Tuyen 3'!$H$6:$H$281,"Xi măng PCB40 rời/bền sunfat type II|kg")+SUMIFS('Bai duc CK'!$G$6:$G$27,'Bai duc CK'!$H$6:$H$27,"Xi măng PCB40 rời/bền sunfat type II|kg") -> 1.5929366e+10 | M69: =IF(K69=0,0,L69/K69) -> 1442
A70: 64 | B70: Vật liệu khác | C70: % | L70: =SUMIFS('Thanh thai'!$G$6:$G$10,'Thanh thai'!$H$6:$H$10,"Vật liệu khác|%")+SUMIFS('Tuyen 1'!$G$6:$G$321,'Tuyen 1'!$H$6:$H$321,"Vật liệu khác|%")+SUMIFS('Tuyen 2A'!$G$6:$G$347,'Tuyen 2A'!$H$6:$H$347,"Vật liệu khác|%")+SUMIFS('Tuyen 2B'!$G$6:$G$277,'Tuyen 2B'!$H$6:$H$277,"Vật liệu khác|%")+SUMIFS('Tuyen 2C'!$G$6:$G$306,'Tuyen 2C'!$H$6:$H$306,"Vật liệu khác|%")+SUMIFS('Tuyen 3'!$G$6:$G$281,'Tuyen 3'!$H$6:$H$281,"Vật liệu khác|%")+SUMIFS('Bai duc CK'!$G$6:$G$27,'Bai duc CK'!$H$6:$H$27,"Vật liệu khác|%") -> 9.0392251e+08
A71: TỔNG CỘNG CHI PHÍ VẬT LIỆU | L71: =SUM(L7:L70) -> 1.1551551e+11
B73: KIỂM TRA CHI PHÍ VẬT LIỆU THEO TỪNG TUYẾN
B74: Hạng mục | D74: Theo bảng bóc (đ) | F74: Theo dự toán - THDT hạng mục (đ) | H74: Chênh lệch
B75: Thanh thải | D75: ='Thanh thai'!G11 -> 106152960 | F75: 106152960 | H75: =ROUND(D75-F75,0) -> 0
B76: Kè bờ tuyến 1 | D76: ='Tuyen 1'!G322 -> 1.571116e+10 | F76: 1.571116e+10 | H76: =ROUND(D76-F76,0) -> 0
B77: Kè bờ tuyến 2A | D77: ='Tuyen 2A'!G348 -> 2.3046756e+10 | F77: 2.3046756e+10 | H77: =ROUND(D77-F77,0) -> 0
B78: Kè bờ tuyến 2B | D78: ='Tuyen 2B'!G278 -> 2.7464626e+10 | F78: 2.7464626e+10 | H78: =ROUND(D78-F78,0) -> 0
B79: Kè bờ tuyến 2C | D79: ='Tuyen 2C'!G307 -> 2.1441512e+10 | F79: 2.1441512e+10 | H79: =ROUND(D79-F79,0) -> 0
B80: Kè bờ tuyến 3 | D80: ='Tuyen 3'!G282 -> 2.6642127e+10 | F80: 2.6642127e+10 | H80: =ROUND(D80-F80,0) -> 0
B81: Bãi đúc cấu kiện | D81: ='Bai duc CK'!G28 -> 1.1031788e+09 | F81: 1.1031788e+09 | H81: =ROUND(D81-F81,0) -> 0
B82: Cộng | D82: =SUM(D75:D81) -> 1.1551551e+11 | F82: =SUM(F75:F81) -> 1.1551551e+11 | H82: =ROUND(D82-F82,0) -> 0
B83: Kiểm tra tổng bảng tổng hợp so với cộng các tuyến: | H83: =ROUND(L71-D82,0) -> 0
B85: Ghi chú: Khối lượng lấy từ sheet 'Vật liệu' của file dự toán (đã gồm định mức hao phí). Vật tư được cộng gộp theo Tên + Đơn vị; cùng một vật tư có nhiều đơn giá ở các tuyến thì đơn giá ở cột cuối là đơn giá bình quân. 'Vật liệu khác' tính theo % nên chỉ có thành tiền.

Sheet Thanh thai
A1: BẢNG BÓC VẬT TƯ - THANH THẢI
A2: Dự án: Xử lý khẩn cấp kè biển khu du lịch Hải Tiến, xã Hoằng Tiến
A3: (Căn cứ theo Giá vật liệu xây dựng quý 4/2025 - tỉnh Thanh Hóa) - Nguồn số liệu: Du_toan_Hoang_Tien_26.08.2026_TAC.xlsx, sheet 'Vật liệu'
A5: STT | B5: Mã hiệu | C5: Tên vật tư / Công tác sử dụng | D5: Đơn vị | E5: Khối lượng | F5: Đơn giá (đ) | G5: Thành tiền (đ) | H5: Khóa tổng hợp
A6: 1 | B6: V00515 | C6: Que hàn | D6: kg | E6: =SUM(E7:E10) -> 4246.1184 | F6: 25000 | G6: =E6*F6 -> 106152960 | H6: Que hàn|kg
B7: AA.22111 | C7: - Phá dỡ ống buy D1000 có cốt thép bằng búa căn khí nén 3m3/ph | E7: 914.592 | G7: =E7*$F$6 -> 22864800
B8: AA.22111 | C8: - Phá dỡ nắp ống bê tông có cốt thép bằng búa căn khí nén 3m3/ph | E8: 838.3776 | G8: =E8*$F$6 -> 20959440
B9: AA.22111 | C9: - Phá dỡ kết cấu bê tông có cốt thép bằng búa căn khí nén 3m3/ph | E9: 1613.088 | G9: =E9*$F$6 -> 40327200
B10: AA.22111 | C10: - Phá dỡ bậc thang có cốt thép bằng búa căn khí nén 3m3/ph | E10: 880.0608 | G10: =E10*$F$6 -> 22001520
A11: TỔNG CỘNG CHI PHÍ VẬT LIỆU | G11: =SUMIFS(G6:G10,H6:H10,"?*") -> 106152960
A12: Ghi chú: dòng in đậm là vật tư (khối lượng = tổng các công tác bên dưới); dòng in nghiêng là công tác sử dụng vật tư đó. Bấm dấu [-]/[+] bên trái để thu gọn/mở chi tiết. Chữ xanh là số liệu lấy nguyên từ file dự toán.

Sheet Tuyen 1
A1: BẢNG BÓC VẬT TƯ - KÈ BỜ TUYẾN 1
A2: Dự án: Xử lý khẩn cấp kè biển khu du lịch Hải Tiến, xã Hoằng Tiến
A3: (Căn cứ theo Giá vật liệu xây dựng quý 2/2026 - tỉnh Thanh Hóa) - Nguồn số liệu: Du_toan_Hoang_Tien_26.08.2026_TAC.xlsx, sheet 'Vật liệu'
A5: STT | B5: Mã hiệu | C5: Tên vật tư / Công tác sử dụng | D5: Đơn vị | E5: Khối lượng | F5: Đơn giá (đ) | G5: Thành tiền (đ) | H5: Khóa tổng hợp
A6: 1 | B6: V00710 | C6: Bó vỉa đá 100x20x38cm | D6: m | E6: =SUM(E7:E7) -> 149.65 | F6: 525000 | G6: =E6*F6 -> 78566250 | H6: Bó vỉa đá 100x20x38cm|m
B7: AK.57121 | C7: - Bó vỉa thẳng hè, bó vỉa đá 20x30x100cm, vữa XM M25, PCB40 | E7: 149.65 | G7: =E7*$F$6 -> 78566250
A8: 2 | B8: V00091 | C8: Bột đá (4,75%) | D8: kg | E8: =SUM(E9:E9) -> 14187.491 | F8: 721 | G8: =E8*F8 -> 10229181 | H8: Bột đá (4,75%)|kg
B9: TT | C9: - Tỷ phối BTN C16 | E9: 14187.491 | G9: =E9*$F$8 -> 10229181
A10: 3 | B10: V85971 | C10: Cát mịn ML=1,5÷2,0 | D10: m3 | E10: =SUM(E11:E14) -> 47.881433 | F10: 254920 | G10: =E10*F10 -> 12205935 | H10: Cát mịn ML=1,5÷2,0|m3
B11: AK.55110 | C11: - Lát gạch xi măng, vữa XM M75, PCB40 | E11: 27.269742 | G11: =E11*$F$10 -> 6951602.8
B12: AK.55113 | C12: - Lát gạch xi măng, vữa XM M75, PCB40 | E12: 17.82382 | G12: =E12*$F$10 -> 4543648.2
B13: AK.57121 | C13: - Bó vỉa thẳng hè, bó vỉa đá 20x30x100cm, vữa XM M25, PCB40 | E13: 0.92929 | G13: =E13*$F$10 -> 236894.61
B14: AK.57121 | C14: - Tấm đan bó vỉa 50x30x5cm, vữa XM M25, PCB40 | E14: 1.85858 | G14: =E14*$F$10 -> 473789.21
A15: 4 | B15: V00112 | C15: Cát vàng | D15: m3 | E15: =SUM(E16:E33) -> 2295.1093 | F15: 498275 | G15: =E15*F15 -> 1.1435956e+09 | H15: Cát vàng|m3
B16: AF.12154 | C16: - Bê tông vai kè, đổ bằng thủ công - Chiều dày ≤45cm, chiều cao ≤6m, M300, đá 2x4, PCB40 | E16: 91.535185 | G16: =E16*$F$15 -> 45609695
B17: AG.11924 | C17: - Bê tông khối bậc thang 2T, bê tông M300, đá 2x4, PCB40 - Đổ bê tông đúc sẵn bằng thủ công (vữa bê tông sản xuất bằng máy trộn) | E17: 1365.3607 | G17: =E17*$F$15 -> 6.803251e+08
B18: AG.11924 | C18: - Bê tông khối bậc thang 2T, bê tông M300, đá 2x4, PCB40 - Đổ bê tông đúc sẵn bằng thủ công (vữa bê tông sản xuất bằng máy trộn) | E18: 21.570526 | G18: =E18*$F$15 -> 10748054
B19: AG.11924 | C19: - Bê tông khối bậc thang 2T, bê tông M300, đá 2x4, PCB40 - Đổ bê tông đúc sẵn bằng thủ công (vữa bê tông sản xuất bằng máy trộn) | E19: 24.613374 | G19: =E19*$F$15 -> 12264229
B20: AG.11924 | C20: - Bê tông khối chặn chân 1,5x1,5x0,5m, bê tông M300, đá 2x4, PCB40 - Đổ bê tông đúc sẵn bằng thủ công (vữa bê tông sản xuất bằng máy trộn) | E20: 330.99653 | G20: =E20*$F$15 -> 1.649273e+08
B21: AG.11924 | C21: - Bê tông khối vai kè 2T, bê tông thương phẩm M300, đá 2x4 - Đổ bê tông đúc sẵn bằng thủ công | E21: 74.718261 | G21: =E21*$F$15 -> 37230241
B22: AG.11924 | C22: - Bê tông khối vai kè 2T, bê tông thương phẩm M300, đá 2x4 - Đổ bê tông đúc sẵn bằng thủ công | E22: 77.449676 | G22: =E22*$F$15 -> 38591238
B23: AF.12314 | C23: - Bê tông dầm 50x50cm khóa đầu kè, đổ bằng thủ công, chiều cao ≤6m, M300, đá 2x4, PCB40 | E23: 4.3462973 | G23: =E23*$F$15 -> 2165651.3
B24: AF.24314 | C24: - Bê tông tường chắn, Chiều dày (cm) ≤45cm, bê tông M300, đá 2x4, PCB40 | E24: 44.798312 | G24: =E24*$F$15 -> 22321879
B25: AF.24314 | C25: - Bê tông tường chắn, Chiều dày (cm) ≤45cm, bê tông M300, đá 2x4, PCB40 | E25: 52.676298 | G25: =E25*$F$15 -> 26247282
B26: AF.12155A | C26: - Bê tông tường SX bằng máy trộn, đổ bằng thủ công - Chiều dày ≤45cm, chiều cao ≤6m, M300, đá 2x4, PCB30 | E26: 33.672203 | G26: =E26*$F$15 -> 16778017
B27: AF.12614 | C27: - Bê tông bậc lên xuống, đổ bằng thủ công, bê tông M300, đá 2x4, PCB40 | E27: 7.6820675 | G27: =E27*$F$15 -> 3827782.2
... B33: AF.11314 | C33: - Bê tông nền SX bằng máy trộn, đổ bằng thủ công, M200, đá 2x4, PCB40 | E33: 32.054845 | G33: =E33*$F$15 -> 15972128
A34: 5 | B34: V00649 | C34: Cọc định vị | D34: kg | E34: =SUM(E35:E35) -> 8.83584 | F34: 13730 | G34: =E34*F34 -> 121316.08 | H34: Cọc định vị|kg
B35: TT | C35: - Thi công ống địa kĩ thuật (Ống Geotube) | E35: 8.83584 | G35: =E35*$F$34 -> 121316.08
A36: 6 | B36: V18044 | C36: Cọc tiếp địa, thép L63x63 | D36: bộ | E36: =SUM(E37:E37) -> 4 | F36: 920000 | G36: =E36*F36 -> 3680000 | H36: Cọc tiếp địa, thép L63x63|bộ
B37: CS.1.06.10 | C37: - Làm tiếp địa cho cột điện | E37: 4 | G37: =E37*$F$36 -> 3680000
A38: 7 | B38: V01982 | C38: Cồn rửa | D38: kg | E38: =SUM(E39:E40) -> 1.208649 | F38: 15000 | G38: =E38*F38 -> 18129.735 | H38: Cồn rửa|kg
B39: BB.41108 | C39: - Lắp đặt ống nhựa PVC miệng bát, nối bằng p/p dán keo, đoạn ống dài 6m - Đường kính 100mm thoát nước | E39: 0.135954 | G39: =E39*$F$38 -> 2039.31
B40: BB.41111 | C40: - Lắp đặt ống nhựa PVC miệng bát, nối bằng p/p dán keo, đoạn ống dài 6m - Đường kính 200mm chứa dây điện | E40: 1.072695 | G40: =E40*$F$38 -> 16090.425
A41: 8 | B41: V00199 | C41: Cột chống thép ống | D41: kg | E41: =SUM(E42:E43) -> 227.88776 | F41: 16480 | G41: =E41*F41 -> 3755590.3 | H41: Cột chống thép ống|kg
B42: AF.86381 | C42: - Ván khuôn thép tường chắn | E42: 119.61381 | G42: =E42*$F$41 -> 1971235.6
B43: AF.86381 | C43: - Ván khuôn thép tường chắn | E43: 108.27395 | G43: =E43*$F$41 -> 1784354.7
A44: 9 | B44: V05208 | C44: Đá 2x4 | D44: m3 | E44: =SUM(E45:E60) -> 3578.2574 | F44: 473574 | G44: =E44*F44 -> 1.6945697e+09 | H44: Đá 2x4|m3
B45: AF.12154 | C45: - Bê tông vai kè, đổ bằng thủ công - Chiều dày ≤45cm, chiều cao ≤6m, M300, đá 2x4, PCB40 | E45: 148.49446 | G45: =E45*$F$44 -> 70323114
B46: AG.11924 | C46: - Bê tông khối bậc thang 2T, bê tông M300, đá 2x4, PCB40 - Đổ bê tông đúc sẵn bằng thủ công (vữa bê tông sản xuất bằng máy trộn) | E46: 2214.9788 | G46: =E46*$F$44 -> 1.0489564e+09
B47: AG.11924 | C47: - Bê tông khối bậc thang 2T, bê tông M300, đá 2x4, PCB40 - Đổ bê tông đúc sẵn bằng thủ công (vữa bê tông sản xuất bằng máy trộn) | E47: 34.99314 | G47: =E47*$F$44 -> 16571841
B48: AG.11924 | C48: - Bê tông khối bậc thang 2T, bê tông M300, đá 2x4, PCB40 - Đổ bê tông đúc sẵn bằng thủ công (vữa bê tông sản xuất bằng máy trộn) | E48: 39.92945 | G48: =E48*$F$44 -> 18909550
B49: AG.11924 | C49: - Bê tông khối chặn chân 1,5x1,5x0,5m, bê tông M300, đá 2x4, PCB40 - Đổ bê tông đúc sẵn bằng thủ công (vữa bê tông sản xuất bằng máy trộn) | E49: 536.96456 | G49: =E49*$F$44 -> 2.5429245e+08
B50: AG.11924 | C50: - Bê tông khối vai kè 2T, bê tông thương phẩm M300, đá 2x4 - Đổ bê tông đúc sẵn bằng thủ công | E50: 121.21292 | G50: =E50*$F$44 -> 57403289
B51: AG.11924 | C51: - Bê tông khối vai kè 2T, bê tông thương phẩm M300, đá 2x4 - Đổ bê tông đúc sẵn bằng thủ công | E51: 125.64401 | G51: =E51*$F$44 -> 59501735
B52: AF.12314 | C52: - Bê tông dầm 50x50cm khóa đầu kè, đổ bằng thủ công, chiều cao ≤6m, M300, đá 2x4, PCB40 | E52: 7.050852 | G52: =E52*$F$44 -> 3339100.2
B53: AF.24314 | C53: - Bê tông tường chắn, Chiều dày (cm) ≤45cm, bê tông M300, đá 2x4, PCB40 | E53: 72.674796 | G53: =E53*$F$44 -> 34416894
B54: AF.24314 | C54: - Bê tông tường chắn, Chiều dày (cm) ≤45cm, bê tông M300, đá 2x4, PCB40 | E54: 85.454988 | G54: =E54*$F$44 -> 40469260
B55: AF.12155A | C55: - Bê tông tường SX bằng máy trộn, đổ bằng thủ công - Chiều dày ≤45cm, chiều cao ≤6m, M300, đá 2x4, PCB30 | E55: 54.625284 | G55: =E55*$F$44 -> 25869114
B56: AF.12614 | C56: - Bê tông bậc lên xuống, đổ bằng thủ công, bê tông M300, đá 2x4, PCB40 | E56: 12.46236 | G56: =E56*$F$44 -> 5901849.7
... B60: AF.13226 | C60: - Bê tông rãnh nước, đổ bằng thủ công, bê tông M400, đá 2x4, PCB40 | E60: 56.113666 | G60: =E60*$F$44 -> 26573973
A61: 10 | B61: V05208 | C61: Đá 2x4 | D61: m3 | E61: =SUM(E62:E63) -> 145.46681 | F61: 357665 | G61: =E61*F61 -> 52028387 | H61: Đá 2x4|m3
B62: AF.11325A | C62: - Bê tông nền SX bằng máy trộn, đổ bằng thủ công, M200, đá 2x4, PCB40 | E62: 93.331631 | G62: =E62*$F$61 -> 33381458
B63: AF.11314 | C63: - Bê tông nền SX bằng máy trộn, đổ bằng thủ công, M200, đá 2x4, PCB40 | E63: 52.13518 | G63: =E63*$F$61 -> 18646929
A64: 11 | B64: V05209 | C64: Đá 4x6 | D64: m3 | E64: =SUM(E65:E67) -> 2612.7431 | F64: 370419 | G64: =E64*F64 -> 9.6780969e+08 | H64: Đá 4x6|m3
B65: TLB.21311 | C65: - Đá dăm 4x6cm (dày 20cm) | E65: 2509.331 | G65: =E65*$F$64 -> 9.2950388e+08
B66: TLB.2131 | C66: - Đá dăm 4x6cm lót | E66: 1.859 | G66: =E66*$F$64 -> 688608.92
B67: AB.55311 | C67: - Thi công đá dăm 4x6cm bằng máy đào 1,25m3 | E67: 101.5531 | G67: =E67*$F$64 -> 37617198
A68: 12 | B68: V11034 | C68: Đá dăm 0,5x1 BTC (32,47%) | D68: m3 | E68: =SUM(E69:E69) -> 65.702898 | F68: 350419 | G68: =E68*F68 -> 23023544 | H68: Đá dăm 0,5x1 BTC (32,47%)|m3
B69: TT | C69: - Tỷ phối BTN C16 | E69: 65.702898 | G69: =E69*$F$68 -> 23023544
A70: 13 | B70: V00811 | C70: Đá dăm 1x2 BTN (27,69%) | D70: m3 | E70: =SUM(E71:E71) -> 75.05199 | F70: 402507 | G70: =E70*F70 -> 30208951 | H70: Đá dăm 1x2 BTN (27,69%)|m3
B71: TT | C71: - Tỷ phối BTN C16 | E71: 75.05199 | G71: =E71*$F$70 -> 30208951
A72: 14 | B72: V00823 | C72: Đá hộc 100-200kg | D72: m3 | E72: =SUM(E73:E73) -> 528.5236 | F72: 379446 | G72: =E72*F72 -> 2.0054617e+08 | H72: Đá hộc 100-200kg|m3
B73: AB.55313vd | C73: - Thi công đá hộc 100-200kg đổ rối | E73: 528.5236 | G73: =E73*$F$72 -> 2.0054617e+08
A74: 15 | B74: V00823 | C74: Đá hộc hỗn hợp | D74: m3 | E74: =SUM(E75:E77) -> 15301.816 | F74: 379446 | G74: =E74*F74 -> 5.8062128e+09 | H74: Đá hộc hỗn hợp|m3
B75: AB.55311vd | C75: - Thi công đá hộc hỗn hợp đổ rối | E75: 2974.9284 | G75: =E75*$F$74 -> 1.1288247e+09
B76: AB.67120vd | C76: - Thi công đá hộc hỗn hợp làm phẳng mái | E76: 2864.7082 | G76: =E76*$F$74 -> 1.0870021e+09
B77: AB.67120vd | C77: - Thi công đá hộc 100-200kg làm phẳng mái | E77: 9462.1793 | G77: =E77*$F$74 -> 3.5903861e+09
A78: 16 | B78: V04361 | C78: Đá mạt BTN (30,59) | D78: m3 | E78: =SUM(E79:E79) -> 56.031315 | F78: 290419 | G78: =E78*F78 -> 16272559 | H78: Đá mạt BTN (30,59)|m3
B79: TT | C79: - Tỷ phối BTN C16 | E79: 56.031315 | G79: =E79*$F$78 -> 16272559
A80: 17 | B80: V03101 | C80: Dầu bảo ôn | D80: lít | E80: =SUM(E81:E81) -> 134.37145 | F80: 35000 | G80: =E80*F80 -> 4703000.9 | H80: Dầu bảo ôn|lít
B81: AD.26143 | C81: - Sản xuất đá dăm đen, bê tông nhựa hạt mịn bằng trạm trộn 120T/h | E81: 134.37145 | G81: =E81*$F$80 -> 4703000.9
A82: 18 | B82: V03102 | C82: Dầu diezel | D82: lít | E82: =SUM(E83:E83) -> 474.25219 | F82: 28090 | G82: =E82*F82 -> 13321744 | H82: Dầu diezel|lít
B83: AD.26143 | C83: - Sản xuất đá dăm đen, bê tông nhựa hạt mịn bằng trạm trộn 120T/h | E83: 474.25219 | G83: =E83*$F$82 -> 13321744
A84: 19 | B84: V03103 | C84: Dầu mazút | D84: lít | E84: =SUM(E85:E85) -> 2687.4291 | F84: 14538 | G84: =E84*F84 -> 39069844 | H84: Dầu mazút|lít
B85: AD.26143 | C85: - Sản xuất đá dăm đen, bê tông nhựa hạt mịn bằng trạm trộn 120T/h | E85: 2687.4291 | G85: =E85*$F$84 -> 39069844
A86: 20 | B86: V00226 | C86: Dây thép | D86: kg | E86: =SUM(E87:E97) -> 213.57216 | F86: 21000 | G86: =E86*F86 -> 4485015.5 | H86: Dây thép|kg
B87: AG.13720 | C87: - Lắp đặt thép móc cẩu vào khối bậc thang 2T | E87: 100.11552 | G87: =E87*$F$86 -> 2102425.9
B88: AG.13720 | C88: - Cắt thép móc cẩu | E88: 20.023103 | G88: =E88*$F$86 -> 420485.17
B89: AG.13720 | C89: - Lắp đặt thép móc cẩu vào khối bậc thang 2T | E89: 2.121872 | G89: =E89*$F$86 -> 44559.312
B90: AG.13720 | C90: - Cắt thép móc cẩu | E90: 0.4243744 | G90: =E90*$F$86 -> 8911.8624
B91: AG.13720 | C91: - Lắp đặt thép móc cẩu vào khối bậc thang 2T | E91: 2.4214304 | G91: =E91*$F$86 -> 50850.038
B92: AG.13720 | C92: - Cắt thép móc cẩu | E92: 0.48428608 | G92: =E92*$F$86 -> 10170.008
B93: AF.61521 | C93: - Lắp dựng cốt thép dầm BTCT khoá đầu kè, ĐK ≤18mm, chiều cao ≤6m | E93: 1.4186336 | G93: =E93*$F$86 -> 29791.306
B94: AF.61511 | C94: - Lắp dựng cốt thép dầm BTCT khoá đầu kè, ĐK ≤10mm | E94: 0.7639678 | G94: =E94*$F$86 -> 16043.324
B95: AF.61511 | C95: - Lắp dựng rãnh thoát nước, ĐK ≤10mm | E95: 61.3461 | G95: =E95*$F$86 -> 1288268.1
B96: AF.61511 | C96: - Lắp dựng cốt thép nắp rãnh thoát nước, ĐK ≤10mm | E96: 17.487856 | G96: =E96*$F$86 -> 367244.98
B97: AI.64231 | C97: - Lắp đặt cấu kiện thép đặt sẵn trong bê tông, KL ≤50kg/1 cấu kiện | E97: 6.965024 | G97: =E97*$F$86 -> 146265.5
A98: 21 | B98: V06468 | C98: Dây thép D10mm | D98: kg | E98: =SUM(E99:E99) -> 24.8 | F98: 21000 | G98: =E98*F98 -> 520800 | H98: Dây thép D10mm|kg
B99: BA.19302 | C99: - Kéo rải dây thép, D=10mm | E99: 24.8 | G99: =E99*$F$98 -> 520800
A100: 22 | B100: V00360 | C100: Gạch Terrazzo | D100: m2 | E100: =SUM(E101:E102) -> 1530.9075 | F100: 150000 | G100: =E100*F100 -> 229636125 | H100: Gạch Terrazzo|m2
B101: AK.55110 | C101: - Lát gạch xi măng, vữa XM M75, PCB40 | E101: 925.7963 | G101: =E101*$F$100 -> 138869445
B102: AK.55113 | C102: - Lát gạch xi măng, vữa XM M75, PCB40 | E102: 605.1112 | G102: =E102*$F$100 -> 90766680
A103: 23 | B103: V00394 | C103: Gỗ kê | D103: m3 | E103: =SUM(E104:E104) -> 0.0104 | F103: 2954545 | G103: =E103*F103 -> 30727.268 | H103: Gỗ kê|m3
B104: SA.21611 | C104: - Tháo dỡ các kết cấu thép - cột đèn | E104: 0.0104 | G104: =E104*$F$103 -> 30727.268
A105: 24 | B105: V05607 | C105: Khí gas | D105: kg | E105: =SUM(E106:E106) -> 20.05032 | F105: 24400 | G105: =E105*F105 -> 489227.81 | H105: Khí gas|kg
B106: AK.91131 | C106: - Sơn kẻ đường bằng sơn dẻo nhiệt phản quang, dày sơn 2mm | E106: 20.05032 | G106: =E106*$F$105 -> 489227.81
A107: 25 | B107: VT1 | C107: Khung móng M24 | D107: bộ | E107: =SUM(E108:E108) -> 4 | F107: 830000 | G107: =E107*F107 -> 3320000 | H107: Khung móng M24|bộ
B108: TT | C108: - Bulong móng M24 | E108: 4 | G108: =E108*$F$107 -> 3320000
A109: 26 | B109: TT | C109: Mua tấm đan làm bằng gang 1000x350mm | D109: 1 cấu kiện | E109: 26 | F109: 1265000 | G109: =E109*F109 -> 32890000 | H109: Mua tấm đan làm bằng gang 1000x350mm|1 cấu kiện
...

Sheet Tuyen 2A
A1: BẢNG BÓC VẬT TƯ - KÈ BỜ TUYẾN 2A
A2: Dự án: Xử lý khẩn cấp kè biển khu du lịch Hải Tiến, xã Hoằng Tiến
A3: (Căn cứ theo Giá vật liệu xây dựng quý 2/2026 - tỉnh Thanh Hóa) - Nguồn số liệu: Du_toan_Hoang_Tien_26.08.2026_TAC.xlsx, sheet 'Vật liệu'
A5: STT | B5: Mã hiệu | C5: Tên vật tư / Công tác sử dụng | D5: Đơn vị | E5: Khối lượng | F5: Đơn giá (đ) | G5: Thành tiền (đ) | H5: Khóa tổng hợp
A6: 1 | B6: V00710 | C6: Bó vỉa đá 100x20x38cm | D6: m | E6: =SUM(E7:E7) -> 61.5 | F6: 525000 | G6: =E6*F6 -> 32287500 | H6: Bó vỉa đá 100x20x38cm|m
B7: AK.57121 | C7: - Bó vỉa thẳng hè, bó vỉa đá 20x30x100cm, vữa XM M25, PCB40 | E7: 61.5 | G7: =E7*$F$6 -> 32287500
A8: 2 | B8: V00091 | C8: Bột đá (4,75%) | D8: kg | E8: =SUM(E9:E9) -> 1505.0413 | F8: 721 | G8: =E8*F8 -> 1085134.8 | H8: Bột đá (4,75%)|kg
B9: TT | C9: - Tỷ phối BTN C16 | E9: 1505.0413 | G9: =E9*$F$8 -> 1085134.8
A10: 3 | B10: V00010 | C10: Bu lông | D10: cái | E10: =SUM(E11:E11) -> 25.71528 | F10: 2500 | G10: =E10*F10 -> 64288.2 | H10: Bu lông|cái
B11: AI.63311 | C11: - Lắp dựng kết cấu thép hệ khung dàn, sàn đạo trên cạn | E11: 25.71528 | G11: =E11*$F$10 -> 64288.2
A12: 4 | B12: V03097 | C12: Cấp phối đá dăm loại 1 | D12: m3 | E12: =SUM(E13:E13) -> 39.0744 | F12: 347961 | G12: =E12*F12 -> 13596367 | H12: Cấp phối đá dăm loại 1|m3
B13: AD.11222 | C13: - Thi công móng cấp phối đá dăm loại I dày 15cm | E13: 39.0744 | G13: =E13*$F$12 -> 13596367
A14: 5 | B14: V03097 | C14: Cấp phối đá dăm loại 2 | D14: m3 | E14: =SUM(E15:E15) -> 78.1488 | F14: 329780 | G14: =E14*F14 -> 25771911 | H14: Cấp phối đá dăm loại 2|m3
B15: AD.11212 | C15: - Thi công móng cấp phối đá dăm loại II dày 30cm | E15: 78.1488 | G15: =E15*$F$14 -> 25771911
A16: 6 | B16: V85971 | C16: Cát mịn ML=1,5÷2,0 | D16: m3 | E16: =SUM(E17:E20) -> 53.460183 | F16: 254920 | G16: =E16*F16 -> 13628070 | H16: Cát mịn ML=1,5÷2,0|m3
B17: AK.55110 | C17: - Lát gạch xi măng, vữa XM M75, PCB40 | E17: 42.081375 | G17: =E17*$F$16 -> 10727384
B18: AK.55113 | C18: - Lát gạch xi măng, vữa XM M75, PCB40 | E18: 10.233107 | G18: =E18*$F$16 -> 2608623.8
B19: AK.57121 | C19: - Bó vỉa thẳng hè, bó vỉa đá 20x30x100cm, vữa XM M25, PCB40 | E19: 0.3819 | G19: =E19*$F$16 -> 97353.948
B20: AK.57121 | C20: - Tấm đan bó vỉa 50x30x5cm, vữa XM M25, PCB40 | E20: 0.7638 | G20: =E20*$F$16 -> 194707.9
A21: 7 | B21: V00112 | C21: Cát vàng | D21: m3 | E21: =SUM(E22:E37) -> 3281.3221 | F21: 498275 | G21: =E21*F21 -> 1.6350008e+09 | H21: Cát vàng|m3
B22: AF.12154 | C22: - Bê tông vai kè, đổ bằng thủ công - Chiều dày ≤45cm, chiều cao ≤6m, M300, đá 2x4, PCB40 | E22: 139.5146 | G22: =E22*$F$21 -> 69516635
B23: AG.11924 | C23: - Bê tông khối bậc thang 2T, bê tông M300, đá 2x4, PCB40 - Đổ bê tông đúc sẵn bằng thủ công (vữa bê tông sản xuất bằng máy trộn) | E23: 1981.4864 | G23: =E23*$F$21 -> 9.8732514e+08
B24: AG.11924 | C24: - Bê tông khối bậc thang loại A, bê tông M300, đá 2x4, PCB40 - Đổ bê tông đúc sẵn bằng thủ công (vữa bê tông sản xuất bằng máy trộn) | E24: 33.747025 | G24: =E24*$F$21 -> 16815299
B25: AG.11924 | C25: - Bê tông khối bậc thang loại B, bê tông M300, đá 2x4, PCB40 - Đổ bê tông đúc sẵn bằng thủ công (vữa bê tông sản xuất bằng máy trộn) | E25: 20.804709 | G25: =E25*$F$21 -> 10366466
B26: AG.11924 | C26: - Bê tông khối chặn chân 1,5x1,5x0,5m, bê tông M300, đá 2x4, PCB40 - Đổ bê tông đúc sẵn bằng thủ công (vữa bê tông sản xuất bằng máy trộn) | E26: 436.5364 | G26: =E26*$F$21 -> 2.1751517e+08
B27: AG.11924 | C27: - Bê tông khối vai kè 2T, bê tông thương phẩm M300, đá 2x4 - Đổ bê tông đúc sẵn bằng thủ công | E27: 120.19761 | G27: =E27*$F$21 -> 59891464
B28: AG.11924 | C28: - Bê tông khối vai kè 2T, bê tông thương phẩm M300, đá 2x4 - Đổ bê tông đúc sẵn bằng thủ công | E28: 117.52746 | G28: =E28*$F$21 -> 58560995
B29: AF.24314 | C29: - Bê tông tường chắn, Chiều dày (cm) ≤45cm, bê tông M300, đá 2x4, PCB40 | E29: 70.644087 | G29: =E29*$F$21 -> 35200182
B30: AF.24314 | C30: - Bê tông tường chắn, Chiều dày (cm) ≤45cm, bê tông M300, đá 2x4, PCB40 | E30: 79.986306 | G30: =E30*$F$21 -> 39855176
B31: AF.12155A | C31: - Bê tông tường SX bằng máy trộn, đổ bằng thủ công - Chiều dày ≤45cm, chiều cao ≤6m, M300, đá 2x4, PCB30 | E31: 89.364615 | G31: =E31*$F$21 -> 44528153
B32: AF.12614 | C32: - Bê tông bậc lên xuống, đổ bằng thủ công, bê tông M300, đá 2x4, PCB40 | E32: 16.647917 | G32: =E32*$F$21 -> 8295240.7
B33: AF.13226 | C33: - Bê tông rãnh nước, đổ bằng thủ công, bê tông M400, đá 2x4, PCB40 | E33: 54.483875 | G33: =E33*$F$21 -> 27147953
... B37: AF.12314 | C37: - Bê tông dầm mũ SX bằng máy trộn, đổ bằng thủ công, chiều cao ≤6m, M300, đá 2x4, PCB40 | E37: 7.9037647 | G37: =E37*$F$21 -> 3938248.4
A38: 8 | B38: V42165 | C38: Cọc cừ máng BT dự ứng lực, chiều cao 30-50cm | D38: m | E38: =SUM(E39:E42) -> 339.36 | F38: 2600000 | G38: =E38*F38 -> 882336000 | H38: Cọc cừ máng BT dự ứng lực, chiều cao 30-50cm|m
B39: AC.12411 | C39: - Đóng cọc cừ máng bê tông dự ứng lực trên cạn bằng búa rung 50kW kết hợp xói nước đầu cọc, chiều cao máng cọc 30-50cm (phần ngập đất) | E39: 171.8414 | G39: =E39*$F$38 -> 446787640
B40: AC.12411 | C40: - Đóng cọc cừ máng bê tông dự ứng lực trên cạn bằng búa rung 50kW kết hợp xói nước đầu cọc, chiều cao máng cọc 30-50cm (phần tự do) | E40: 70.5586 | G40: =E40*$F$38 -> 183452360
B41: AC.12411 | C41: - Đóng cọc cừ máng bê tông dự ứng lực trên cạn bằng búa rung 50kW kết hợp xói nước đầu cọc, chiều cao máng cọc 30-50cm (phần ngập đất) | E41: 66.3671 | G41: =E41*$F$38 -> 172554460
B42: AC.12411 | C42: - Đóng cọc cừ máng bê tông dự ứng lực trên cạn bằng búa rung 50kW kết hợp xói nước đầu cọc, chiều cao máng cọc 30-50cm (phần tự do) | E42: 30.5929 | G42: =E42*$F$38 -> 79541540
A43: 9 | B43: V00649 | C43: Cọc định vị | D43: kg | E43: =SUM(E44:E44) -> 12.805 | F43: 13730 | G43: =E43*F43 -> 175812.65 | H43: Cọc định vị|kg
B44: TT | C44: - Thi công ống địa kĩ thuật (Ống Geotube) | E44: 12.805 | G44: =E44*$F$43 -> 175812.65
A45: 10 | B45: V01982 | C45: Cồn rửa | D45: kg | E45: =SUM(E46:E47) -> 2.704078 | F45: 15000 | G45: =E45*F45 -> 40561.17 | H45: Cồn rửa|kg
B46: BB.41111 | C46: - Lắp đặt ống nhựa PVC miệng bát, nối bằng p/p dán keo, đoạn ống dài 6m - Đường kính 200mm chứa dây điện | E46: 2.665 | G46: =E46*$F$45 -> 39975
B47: BB.41108 | C47: - Lắp đặt ống nhựa PVC miệng bát, nối bằng p/p dán keo, đoạn ống dài 6m - Đường kính 100mm thoát nước | E47: 0.039078 | G47: =E47*$F$45 -> 586.17
A48: 11 | B48: V00199 | C48: Cột chống thép ống | D48: kg | E48: =SUM(E49:E50) -> 352.37458 | F48: 16480 | G48: =E48*F48 -> 5807133.1 | H48: Cột chống thép ống|kg
B49: AF.86381 | C49: - Ván khuôn thép tường chắn | E49: 170.73851 | G49: =E49*$F$48 -> 2813770.7
B50: AF.86381 | C50: - Ván khuôn thép tường chắn | E50: 181.63607 | G50: =E50*$F$48 -> 2993362.4
A51: 12 | B51: V00199 | C51: Cột chống thép ống | D51: kg | E51: =SUM(E52:E52) -> 20.989339 | F51: 16480 | G51: =E51*F51 -> 345904.31 | H51: Cột chống thép ống|kg
B52: AF.86311 | C52: - Ván khuôn thép, khung xương, cột chống giáo ống, xà dầm, giằng, chiều cao ≤28m | E52: 20.989339 | G52: =E52*$F$51 -> 345904.31
A53: 13 | B53: V00124 | C53: Cút thép đầu cọc D34/15 | D53: cái | E53: =SUM(E54:E57) -> 1.4784 | F53: 19570 | G53: =E53*F53 -> 28932.288 | H53: Cút thép đầu cọc D34/15|cái
B54: AC.12411 | C54: - Đóng cọc cừ máng bê tông dự ứng lực trên cạn bằng búa rung 50kW kết hợp xói nước đầu cọc, chiều cao máng cọc 30-50cm (phần ngập đất) | E54: 0.748616 | G54: =E54*$F$53 -> 14650.415
B55: AC.12411 | C55: - Đóng cọc cừ máng bê tông dự ứng lực trên cạn bằng búa rung 50kW kết hợp xói nước đầu cọc, chiều cao máng cọc 30-50cm (phần tự do) | E55: 0.307384 | G55: =E55*$F$53 -> 6015.5049
B56: AC.12411 | C56: - Đóng cọc cừ máng bê tông dự ứng lực trên cạn bằng búa rung 50kW kết hợp xói nước đầu cọc, chiều cao máng cọc 30-50cm (phần ngập đất) | E56: 0.289124 | G56: =E56*$F$53 -> 5658.1567
B57: AC.12411 | C57: - Đóng cọc cừ máng bê tông dự ứng lực trên cạn bằng búa rung 50kW kết hợp xói nước đầu cọc, chiều cao máng cọc 30-50cm (phần tự do) | E57: 0.133276 | G57: =E57*$F$53 -> 2608.2113
A58: 14 | B58: V05208 | C58: Đá 2x4 | D58: m3 | E58: =SUM(E59:E71) -> 5138.2521 | F58: 473574 | G58: =E58*F58 -> 2.4333426e+09 | H58: Đá 2x4|m3
B59: AF.12154 | C59: - Bê tông vai kè, đổ bằng thủ công - Chiều dày ≤45cm, chiều cao ≤6m, M300, đá 2x4, PCB40 | E59: 226.32984 | G59: =E59*$F$58 -> 1.0718393e+08
B60: AG.11924 | C60: - Bê tông khối bậc thang 2T, bê tông M300, đá 2x4, PCB40 - Đổ bê tông đúc sẵn bằng thủ công (vữa bê tông sản xuất bằng máy trộn) | E60: 3214.4988 | G60: =E60*$F$58 -> 1.5223031e+09
B61: AG.11924 | C61: - Bê tông khối bậc thang loại A, bê tông M300, đá 2x4, PCB40 - Đổ bê tông đúc sẵn bằng thủ công (vữa bê tông sản xuất bằng máy trộn) | E61: 54.746664 | G61: =E61*$F$58 -> 25926597
B62: AG.11924 | C62: - Bê tông khối bậc thang loại B, bê tông M300, đá 2x4, PCB40 - Đổ bê tông đúc sẵn bằng thủ công (vữa bê tông sản xuất bằng máy trộn) | E62: 33.75078 | G62: =E62*$F$58 -> 15983492
B63: AG.11924 | C63: - Bê tông khối chặn chân 1,5x1,5x0,5m, bê tông M300, đá 2x4, PCB40 - Đổ bê tông đúc sẵn bằng thủ công (vữa bê tông sản xuất bằng máy trộn) | E63: 708.17833 | G63: =E63*$F$58 -> 3.3537484e+08
B64: AG.11924 | C64: - Bê tông khối vai kè 2T, bê tông thương phẩm M300, đá 2x4 - Đổ bê tông đúc sẵn bằng thủ công | E64: 194.99254 | G64: =E64*$F$58 -> 92343399
B65: AG.11924 | C65: - Bê tông khối vai kè 2T, bê tông thương phẩm M300, đá 2x4 - Đổ bê tông đúc sẵn bằng thủ công | E65: 190.66085 | G65: =E65*$F$58 -> 90292020
B66: AF.24314 | C66: - Bê tông tường chắn, Chiều dày (cm) ≤45cm, bê tông M300, đá 2x4, PCB40 | E66: 114.60353 | G66: =E66*$F$58 -> 54273251
B67: AF.24314 | C67: - Bê tông tường chắn, Chiều dày (cm) ≤45cm, bê tông M300, đá 2x4, PCB40 | E67: 129.7591 | G67: =E67*$F$58 -> 61450534
B68: AF.12155A | C68: - Bê tông tường SX bằng máy trộn, đổ bằng thủ công - Chiều dày ≤45cm, chiều cao ≤6m, M300, đá 2x4, PCB30 | E68: 144.97321 | G68: =E68*$F$58 -> 68655544
B69: AF.12614 | C69: - Bê tông bậc lên xuống, đổ bằng thủ công, bê tông M300, đá 2x4, PCB40 | E69: 27.007356 | G69: =E69*$F$58 -> 12789982
B70: AF.13226 | C70: - Bê tông rãnh nước, đổ bằng thủ công, bê tông M400, đá 2x4, PCB40 | E70: 88.481813 | G70: =E70*$F$58 -> 41902686
B71: AG.11216 | C71: - Bê tông nắp rãnh thoát nước, bê tông M400, đá 2x4, PCB40 - Đổ bê tông đúc sẵn bằng thủ công | E71: 10.269283 | G71: =E71*$F$58 -> 4863265.3
A72: 15 | B72: V05208 | C72: Đá 2x4 | D72: m3 | E72: =SUM(E73:E73) -> 12.822012 | F72: 427665 | G72: =E72*F72 -> 5483525.8 | H72: Đá 2x4|m3
B73: AF.12314 | C73: - Bê tông dầm mũ SX bằng máy trộn, đổ bằng thủ công, chiều cao ≤6m, M300, đá 2x4, PCB40 | E73: 12.822012 | G73: =E73*$F$72 -> 5483525.8
A74: 16 | B74: V05208 | C74: Đá 2x4 | D74: m3 | E74: =SUM(E75:E76) -> 172.65264 | F74: 357665 | G74: =E74*F74 -> 61751806 | H74: Đá 2x4|m3
B75: AF.11325A | C75: - Bê tông nền SX bằng máy trộn, đổ bằng thủ công, M200, đá 2x4, PCB40 | E75: 142.7169 | G75: =E75*$F$74 -> 51044840
B76: AF.11314 | C76: - Bê tông nền SX bằng máy trộn, đổ bằng thủ công, M200, đá 2x4, PCB40 | E76: 29.93574 | G76: =E76*$F$74 -> 10706966
A77: 17 | B77: V05209 | C77: Đá 4x6 | D77: m3 | E77: =SUM(E78:E79) -> 3873.196 | F77: 370419 | G77: =E77*F77 -> 1.4347054e+09 | H77: Đá 4x6|m3
B78: TLB.21311 | C78: - Đá dăm 4x6cm (dày 20cm) | E78: 3814.888 | G78: =E78*$F$77 -> 1.413107e+09
B79: AB.55311 | C79: - Thi công đá dăm 4x6cm bằng máy đào 1,25m3 | E79: 58.308 | G79: =E79*$F$77 -> 21598391
A80: 18 | B80: V11034 | C80: Đá dăm 0,5x1 BTC (32,47%) | D80: m3 | E80: =SUM(E81:E81) -> 6.9699125 | F80: 350419 | G80: =E80*F80 -> 2442389.8 | H80: Đá dăm 0,5x1 BTC (32,47%)|m3
B81: TT | C81: - Tỷ phối BTN C16 | E81: 6.9699125 | G81: =E81*$F$80 -> 2442389.8
A82: 19 | B82: V00811 | C82: Đá dăm 1x2 BTN (27,69%) | D82: m3 | E82: =SUM(E83:E83) -> 7.9616853 | F82: 402507 | G82: =E82*F82 -> 3204634.1 | H82: Đá dăm 1x2 BTN (27,69%)|m3
B83: TT | C83: - Tỷ phối BTN C16 | E83: 7.9616853 | G83: =E83*$F$82 -> 3204634.1
A84: 20 | B84: V00823 | C84: Đá hộc 100-200kg | D84: m3 | E84: =SUM(E85:E85) -> 806.3002 | F84: 379446 | G84: =E84*F84 -> 3.0594739e+08 | H84: Đá hộc 100-200kg|m3
B85: AB.55313vd | C85: - Thi công đá hộc 100-200kg đổ rối | E85: 806.3002 | G85: =E85*$F$84 -> 3.0594739e+08
A86: 21 | B86: V00823 | C86: Đá hộc hỗn hợp | D86: m3 | E86: =SUM(E87:E89) -> 22385.277 | F86: 379446 | G86: =E86*F86 -> 8.494004e+09 | H86: Đá hộc hỗn hợp|m3
B87: AB.55311vd | C87: - Thi công đá hộc hỗn hợp đổ rối | E87: 5113.4534 | G87: =E87*$F$86 -> 1.9402794e+09
B88: AB.67120vd | C88: - Thi công đá hộc hỗn hợp làm phẳng mái | E88: 4368.919 | G88: =E88*$F$86 -> 1.6577688e+09
B89: AB.67120vd | C89: - Thi công đá hộc 100-200kg làm phẳng mái | E89: 12902.905 | G89: =E89*$F$86 -> 4.8959557e+09
A90: 22 | B90: V04361 | C90: Đá mạt BTN (30,59) | D90: m3 | E90: =SUM(E91:E91) -> 5.943929 | F90: 290419 | G90: =E90*F90 -> 1726229.9 | H90: Đá mạt BTN (30,59)|m3
B91: TT | C91: - Tỷ phối BTN C16 | E91: 5.943929 | G91: =E91*$F$90 -> 1726229.9
A92: 23 | B92: V00830 | C92: Đất đắp | D92: m3 | E92: =SUM(E93:E93) -> 4.7869196 | F92: 50000 | G92: =E92*F92 -> 239345.98 | H92: Đất đắp|m3
B93: AB.65130 | C93: - Đắp đất bằng đầm đất cầm tay 70kg, độ chặt Y/C K = 0,95 (hệ số tơi: 1,24, hệ số chuyển từ đào sang đắp: 1,13) | E93: 4.7869196 | G93: =E93*$F$92 -> 239345.98
A94: 24 | B94: V03101 | C94: Dầu bảo ôn | D94: lít | E94: =SUM(E95:E95) -> 14.254429 | F94: 35000 | G94: =E94*F94 -> 498905 | H94: Dầu bảo ôn|lít
B95: AD.26143 | C95: - Sản xuất đá dăm đen, bê tông nhựa hạt mịn bằng trạm trộn 120T/h | E95: 14.254429 | G95: =E95*$F$94 -> 498905
A96: 25 | B96: V03102 | C96: Dầu diezel | D96: lít | E96: =SUM(E97:E97) -> 50.309748 | F96: 28090 | G96: =E96*F96 -> 1413200.8 | H96: Dầu diezel|lít
B97: AD.26143 | C97: - Sản xuất đá dăm đen, bê tông nhựa hạt mịn bằng trạm trộn 120T/h | E97: 50.309748 | G97: =E97*$F$96 -> 1413200.8
A98: 26 | B98: V03103 | C98: Dầu mazút | D98: lít | E98: =SUM(E99:E99) -> 285.08857 | F98: 14538 | G98: =E98*F98 -> 4144617.7 | H98: Dầu mazút|lít
B99: AD.26143 | C99: - Sản xuất đá dăm đen, bê tông nhựa hạt mịn bằng trạm trộn 120T/h | E99: 285.08857 | G99: =E99*$F$98 -> 4144617.7
A100: 27 | B100: V00226 | C100: Dây thép | D100: kg | E100: =SUM(E101:E109) -> 316.09016 | F100: 21000 | G100: =E100*F100 -> 6637893.4 | H100: Dây thép|kg
B101: AG.13720 | C101: - Lắp đặt thép móc cẩu vào khối bậc thang 2T | E101: 145.29278 | G101: =E101*$F$100 -> 3051148.5
B102: AG.13720 | C102: - Cắt thép móc cẩu | E102: 29.058557 | G102: =E102*$F$100 -> 610229.69
B103: AG.13720 | C103: - Lắp đặt thép móc cẩu vào khối bậc thang loại A | E103: 3.3201056 | G103: =E103*$F$100 -> 69722.218
B104: AG.13720 | C104: - Cắt thép móc cẩu | E104: 0.66402112 | G104: =E104*$F$100 -> 13944.444
...

Sheet Tuyen 2B
A1: BẢNG BÓC VẬT TƯ - KÈ BỜ TUYẾN 2B
A2: Dự án: Xử lý khẩn cấp kè biển khu du lịch Hải Tiến, xã Hoằng Tiến
A3: (Căn cứ theo Giá vật liệu xây dựng quý 2/2026 - tỉnh Thanh Hóa) - Nguồn số liệu: Du_toan_Hoang_Tien_26.08.2026_TAC.xlsx, sheet 'Vật liệu'
A5: STT | B5: Mã hiệu | C5: Tên vật tư / Công tác sử dụng | D5: Đơn vị | E5: Khối lượng | F5: Đơn giá (đ) | G5: Thành tiền (đ) | H5: Khóa tổng hợp
A6: 1 | B6: V00710 | C6: Bó vỉa đá 100x20x38cm | D6: m | E6: =SUM(E7:E7) -> 468.425 | F6: 525000 | G6: =E6*F6 -> 245923125 | H6: Bó vỉa đá 100x20x38cm|m
B7: AK.57121 | C7: - Bó vỉa thẳng hè, bó vỉa đá 20x30x100cm, vữa XM M25, PCB40 | E7: 468.425 | G7: =E7*$F$6 -> 245923125
A8: 2 | B8: V00091 | C8: Bột đá (4,75%) | D8: kg | E8: =SUM(E9:E9) -> 9113.4739 | F8: 721 | G8: =E8*F8 -> 6570814.7 | H8: Bột đá (4,75%)|kg
B9: TT | C9: - Tỷ phối BTN C16 | E9: 9113.4739 | G9: =E9*$F$8 -> 6570814.7
A10: 3 | B10: V03097 | C10: Cấp phối đá dăm loại 1 | D10: m3 | E10: =SUM(E11:E11) -> 236.6038 | F10: 347961 | G10: =E10*F10 -> 82328895 | H10: Cấp phối đá dăm loại 1|m3
B11: AD.11222 | C11: - Thi công móng cấp phối đá dăm loại I dày 15cm | E11: 236.6038 | G11: =E11*$F$10 -> 82328895
A12: 4 | B12: V03097 | C12: Cấp phối đá dăm loại 2 | D12: m3 | E12: =SUM(E13:E13) -> 473.2076 | F12: 329780 | G12: =E12*F12 -> 1.560544e+08 | H12: Cấp phối đá dăm loại 2|m3
B13: AD.11212 | C13: - Thi công móng cấp phối đá dăm loại II dày 30cm | E13: 473.2076 | G13: =E13*$F$12 -> 1.560544e+08
A14: 5 | B14: V85971 | C14: Cát mịn ML=1,5÷2,0 | D14: m3 | E14: =SUM(E15:E18) -> 101.63834 | F14: 254920 | G14: =E14*F14 -> 25909646 | H14: Cát mịn ML=1,5÷2,0|m3
B15: AK.55110 | C15: - Lát gạch xi măng, vữa XM M75, PCB40 | E15: 51.31875 | G15: =E15*$F$14 -> 13082176
B16: AK.55113 | C16: - Lát gạch xi măng, vữa XM M75, PCB40 | E16: 41.593178 | G16: =E16*$F$14 -> 10602933
B17: AK.57121 | C17: - Bó vỉa thẳng hè, bó vỉa đá 20x30x100cm, vữa XM M25, PCB40 | E17: 2.908805 | G17: =E17*$F$14 -> 741512.57
B18: AK.57121 | C18: - Tấm đan bó vỉa 50x30x5cm, vữa XM M25, PCB40 | E18: 5.81761 | G18: =E18*$F$14 -> 1483025.1
A19: 6 | B19: V00112 | C19: Cát vàng | D19: m3 | E19: =SUM(E20:E35) -> 3989.3966 | F19: 498275 | G19: =E19*F19 -> 1.9878166e+09 | H19: Cát vàng|m3
B20: AF.12154 | C20: - Bê tông vai kè, đổ bằng thủ công - Chiều dày ≤45cm, chiều cao ≤6m, M300, đá 2x4, PCB40 | E20: 170.13975 | G20: =E20*$F$19 -> 84776384
B21: AG.11924 | C21: - Bê tông khối bậc thang 2T, bê tông M300, đá 2x4, PCB40 - Đổ bê tông đúc sẵn bằng thủ công (vữa bê tông sản xuất bằng máy trộn) | E21: 2324.736 | G21: =E21*$F$19 -> 1.1583578e+09
B22: AG.11924 | C22: - Bê tông khối bậc thang loại A, bê tông M300, đá 2x4, PCB40 - Đổ bê tông đúc sẵn bằng thủ công (vữa bê tông sản xuất bằng máy trộn) | E22: 36.284433 | G22: =E22*$F$19 -> 18079626
B23: AG.11924 | C23: - Bê tông khối bậc thang loại B, bê tông M300, đá 2x4, PCB40 - Đổ bê tông đúc sẵn bằng thủ công (vữa bê tông sản xuất bằng máy trộn) | E23: 39.582554 | G23: =E23*$F$19 -> 19722997
B24: AG.11924 | C24: - Bê tông khối chặn chân 1,5x1,5x0,5m, bê tông M300, đá 2x4, PCB40 - Đổ bê tông đúc sẵn bằng thủ công (vữa bê tông sản xuất bằng máy trộn) | E24: 514.35367 | G24: =E24*$F$19 -> 2.5628957e+08
B25: AG.11924 | C25: - Bê tông khối vai kè 2T, bê tông thương phẩm M300, đá 2x4 - Đổ bê tông đúc sẵn bằng thủ công | E25: 144.79567 | G25: =E25*$F$19 -> 72148061
B26: AG.11924 | C26: - Bê tông khối vai kè 2T, bê tông thương phẩm M300, đá 2x4 - Đổ bê tông đúc sẵn bằng thủ công | E26: 140.94616 | G26: =E26*$F$19 -> 70229947
B27: AF.24314 | C27: - Bê tông tường chắn, Chiều dày (cm) ≤45cm, bê tông M300, đá 2x4, PCB40 | E27: 86.152582 | G27: =E27*$F$19 -> 42927678
B28: AF.24314 | C28: - Bê tông tường chắn, Chiều dày (cm) ≤45cm, bê tông M300, đá 2x4, PCB40 | E28: 97.54679 | G28: =E28*$F$19 -> 48605127
B29: AF.12155A | C29: - Bê tông tường SX bằng máy trộn, đổ bằng thủ công - Chiều dày ≤45cm, chiều cao ≤6m, M300, đá 2x4, PCB30 | E29: 108.14186 | G29: =E29*$F$19 -> 53884383
B30: AF.12614 | C30: - Bê tông bậc lên xuống, đổ bằng thủ công, bê tông M300, đá 2x4, PCB40 | E30: 21.772732 | G30: =E30*$F$19 -> 10848808
B31: AF.13226 | C31: - Bê tông rãnh nước, đổ bằng thủ công, bê tông M400, đá 2x4, PCB40 | E31: 65.11825 | G31: =E31*$F$19 -> 32446796
... B35: AF.11314 | C35: - Bê tông nền SX bằng máy trộn, đổ bằng thủ công, M200, đá 2x4, PCB40 | E35: 74.80534 | G35: =E35*$F$19 -> 37273631
A36: 7 | B36: V00649 | C36: Cọc định vị | D36: kg | E36: =SUM(E37:E37) -> 12.78888 | F36: 13730 | G36: =E36*F36 -> 175591.32 | H36: Cọc định vị|kg
B37: TT | C37: - Thi công ống địa kĩ thuật (Ống Geotube) | E37: 12.78888 | G37: =E37*$F$36 -> 175591.32
A38: 8 | B38: V01982 | C38: Cồn rửa | D38: kg | E38: =SUM(E39:E40) -> 3.508063 | F38: 15000 | G38: =E38*F38 -> 52620.945 | H38: Cồn rửa|kg
B39: BB.41111 | C39: - Lắp đặt ống nhựa PVC miệng bát, nối bằng p/p dán keo, đoạn ống dài 6m - Đường kính 200mm chứa dây điện | E39: 3.25 | G39: =E39*$F$38 -> 48750
B40: BB.41108 | C40: - Lắp đặt ống nhựa PVC miệng bát, nối bằng p/p dán keo, đoạn ống dài 6m - Đường kính 100mm thoát nước | E40: 0.258063 | G40: =E40*$F$38 -> 3870.945
A41: 9 | B41: V00199 | C41: Cột chống thép ống | D41: kg | E41: =SUM(E42:E43) -> 429.7251 | F41: 16480 | G41: =E41*F41 -> 7081869.6 | H41: Cột chống thép ống|kg
B42: AF.86381 | C42: - Ván khuôn thép tường chắn | E42: 208.21649 | G42: =E42*$F$41 -> 3431407.8
B43: AF.86381 | C43: - Ván khuôn thép tường chắn | E43: 221.50861 | G43: =E43*$F$41 -> 3650461.9
A44: 10 | B44: V05208 | C44: Đá 2x4 | D44: m3 | E44: =SUM(E45:E60) -> 6472.7483 | F44: 473574 | G44: =E44*F44 -> 3.0653253e+09 | H44: Đá 2x4|m3
B45: AF.12154 | C45: - Bê tông vai kè, đổ bằng thủ công - Chiều dày ≤45cm, chiều cao ≤6m, M300, đá 2x4, PCB40 | E45: 276.012 | G45: =E45*$F$44 -> 1.3071211e+08
B46: AG.11924 | C46: - Bê tông khối bậc thang 2T, bê tông M300, đá 2x4, PCB40 - Đổ bê tông đúc sẵn bằng thủ công (vữa bê tông sản xuất bằng máy trộn) | E46: 3771.3411 | G46: =E46*$F$44 -> 1.7860091e+09
B47: AG.11924 | C47: - Bê tông khối bậc thang loại A, bê tông M300, đá 2x4, PCB40 - Đổ bê tông đúc sẵn bằng thủ công (vữa bê tông sản xuất bằng máy trộn) | E47: 58.863017 | G47: =E47*$F$44 -> 27875994
B48: AG.11924 | C48: - Bê tông khối bậc thang loại B, bê tông M300, đá 2x4, PCB40 - Đổ bê tông đúc sẵn bằng thủ công (vữa bê tông sản xuất bằng máy trộn) | E48: 64.213447 | G48: =E48*$F$44 -> 30409819
B49: AG.11924 | C49: - Bê tông khối chặn chân 1,5x1,5x0,5m, bê tông M300, đá 2x4, PCB40 - Đổ bê tông đúc sẵn bằng thủ công (vữa bê tông sản xuất bằng máy trộn) | E49: 834.41867 | G49: =E49*$F$44 -> 3.9515899e+08
B50: AG.11924 | C50: - Bê tông khối vai kè 2T, bê tông thương phẩm M300, đá 2x4 - Đổ bê tông đúc sẵn bằng thủ công | E50: 234.89715 | G50: =E50*$F$44 -> 1.1124118e+08
B51: AG.11924 | C51: - Bê tông khối vai kè 2T, bê tông thương phẩm M300, đá 2x4 - Đổ bê tông đúc sẵn bằng thủ công | E51: 228.65222 | G51: =E51*$F$44 -> 1.0828374e+08
B52: AF.24314 | C52: - Bê tông tường chắn, Chiều dày (cm) ≤45cm, bê tông M300, đá 2x4, PCB40 | E52: 139.76244 | G52: =E52*$F$44 -> 66187858
B53: AF.24314 | C53: - Bê tông tường chắn, Chiều dày (cm) ≤45cm, bê tông M300, đá 2x4, PCB40 | E53: 158.24688 | G53: =E53*$F$44 -> 74941608
B54: AF.12155A | C54: - Bê tông tường SX bằng máy trộn, đổ bằng thủ công - Chiều dày ≤45cm, chiều cao ≤6m, M300, đá 2x4, PCB30 | E54: 175.4349 | G54: =E54*$F$44 -> 83081407
B55: AF.12614 | C55: - Bê tông bậc lên xuống, đổ bằng thủ công, bê tông M300, đá 2x4, PCB40 | E55: 35.321172 | G55: =E55*$F$44 -> 16727189
B56: AF.13226 | C56: - Bê tông rãnh nước, đổ bằng thủ công, bê tông M400, đá 2x4, PCB40 | E56: 105.75204 | G56: =E56*$F$44 -> 50081416
... B60: AF.11314 | C60: - Bê tông nền SX bằng máy trộn, đổ bằng thủ công, M200, đá 2x4, PCB40 | E60: 121.66616 | G60: =E60*$F$44 -> 57617929
A61: 11 | B61: V05209 | C61: Đá 4x6 | D61: m3 | E61: =SUM(E62:E63) -> 4940.9683 | F61: 370419 | G61: =E61*F61 -> 1.8302285e+09 | H61: Đá 4x6|m3
B62: TLB.21311 | C62: - Đá dăm 4x6cm (dày 20cm) | E62: 4703.996 | G62: =E62*$F$61 -> 1.7424495e+09
B63: AB.55311 | C63: - Thi công đá dăm 4x6cm bằng máy đào 1,25m3 | E63: 236.9723 | G63: =E63*$F$61 -> 87779042
A64: 12 | B64: V11034 | C64: Đá dăm 0,5x1 BTC (32,47%) | D64: m3 | E64: =SUM(E65:E65) -> 42.2049 | F64: 350419 | G64: =E64*F64 -> 14789399 | H64: Đá dăm 0,5x1 BTC (32,47%)|m3
B65: TT | C65: - Tỷ phối BTN C16 | E65: 42.2049 | G65: =E65*$F$64 -> 14789399
A66: 13 | B66: V00811 | C66: Đá dăm 1x2 BTN (27,69%) | D66: m3 | E66: =SUM(E67:E67) -> 48.21038 | F66: 402507 | G66: =E66*F66 -> 19405015 | H66: Đá dăm 1x2 BTN (27,69%)|m3
B67: TT | C67: - Tỷ phối BTN C16 | E67: 48.21038 | G67: =E67*$F$66 -> 19405015
A68: 14 | B68: V00823 | C68: Đá hộc 100-200kg | D68: m3 | E68: =SUM(E69:E69) -> 824.7305 | F68: 379446 | G68: =E68*F68 -> 3.1294069e+08 | H68: Đá hộc 100-200kg|m3
B69: AB.55313vd | C69: - Thi công đá hộc 100-200kg đổ rối | E69: 824.7305 | G69: =E69*$F$68 -> 3.1294069e+08
A70: 15 | B70: V00823 | C70: Đá hộc hỗn hợp | D70: m3 | E70: =SUM(E71:E73) -> 27446.491 | F70: 379446 | G70: =E70*F70 -> 1.0414461e+10 | H70: Đá hộc hỗn hợp|m3
B71: AB.55311vd | C71: - Thi công đá hộc hỗn hợp đổ rối | E71: 6383.2909 | G71: =E71*$F$70 -> 2.4221142e+09
B72: AB.67120vd | C72: - Thi công đá hộc hỗn hợp làm phẳng mái | E72: 5327.95 | G72: =E72*$F$70 -> 2.0216693e+09
B73: AB.67120vd | C73: - Thi công đá hộc 100-200kg làm phẳng mái | E73: 15735.25 | G73: =E73*$F$70 -> 5.9706777e+09
A74: 16 | B74: V04361 | C74: Đá mạt BTN (30,59) | D74: m3 | E74: =SUM(E75:E75) -> 35.992264 | F74: 290419 | G74: =E74*F74 -> 10452837 | H74: Đá mạt BTN (30,59)|m3
B75: TT | C75: - Tỷ phối BTN C16 | E75: 35.992264 | G75: =E75*$F$74 -> 10452837
A76: 17 | B76: V00830 | C76: Đất đắp | D76: m3 | E76: =SUM(E77:E77) -> 5.4806537 | F76: 50000 | G76: =E76*F76 -> 274032.68 | H76: Đất đắp|m3
B77: AB.65130 | C77: - Đắp đất bằng đầm đất cầm tay 70kg, độ chặt Y/C K = 0,95 (hệ số tơi: 1,24, hệ số chuyển từ đào sang đắp: 1,13) | E77: 5.4806537 | G77: =E77*$F$76 -> 274032.68
A78: 18 | B78: V03101 | C78: Dầu bảo ôn | D78: lít | E78: =SUM(E79:E79) -> 86.314818 | F78: 35000 | G78: =E78*F78 -> 3021018.6 | H78: Dầu bảo ôn|lít
B79: AD.26143 | C79: - Sản xuất đá dăm đen, bê tông nhựa hạt mịn bằng trạm trộn 120T/h | E79: 86.314818 | G79: =E79*$F$78 -> 3021018.6
A80: 19 | B80: V03102 | C80: Dầu diezel | D80: lít | E80: =SUM(E81:E81) -> 304.64053 | F80: 28090 | G80: =E80*F80 -> 8557352.6 | H80: Dầu diezel|lít
B81: AD.26143 | C81: - Sản xuất đá dăm đen, bê tông nhựa hạt mịn bằng trạm trộn 120T/h | E81: 304.64053 | G81: =E81*$F$80 -> 8557352.6
A82: 20 | B82: V03103 | C82: Dầu mazút | D82: lít | E82: =SUM(E83:E83) -> 1726.2964 | F82: 14538 | G82: =E82*F82 -> 25096896 | H82: Dầu mazút|lít
B83: AD.26143 | C83: - Sản xuất đá dăm đen, bê tông nhựa hạt mịn bằng trạm trộn 120T/h | E83: 1726.2964 | G83: =E83*$F$82 -> 25096896
A84: 21 | B84: V00226 | C84: Dây thép | D84: kg | E84: =SUM(E85:E93) -> 375.20901 | F84: 21000 | G84: =E84*F84 -> 7879389.1 | H84: Dây thép|kg
B85: AG.13720 | C85: - Lắp đặt thép móc cẩu vào khối bậc thang 2T | E85: 170.46191 | G85: =E85*$F$84 -> 3579700.1
B86: AG.13720 | C86: - Cắt thép móc cẩu | E86: 34.092381 | G86: =E86*$F$84 -> 715940.01
B87: AG.13720 | C87: - Lắp đặt thép móc cẩu vào khối bậc thang loại A | E87: 3.5697376 | G87: =E87*$F$84 -> 74964.49
B88: AG.13720 | C88: - Cắt thép móc cẩu | E88: 0.71394752 | G88: =E88*$F$84 -> 14992.898
B89: AG.13720 | C89: - Lắp đặt thép móc cẩu vào khối bậc thang loại B | E89: 3.8942592 | G89: =E89*$F$84 -> 81779.443
B90: AG.13720 | C90: - Cắt thép móc cẩu | E90: 0.77885184 | G90: =E90*$F$84 -> 16355.889
B91: AF.61511 | C91: - Lắp dựng rãnh thoát nước, ĐK ≤10mm | E91: 115.61369 | G91: =E91*$F$84 -> 2427887.4
B92: AF.61511 | C92: - Lắp dựng cốt thép nắp rãnh thoát nước, ĐK ≤10mm | E92: 32.957802 | G92: =E92*$F$84 -> 692113.85
B93: AI.64231 | C93: - Lắp đặt cấu kiện thép đặt sẵn trong bê tông, KL ≤50kg/1 cấu kiện | E93: 13.126432 | G93: =E93*$F$84 -> 275655.07
A94: 22 | B94: V00360 | C94: Gạch Terrazzo | D94: m2 | E94: =SUM(E95:E96) -> 3154.3209 | F94: 150000 | G94: =E94*F94 -> 473148135 | H94: Gạch Terrazzo|m2
B95: AK.55110 | C95: - Lát gạch xi măng, vữa XM M75, PCB40 | E95: 1742.25 | G95: =E95*$F$94 -> 261337500
B96: AK.55113 | C96: - Lát gạch xi măng, vữa XM M75, PCB40 | E96: 1412.0709 | G96: =E96*$F$94 -> 211810635
A97: 23 | B97: TT | C97: Mua tấm đan làm bằng gang 1000x350mm | D97: 1 cấu kiện | E97: 49 | F97: 1265000 | G97: =E97*F97 -> 61985000 | H97: Mua tấm đan làm bằng gang 1000x350mm|1 cấu kiện
A98: 24 | B98: V02208 | C98: Nhựa dán | D98: kg | E98: =SUM(E99:E100) -> 1.186021 | F98: 118000 | G98: =E98*F98 -> 139950.48 | H98: Nhựa dán|kg
B99: BB.41111 | C99: - Lắp đặt ống nhựa PVC miệng bát, nối bằng p/p dán keo, đoạn ống dài 6m - Đường kính 200mm chứa dây điện | E99: 1.1 | G99: =E99*$F$98 -> 129800
B100: BB.41108 | C100: - Lắp đặt ống nhựa PVC miệng bát, nối bằng p/p dán keo, đoạn ống dài 6m - Đường kính 100mm thoát nước | E100: 0.086021 | G100: =E100*$F$98 -> 10150.478
A101: 25 | B101: V00492 | C101: Nhựa đường BTN (4,5%) | D101: kg | E101: =SUM(E102:E102) -> 9366.0717 | F101: 20842 | G101: =E101*F101 -> 1.9520767e+08 | H101: Nhựa đường BTN (4,5%)|kg
B102: TT | C102: - Tỷ phối BTN C16 | E102: 9366.0717 | G102: =E102*$F$101 -> 1.9520767e+08
A103: 26 | B103: V05632 | C103: Nhựa nhũ tương gốc axít 60% | D103: kg | E103: =SUM(E104:E104) -> 1206.5787 | F103: 15942 | G103: =E103*F103 -> 19235278 | H103: Nhựa nhũ tương gốc axít 60%|kg
B104: AD.24223 | C104: - Tưới lớp dính bám, thấm bám mặt đường bằng nhũ tương gốc Axít, lượng nhũ tương 1kg/m2 | E104: 1206.5787 | G104: =E104*$F$103 -> 19235278
A105: 27 | B105: V77999 | C105: Ni lông | D105: m2 | E105: =SUM(E106:E108) -> 4045.899 | F105: 14000 | G105: =E105*F105 -> 56642586 | H105: Ni lông|m2
B106: AL.16201 | C106: - Rải ni lông | E106: 610.5 | G106: =E106*$F$105 -> 8547000
B107: AL.16201vd | C107: - Rải ni lông | E107: 1897.5 | G107: =E107*$F$105 -> 26565000
...

Sheet Tuyen 2C
A1: BẢNG BÓC VẬT TƯ - KÈ BỜ TUYẾN 2C
A2: Dự án: Xử lý khẩn cấp kè biển khu du lịch Hải Tiến, xã Hoằng Tiến
A3: (Căn cứ theo Giá vật liệu xây dựng quý 2/2026 - tỉnh Thanh Hóa) - Nguồn số liệu: Du_toan_Hoang_Tien_26.08.2026_TAC.xlsx, sheet 'Vật liệu'
A5: STT | B5: Mã hiệu | C5: Tên vật tư / Công tác sử dụng | D5: Đơn vị | E5: Khối lượng | F5: Đơn giá (đ) | G5: Thành tiền (đ) | H5: Khóa tổng hợp
A6: 1 | B6: V00010 | C6: Bu lông | D6: cái | E6: =SUM(E7:E7) -> 25.71528 | F6: 2500 | G6: =E6*F6 -> 64288.2 | H6: Bu lông|cái
B7: AI.63311 | C7: - Lắp dựng kết cấu thép hệ khung dàn, sàn đạo trên cạn | E7: 25.71528 | G7: =E7*$F$6 -> 64288.2
A8: 2 | B8: V85971 | C8: Cát mịn ML=1,5÷2,0 | D8: m3 | E8: =SUM(E9:E9) -> 37.73252 | F8: 254920 | G8: =E8*F8 -> 9618774 | H8: Cát mịn ML=1,5÷2,0|m3
B9: AK.55110 | C9: - Lát gạch xi măng, vữa XM M75, PCB40 | E9: 37.73252 | G9: =E9*$F$8 -> 9618774
A10: 3 | B10: V12696 | C10: Cát nền | D10: m3 | E10: =SUM(E11:E11) -> 21.707338 | F10: 120000 | G10: =E10*F10 -> 2604880.6 | H10: Cát nền|m3
B11: AB.24131 | C11: - Cát đắp dưới kè - Cấp đất I (mua mới) | E11: 21.707338 | G11: =E11*$F$10 -> 2604880.6
A12: 4 | B12: V00112 | C12: Cát vàng | D12: m3 | E12: =SUM(E13:E28) -> 2924.3949 | F12: 498275 | G12: =E12*F12 -> 1.4571529e+09 | H12: Cát vàng|m3
B13: AF.12154 | C13: - Bê tông vai kè, đổ bằng thủ công - Chiều dày ≤45cm, chiều cao ≤6m, M300, đá 2x4, PCB40 | E13: 125.09912 | G13: =E13*$F$12 -> 62333763
B14: AG.11924 | C14: - Bê tông khối bậc thang 2T, bê tông M300, đá 2x4, PCB40 - Đổ bê tông đúc sẵn bằng thủ công (vữa bê tông sản xuất bằng máy trộn) | E14: 1780.0202 | G14: =E14*$F$12 -> 8.8693959e+08
B15: AG.11924 | C15: - Bê tông khối bậc thang loại A, bê tông M300, đá 2x4, PCB40 - Đổ bê tông đúc sẵn bằng thủ công (vữa bê tông sản xuất bằng máy trộn) | E15: 27.406056 | G15: =E15*$F$12 -> 13655752
B16: AG.11924 | C16: - Bê tông khối bậc thang loại B, bê tông M300, đá 2x4, PCB40 - Đổ bê tông đúc sẵn bằng thủ công (vữa bê tông sản xuất bằng máy trộn) | E16: 20.804709 | G16: =E16*$F$12 -> 10366466
B17: AG.11924 | C17: - Bê tông khối chặn chân 1,5x1,5x0,5m, bê tông M300, đá 2x4, PCB40 - Đổ bê tông đúc sẵn bằng thủ công (vữa bê tông sản xuất bằng máy trộn) | E17: 390.16359 | G17: =E17*$F$12 -> 1.9440877e+08
B18: AG.11924 | C18: - Bê tông khối vai kè 2T, bê tông thương phẩm M300, đá 2x4 - Đổ bê tông đúc sẵn bằng thủ công | E18: 107.66884 | G18: =E18*$F$12 -> 53648689
B19: AG.11924 | C19: - Bê tông khối vai kè 2T, bê tông thương phẩm M300, đá 2x4 - Đổ bê tông đúc sẵn bằng thủ công | E19: 105.37138 | G19: =E19*$F$12 -> 52503926
B20: AF.24314 | C20: - Bê tông tường chắn, Chiều dày (cm) ≤45cm, bê tông M300, đá 2x4, PCB40 | E20: 63.750849 | G20: =E20*$F$12 -> 31765454
B21: AF.24314 | C21: - Bê tông tường chắn, Chiều dày (cm) ≤45cm, bê tông M300, đá 2x4, PCB40 | E21: 70.231627 | G21: =E21*$F$12 -> 34994664
B22: AF.12155A | C22: - Bê tông tường SX bằng máy trộn, đổ bằng thủ công - Chiều dày ≤45cm, chiều cao ≤6m, M300, đá 2x4, PCB30 | E22: 79.651182 | G22: =E22*$F$12 -> 39688193
B23: AF.12614 | C23: - Bê tông bậc lên xuống, đổ bằng thủ công, bê tông M300, đá 2x4, PCB40 | E23: 15.369291 | G23: =E23*$F$12 -> 7658133.3
B24: AF.13226 | C24: - Bê tông rãnh nước, đổ bằng thủ công, bê tông M400, đá 2x4, PCB40 | E24: 47.841875 | G24: =E24*$F$12 -> 23838410
... B28: AF.12314 | C28: - Bê tông dầm mũ SX bằng máy trộn, đổ bằng thủ công, chiều cao ≤6m, M300, đá 2x4, PCB40 | E28: 6.784967 | G28: =E28*$F$12 -> 3380779.4
A29: 5 | B29: V42165 | C29: Cọc cừ máng BT dự ứng lực, chiều cao 30-50cm | D29: m | E29: =SUM(E30:E33) -> 294.92 | F29: 2600000 | G29: =E29*F29 -> 766792000 | H29: Cọc cừ máng BT dự ứng lực, chiều cao 30-50cm|m
B30: AC.12411 | C30: - Đóng cọc cừ máng bê tông dự ứng lực trên cạn bằng búa rung 50kW kết hợp xói nước đầu cọc, chiều cao máng cọc 30-50cm (phần ngập đất) | E30: 132.8756 | G30: =E30*$F$29 -> 345476560
B31: AC.12411 | C31: - Đóng cọc cừ máng bê tông dự ứng lực trên cạn bằng búa rung 50kW kết hợp xói nước đầu cọc, chiều cao máng cọc 30-50cm (phần tự do) | E31: 52.9644 | G31: =E31*$F$29 -> 137707440
B32: AC.12411 | C32: - Đóng cọc cừ máng bê tông dự ứng lực trên cạn bằng búa rung 50kW kết hợp xói nước đầu cọc, chiều cao máng cọc 30-50cm (phần ngập đất) | E32: 68.2053 | G32: =E32*$F$29 -> 177333780
B33: AC.12411 | C33: - Đóng cọc cừ máng bê tông dự ứng lực trên cạn bằng búa rung 50kW kết hợp xói nước đầu cọc, chiều cao máng cọc 30-50cm (phần tự do) | E33: 40.8747 | G33: =E33*$F$29 -> 106274220
A34: 6 | B34: V00649 | C34: Cọc định vị | D34: kg | E34: =SUM(E35:E35) -> 11.70338 | F34: 13730 | G34: =E34*F34 -> 160687.41 | H34: Cọc định vị|kg
B35: TT | C35: - Thi công ống địa kĩ thuật (Ống Geotube) | E35: 11.70338 | G35: =E35*$F$34 -> 160687.41
A36: 7 | B36: V01982 | C36: Cồn rửa | D36: kg | E36: =SUM(E37:E37) -> 2.389595 | F36: 15000 | G36: =E36*F36 -> 35843.925 | H36: Cồn rửa|kg
B37: BB.41111 | C37: - Lắp đặt ống nhựa PVC miệng bát, nối bằng p/p dán keo, đoạn ống dài 6m - Đường kính 200mm chứa dây điện | E37: 2.389595 | G37: =E37*$F$36 -> 35843.925
A38: 8 | B38: V00199 | C38: Cột chống thép ống | D38: kg | E38: =SUM(E39:E40) -> 15567.476 | F38: 16480 | G38: =E38*F38 -> 2.5655201e+08 | H38: Cột chống thép ống|kg
B39: AF.86381 | C39: - Ván khuôn thép tường chắn | E39: 15407.99 | G39: =E39*$F$38 -> 2.5392367e+08
B40: AF.86381 | C40: - Ván khuôn thép tường chắn | E40: 159.48635 | G40: =E40*$F$38 -> 2628335.1
A41: 9 | B41: V00199 | C41: Cột chống thép ống | D41: kg | E41: =SUM(E42:E42) -> 17.673982 | F41: 16480 | G41: =E41*F41 -> 291267.22 | H41: Cột chống thép ống|kg
B42: AF.86311 | C42: - Ván khuôn thép, khung xương, cột chống giáo ống, xà dầm, giằng, chiều cao ≤28m | E42: 17.673982 | G42: =E42*$F$41 -> 291267.22
A43: 10 | B43: V00124 | C43: Cút thép đầu cọc D34/15 | D43: cái | E43: =SUM(E44:E47) -> 1.2848 | F43: 19570 | G43: =E43*F43 -> 25143.536 | H43: Cút thép đầu cọc D34/15|cái
B44: AC.12411 | C44: - Đóng cọc cừ máng bê tông dự ứng lực trên cạn bằng búa rung 50kW kết hợp xói nước đầu cọc, chiều cao máng cọc 30-50cm (phần ngập đất) | E44: 0.578864 | G44: =E44*$F$43 -> 11328.368
B45: AC.12411 | C45: - Đóng cọc cừ máng bê tông dự ứng lực trên cạn bằng búa rung 50kW kết hợp xói nước đầu cọc, chiều cao máng cọc 30-50cm (phần tự do) | E45: 0.230736 | G45: =E45*$F$43 -> 4515.5035
B46: AC.12411 | C46: - Đóng cọc cừ máng bê tông dự ứng lực trên cạn bằng búa rung 50kW kết hợp xói nước đầu cọc, chiều cao máng cọc 30-50cm (phần ngập đất) | E46: 0.297132 | G46: =E46*$F$43 -> 5814.8732
B47: AC.12411 | C47: - Đóng cọc cừ máng bê tông dự ứng lực trên cạn bằng búa rung 50kW kết hợp xói nước đầu cọc, chiều cao máng cọc 30-50cm (phần tự do) | E47: 0.178068 | G47: =E47*$F$43 -> 3484.7908
A48: 11 | B48: V05207 | C48: Đá 1x2 | D48: m3 | E48: =SUM(E49:E49) -> 0 | F48: 180000 | G48: =E48*F48 -> 0 | H48: Đá 1x2|m3
B49: AG.12225A | C49: - Bê tông dầm mũ M300 | E49: 0 | G49: =E49*$F$48 -> 0
A50: 12 | B50: V05208 | C50: Đá 2x4 | D50: m3 | E50: =SUM(E51:E63) -> 4605.5946 | F50: 473574 | G50: =E50*F50 -> 2.1810899e+09 | H50: Đá 2x4|m3
B51: AF.12154 | C51: - Bê tông vai kè, đổ bằng thủ công - Chiều dày ≤45cm, chiều cao ≤6m, M300, đá 2x4, PCB40 | E51: 202.9441 | G51: =E51*$F$50 -> 96109047
B52: AG.11924 | C52: - Bê tông khối bậc thang 2T, bê tông M300, đá 2x4, PCB40 - Đổ bê tông đúc sẵn bằng thủ công (vữa bê tông sản xuất bằng máy trộn) | E52: 2887.667 | G52: =E52*$F$50 -> 1.367524e+09
B53: AG.11924 | C53: - Bê tông khối bậc thang loại A, bê tông M300, đá 2x4, PCB40 - Đổ bê tông đúc sẵn bằng thủ công (vữa bê tông sản xuất bằng máy trộn) | E53: 44.459923 | G53: =E53*$F$50 -> 21055064
B54: AG.11924 | C54: - Bê tông khối bậc thang loại B, bê tông M300, đá 2x4, PCB40 - Đổ bê tông đúc sẵn bằng thủ công (vữa bê tông sản xuất bằng máy trộn) | E54: 33.75078 | G54: =E54*$F$50 -> 15983492
B55: AG.11924 | C55: - Bê tông khối chặn chân 1,5x1,5x0,5m, bê tông M300, đá 2x4, PCB40 - Đổ bê tông đúc sẵn bằng thủ công (vữa bê tông sản xuất bằng máy trộn) | E55: 632.94929 | G55: =E55*$F$50 -> 2.9974833e+08
B56: AG.11924 | C56: - Bê tông khối vai kè 2T, bê tông thương phẩm M300, đá 2x4 - Đổ bê tông đúc sẵn bằng thủ công | E56: 174.66753 | G56: =E56*$F$50 -> 82718003
B57: AG.11924 | C57: - Bê tông khối vai kè 2T, bê tông thương phẩm M300, đá 2x4 - Đổ bê tông đúc sẵn bằng thủ công | E57: 170.94045 | G57: =E57*$F$50 -> 80952954
B58: AF.24314 | C58: - Bê tông tường chắn, Chiều dày (cm) ≤45cm, bê tông M300, đá 2x4, PCB40 | E58: 103.42086 | G58: =E58*$F$50 -> 48977430
B59: AF.24314 | C59: - Bê tông tường chắn, Chiều dày (cm) ≤45cm, bê tông M300, đá 2x4, PCB40 | E59: 113.93441 | G59: =E59*$F$50 -> 53956373
B60: AF.12155A | C60: - Bê tông tường SX bằng máy trộn, đổ bằng thủ công - Chiều dày ≤45cm, chiều cao ≤6m, M300, đá 2x4, PCB30 | E60: 129.21544 | G60: =E60*$F$50 -> 61193071
B61: AF.12614 | C61: - Bê tông bậc lên xuống, đổ bằng thủ công, bê tông M300, đá 2x4, PCB40 | E61: 24.933084 | G61: =E61*$F$50 -> 11807660
B62: AF.13226 | C62: - Bê tông rãnh nước, đổ bằng thủ công, bê tông M400, đá 2x4, PCB40 | E62: 77.695205 | G62: =E62*$F$50 -> 36794429
B63: AG.11216 | C63: - Bê tông nắp rãnh thoát nước, bê tông M400, đá 2x4, PCB40 - Đổ bê tông đúc sẵn bằng thủ công | E63: 9.0165292 | G63: =E63*$F$50 -> 4269993.8
A64: 13 | B64: V05208 | C64: Đá 2x4 | D64: m3 | E64: =SUM(E65:E65) -> 11.007024 | F64: 427665 | G64: =E64*F64 -> 4707318.9 | H64: Đá 2x4|m3
B65: AF.12314 | C65: - Bê tông dầm mũ SX bằng máy trộn, đổ bằng thủ công, chiều cao ≤6m, M300, đá 2x4, PCB40 | E65: 11.007024 | G65: =E65*$F$64 -> 4707318.9
A66: 14 | B66: V05208 | C66: Đá 2x4 | D66: m3 | E66: =SUM(E67:E67) -> 127.96659 | F66: 357665 | G66: =E66*F66 -> 45769169 | H66: Đá 2x4|m3
B67: AF.11325A | C67: - Bê tông nền SX bằng máy trộn, đổ bằng thủ công, M200, đá 2x4, PCB40 | E67: 127.96659 | G67: =E67*$F$66 -> 45769169
A68: 15 | B68: V05209 | C68: Đá 4x6 | D68: m3 | E68: =SUM(E69:E69) -> 3478.728 | F68: 370419 | G68: =E68*F68 -> 1.2885869e+09 | H68: Đá 4x6|m3
B69: TLB.21311 | C69: - Đá dăm 4x6cm (dày 20cm) | E69: 3478.728 | G69: =E69*$F$68 -> 1.2885869e+09
A70: 16 | B70: V00823 | C70: Đá hộc 100-200kg | D70: m3 | E70: =SUM(E71:E71) -> 743.8338 | F70: 379446 | G70: =E70*F70 -> 2.8224476e+08 | H70: Đá hộc 100-200kg|m3
B71: AB.55313vd | C71: - Thi công đá hộc 100-200kg đổ rối | E71: 743.8338 | G71: =E71*$F$70 -> 2.8224476e+08
A72: 17 | B72: V00823 | C72: Đá hộc hỗn hợp | D72: m3 | E72: =SUM(E73:E75) -> 20228.073 | F72: 379446 | G72: =E72*F72 -> 7.6754616e+09 | H72: Đá hộc hỗn hợp|m3
B73: AB.55311vd | C73: - Thi công đá hộc hỗn hợp đổ rối | E73: 4741.141 | G73: =E73*$F$72 -> 1.799007e+09
B74: AB.67120vd | C74: - Thi công đá hộc hỗn hợp làm phẳng mái | E74: 3917.4275 | G74: =E74*$F$72 -> 1.4864522e+09
B75: AB.67120vd | C75: - Thi công đá hộc 100-200kg làm phẳng mái | E75: 11569.505 | G75: =E75*$F$72 -> 4.3900024e+09
A76: 18 | B76: V00830 | C76: Đất đắp | D76: m3 | E76: =SUM(E77:E77) -> 1.1601936 | F76: 50000 | G76: =E76*F76 -> 58009.68 | H76: Đất đắp|m3
B77: AB.65130 | C77: - Đắp đất bằng đầm đất cầm tay 70kg, độ chặt Y/C K = 0,95 (hệ số tơi: 1,24, hệ số chuyển từ đào sang đắp: 1,13) | E77: 1.1601936 | G77: =E77*$F$76 -> 58009.68
A78: 19 | B78: V00226 | C78: Dây thép | D78: kg | E78: =SUM(E79:E87) -> 281.1147 | F78: 21000 | G78: =E78*F78 -> 5903408.7 | H78: Dây thép|kg
B79: AG.13720 | C79: - Lắp đặt thép móc cẩu vào khối bậc thang 2T | E79: 130.52042 | G79: =E79*$F$78 -> 2740928.7
B80: AG.13720 | C80: - Cắt thép móc cẩu | E80: 26.104083 | G80: =E80*$F$78 -> 548185.75
B81: AG.13720 | C81: - Lắp đặt thép móc cẩu vào khối bậc thang loại A | E81: 2.6960256 | G81: =E81*$F$78 -> 56616.538
B82: AG.13720 | C82: - Cắt thép móc cẩu | E82: 0.53920512 | G82: =E82*$F$78 -> 11323.308
B83: AG.13720 | C83: - Lắp đặt thép móc cẩu vào khối bậc thang loại B | E83: 2.0469824 | G83: =E83*$F$78 -> 42986.63
B84: AG.13720 | C84: - Cắt thép móc cẩu | E84: 0.40939648 | G84: =E84*$F$78 -> 8597.3261
B85: AF.61511 | C85: - Lắp dựng rãnh thoát nước, ĐK ≤10mm | E85: 84.940717 | G85: =E85*$F$78 -> 1783755.1
B86: AF.61511 | C86: - Lắp dựng cốt thép nắp rãnh thoát nước, ĐK ≤10mm | E86: 24.213955 | G86: =E86*$F$78 -> 508493.05
B87: AI.64231 | C87: - Lắp đặt cấu kiện thép đặt sẵn trong bê tông, KL ≤50kg/1 cấu kiện | E87: 9.64392 | G87: =E87*$F$78 -> 202522.32
A88: 20 | B88: V00226 | C88: Dây thép | D88: kg | E88: =SUM(E89:E90) -> 12.259998 | F88: 12200 | G88: =E88*F88 -> 149571.98 | H88: Dây thép|kg
B89: AF.61511 | C89: - Lắp dựng cốt thép xà dầm, giằng, ĐK ≤10mm, chiều cao ≤6m | E89: 2.0895821 | G89: =E89*$F$88 -> 25492.902
B90: AF.61521 | C90: - Lắp dựng cốt thép dầm mũ, ĐK ≤18mm, chiều cao ≤6m | E90: 10.170416 | G90: =E90*$F$88 -> 124079.08
A91: 21 | B91: V00360 | C91: Gạch Terrazzo | D91: m2 | E91: =SUM(E92:E92) -> 1281.0032 | F91: 150000 | G91: =E91*F91 -> 192150480 | H91: Gạch Terrazzo|m2
B92: AK.55110 | C92: - Lát gạch xi măng, vữa XM M75, PCB40 | E92: 1281.0032 | G92: =E92*$F$91 -> 192150480
A93: 22 | B93: V05607 | C93: Khí gas | D93: kg | E93: =SUM(E94:E96) -> 15.429168 | F93: 17000 | G93: =E93*F93 -> 262295.86 | H93: Khí gas|kg
B94: AI.11912vd | C94: - Gia công hệ sàn đạo, sàn thao tác thép hình I (Thi công trong 4 ngày, hệ số hao phí VL chính = (4/30*1.5%+5%=0.052) ) | E94: 8.810424 | G94: =E94*$F$93 -> 149777.21
B95: AI.11912vd | C95: - Gia công hệ sàn đạo, sàn thao tác thép tấm (Thi công trong 4 ngày, hệ số hao phí VL chính = (4/30*1.5%+5%=0.052) | E95: 0.189924 | G95: =E95*$F$93 -> 3228.708
B96: AI.63411 | C96: - Tháo dỡ kết cấu thép hệ khung dàn, sàn đạo trên cạn | E96: 6.42882 | G96: =E96*$F$93 -> 109289.94
A97: 23 | B97: TT | C97: Mua tấm đan làm bằng gang 1000x350mm | D97: 1 cấu kiện | E97: 36 | F97: 1265000 | G97: =E97*F97 -> 45540000 | H97: Mua tấm đan làm bằng gang 1000x350mm|1 cấu kiện
A98: 24 | B98: V02208 | C98: Nhựa dán | D98: kg | E98: =SUM(E99:E99) -> 0.808786 | F98: 118000 | G98: =E98*F98 -> 95436.748 | H98: Nhựa dán|kg
B99: BB.41111 | C99: - Lắp đặt ống nhựa PVC miệng bát, nối bằng p/p dán keo, đoạn ống dài 6m - Đường kính 200mm chứa dây điện | E99: 0.808786 | G99: =E99*$F$98 -> 95436.748
A100: 25 | B100: V77999 | C100: Ni lông | D100: m2 | E100: =SUM(E101:E102) -> 1844.029 | F100: 14000 | G100: =E100*F100 -> 25816406 | H100: Ni lông|m2
B101: AL.16201 | C101: - Rải ni lông | E101: 448.877 | G101: =E101*$F$100 -> 6284278
B102: AL.16201vd | C102: - Rải ni lông | E102: 1395.152 | G102: =E102*$F$100 -> 19532128
A103: 26 | B103: V00494 | C103: Nước | D103: lít | E103: =SUM(E104:E117) -> 882204.44 | F103: 10 | G103: =E103*F103 -> 8822044.4 | H103: Nước|lít
B104: AF.12154 | C104: - Bê tông vai kè, đổ bằng thủ công - Chiều dày ≤45cm, chiều cao ≤6m, M300, đá 2x4, PCB40 | E104: 47005.434 | G104: =E104*$F$103 -> 470054.34
...

Sheet Tuyen 3
A1: BẢNG BÓC VẬT TƯ - KÈ BỜ TUYẾN 3
A2: Dự án: Xử lý khẩn cấp kè biển khu du lịch Hải Tiến, xã Hoằng Tiến
A3: (Căn cứ theo Giá vật liệu xây dựng quý 2/2026 - tỉnh Thanh Hóa) - Nguồn số liệu: Du_toan_Hoang_Tien_26.08.2026_TAC.xlsx, sheet 'Vật liệu'
A5: STT | B5: Mã hiệu | C5: Tên vật tư / Công tác sử dụng | D5: Đơn vị | E5: Khối lượng | F5: Đơn giá (đ) | G5: Thành tiền (đ) | H5: Khóa tổng hợp
A6: 1 | B6: V00010 | C6: Bu lông | D6: cái | E6: =SUM(E7:E7) -> 25.71528 | F6: 2500 | G6: =E6*F6 -> 64288.2 | H6: Bu lông|cái
B7: AI.63311 | C7: - Lắp dựng kết cấu thép hệ khung dàn, sàn đạo trên cạn | E7: 25.71528 | G7: =E7*$F$6 -> 64288.2
A8: 2 | B8: V85971 | C8: Cát mịn ML=1,5÷2,0 | D8: m3 | E8: =SUM(E9:E9) -> 44.568177 | F8: 254920 | G8: =E8*F8 -> 11361320 | H8: Cát mịn ML=1,5÷2,0|m3
B9: AK.55110 | C9: - Lát gạch xi măng, vữa XM M75, PCB40 | E9: 44.568177 | G9: =E9*$F$8 -> 11361320
A10: 3 | B10: V12696 | C10: Cát nền | D10: m3 | E10: =SUM(E11:E11) -> 15741.355 | F10: 120000 | G10: =E10*F10 -> 1888962600 | H10: Cát nền|m3
B11: AB.24131vd | C11: - Cát đắp dưới kè - Cấp đất I (mua mới) | E11: 15741.355 | G11: =E11*$F$10 -> 1888962600
A12: 4 | B12: V00112 | C12: Cát vàng | D12: m3 | E12: =SUM(E13:E27) -> 3441.4248 | F12: 498275 | G12: =E12*F12 -> 1.7147759e+09 | H12: Cát vàng|m3
B13: AF.12154 | C13: - Bê tông vai kè, đổ bằng thủ công - Chiều dày ≤45cm, chiều cao ≤6m, M300, đá 2x4, PCB40 | E13: 147.75864 | G13: =E13*$F$12 -> 73624436
B14: AG.11924 | C14: - Bê tông khối bậc thang 2T, bê tông M300, đá 2x4, PCB40 - Đổ bê tông đúc sẵn bằng thủ công (vữa bê tông sản xuất bằng máy trộn) | E14: 2088.5936 | G14: =E14*$F$12 -> 1.040694e+09
B15: AG.11924 | C15: - Bê tông khối bậc thang loại A, bê tông M300, đá 2x4, PCB40 - Đổ bê tông đúc sẵn bằng thủ công (vữa bê tông sản xuất bằng máy trộn) | E15: 35.268449 | G15: =E15*$F$12 -> 17573386
B16: AG.11924 | C16: - Bê tông khối bậc thang loại B, bê tông M300, đá 2x4, PCB40 - Đổ bê tông đúc sẵn bằng thủ công (vữa bê tông sản xuất bằng máy trộn) | E16: 24.358102 | G16: =E16*$F$12 -> 12137033
B17: AF.12154 | C17: - Bê tông chèn, đổ bằng thủ công - Chiều dày ≤45cm, chiều cao ≤6m, M300, đá 2x4, PCB40 | E17: 4.6040848 | G17: =E17*$F$12 -> 2294100.3
B18: AG.11924 | C18: - Bê tông khối chặn chân 1,5x1,5x0,5m, bê tông M300, đá 2x4, PCB40 - Đổ bê tông đúc sẵn bằng thủ công (vữa bê tông sản xuất bằng máy trộn) | E18: 460.5218 | G18: =E18*$F$12 -> 2.294665e+08
B19: AG.11924 | C19: - Bê tông khối vai kè 2T, bê tông thương phẩm M300, đá 2x4 - Đổ bê tông đúc sẵn bằng thủ công | E19: 126.69685 | G19: =E19*$F$12 -> 63129872
B20: AG.11924 | C20: - Bê tông khối vai kè 2T, bê tông thương phẩm M300, đá 2x4 - Đổ bê tông đúc sẵn bằng thủ công | E20: 124.73125 | G20: =E20*$F$12 -> 62150463
B21: AF.24314 | C21: - Bê tông tường chắn, Chiều dày (cm) ≤45cm, bê tông M300, đá 2x4, PCB40 | E21: 75.815304 | G21: =E21*$F$12 -> 37776870
B22: AF.24314 | C22: - Bê tông tường chắn, Chiều dày (cm) ≤45cm, bê tông M300, đá 2x4, PCB40 | E22: 83.889208 | G22: =E22*$F$12 -> 41799895
B23: AF.12155A | C23: - Bê tông tường SX bằng máy trộn, đổ bằng thủ công - Chiều dày ≤45cm, chiều cao ≤6m, M300, đá 2x4, PCB30 | E23: 94.546143 | G23: =E23*$F$12 -> 47109980
B24: AF.12614 | C24: - Bê tông bậc lên xuống, đổ bằng thủ công, bê tông M300, đá 2x4, PCB40 | E24: 17.931698 | G24: =E24*$F$12 -> 8934917.1
... B27: AF.11325A | C27: - Bê tông nền SX bằng máy trộn, đổ bằng thủ công, M200, đá 2x4, PCB40 | E27: 92.932834 | G27: =E27*$F$12 -> 46306108
A28: 5 | B28: V42165 | C28: Cọc cừ máng BT dự ứng lực, chiều cao 30-50cm | D28: m | E28: =SUM(E29:E32) -> 585.8 | F28: 2600000 | G28: =E28*F28 -> 1523080000 | H28: Cọc cừ máng BT dự ứng lực, chiều cao 30-50cm|m
B29: AC.12411 | C29: - Đóng cọc cừ máng bê tông dự ứng lực trên cạn bằng búa rung 50kW kết hợp xói nước đầu cọc, chiều cao máng cọc 30-50cm (phần ngập đất) | E29: 268.0237 | G29: =E29*$F$28 -> 696861620
B30: AC.12411 | C30: - Đóng cọc cừ máng bê tông dự ứng lực trên cạn bằng búa rung 50kW kết hợp xói nước đầu cọc, chiều cao máng cọc 30-50cm (phần tự do) | E30: 111.7363 | G30: =E30*$F$28 -> 290514380
B31: AC.12411 | C31: - Đóng cọc cừ máng bê tông dự ứng lực trên cạn bằng búa rung 50kW kết hợp xói nước đầu cọc, chiều cao máng cọc 30-50cm (phần ngập đất) | E31: 126.7146 | G31: =E31*$F$28 -> 329457960
B32: AC.12411 | C32: - Đóng cọc cừ máng bê tông dự ứng lực trên cạn bằng búa rung 50kW kết hợp xói nước đầu cọc, chiều cao máng cọc 30-50cm (phần tự do) | E32: 79.3254 | G32: =E32*$F$28 -> 206246040
A33: 6 | B33: V00649 | C33: Cọc định vị | D33: kg | E33: =SUM(E34:E34) -> 12.58998 | F33: 13730 | G33: =E33*F33 -> 172860.43 | H33: Cọc định vị|kg
B34: TT | C34: - Thi công ống địa kĩ thuật (Ống Geotube) | E34: 12.58998 | G34: =E34*$F$33 -> 172860.43
A35: 7 | B35: V01982 | C35: Cồn rửa | D35: kg | E35: =SUM(E36:E36) -> 2.822495 | F35: 15000 | G35: =E35*F35 -> 42337.425 | H35: Cồn rửa|kg
B36: BB.41111 | C36: - Lắp đặt ống nhựa PVC miệng bát, nối bằng p/p dán keo, đoạn ống dài 6m - Đường kính 200mm chứa dây điện | E36: 2.822495 | G36: =E36*$F$35 -> 42337.425
A37: 8 | B37: V00199 | C37: Cột chống thép ống | D37: kg | E37: =SUM(E38:E39) -> 373.72738 | F37: 16480 | G37: =E37*F37 -> 6159027.3 | H37: Cột chống thép ống|kg
B38: AF.86381 | C38: - Ván khuôn thép tường chắn | E38: 183.2299 | G38: =E38*$F$37 -> 3019628.8
B39: AF.86381 | C39: - Ván khuôn thép tường chắn | E39: 190.49748 | G39: =E39*$F$37 -> 3139398.5
A40: 9 | B40: V00124 | C40: Cút thép đầu cọc D34/15 | D40: cái | E40: =SUM(E41:E44) -> 2.552 | F40: 19570 | G40: =E40*F40 -> 49942.64 | H40: Cút thép đầu cọc D34/15|cái
B41: AC.12411 | C41: - Đóng cọc cừ máng bê tông dự ứng lực trên cạn bằng búa rung 50kW kết hợp xói nước đầu cọc, chiều cao máng cọc 30-50cm (phần ngập đất) | E41: 1.167628 | G41: =E41*$F$40 -> 22850.48
B42: AC.12411 | C42: - Đóng cọc cừ máng bê tông dự ứng lực trên cạn bằng búa rung 50kW kết hợp xói nước đầu cọc, chiều cao máng cọc 30-50cm (phần tự do) | E42: 0.486772 | G42: =E42*$F$40 -> 9526.128
B43: AC.12411 | C43: - Đóng cọc cừ máng bê tông dự ứng lực trên cạn bằng búa rung 50kW kết hợp xói nước đầu cọc, chiều cao máng cọc 30-50cm (phần ngập đất) | E43: 0.552024 | G43: =E43*$F$40 -> 10803.11
B44: AC.12411 | C44: - Đóng cọc cừ máng bê tông dự ứng lực trên cạn bằng búa rung 50kW kết hợp xói nước đầu cọc, chiều cao máng cọc 30-50cm (phần tự do) | E44: 0.345576 | G44: =E44*$F$40 -> 6762.9223
A45: 10 | B45: V05208 | C45: Đá 2x4 | D45: m3 | E45: =SUM(E46:E59) -> 5432.2565 | F45: 473574 | G45: =E45*F45 -> 2.5725755e+09 | H45: Đá 2x4|m3
B46: AF.12154 | C46: - Bê tông vai kè, đổ bằng thủ công - Chiều dày ≤45cm, chiều cao ≤6m, M300, đá 2x4, PCB40 | E46: 239.70388 | G46: =E46*$F$45 -> 1.1351752e+08
B47: AG.11924 | C47: - Bê tông khối bậc thang 2T, bê tông M300, đá 2x4, PCB40 - Đổ bê tông đúc sẵn bằng thủ công (vữa bê tông sản xuất bằng máy trộn) | E47: 3388.2553 | G47: =E47*$F$45 -> 1.6045896e+09
B48: AG.11924 | C48: - Bê tông khối bậc thang loại A, bê tông M300, đá 2x4, PCB40 - Đổ bê tông đúc sẵn bằng thủ công (vữa bê tông sản xuất bằng máy trộn) | E48: 57.214819 | G48: =E48*$F$45 -> 27095451
B49: AG.11924 | C49: - Bê tông khối bậc thang loại B, bê tông M300, đá 2x4, PCB40 - Đổ bê tông đúc sẵn bằng thủ công (vữa bê tông sản xuất bằng máy trộn) | E49: 39.51533 | G49: =E49*$F$45 -> 18713433
B50: AF.12154 | C50: - Bê tông chèn, đổ bằng thủ công - Chiều dày ≤45cm, chiều cao ≤6m, M300, đá 2x4, PCB40 | E50: 7.469052 | G50: =E50*$F$45 -> 3537148.8
B51: AG.11924 | C51: - Bê tông khối chặn chân 1,5x1,5x0,5m, bê tông M300, đá 2x4, PCB40 - Đổ bê tông đúc sẵn bằng thủ công (vữa bê tông sản xuất bằng máy trộn) | E51: 747.08904 | G51: =E51*$F$45 -> 3.5380195e+08
B52: AG.11924 | C52: - Bê tông khối vai kè 2T, bê tông thương phẩm M300, đá 2x4 - Đổ bê tông đúc sẵn bằng thủ công | E52: 205.53604 | G52: =E52*$F$45 -> 97336524
B53: AG.11924 | C53: - Bê tông khối vai kè 2T, bê tông thương phẩm M300, đá 2x4 - Đổ bê tông đúc sẵn bằng thủ công | E53: 202.34731 | G53: =E53*$F$45 -> 95826427
B54: AF.24314 | C54: - Bê tông tường chắn, Chiều dày (cm) ≤45cm, bê tông M300, đá 2x4, PCB40 | E54: 122.99262 | G54: =E54*$F$45 -> 58246107
B55: AF.24314 | C55: - Bê tông tường chắn, Chiều dày (cm) ≤45cm, bê tông M300, đá 2x4, PCB40 | E55: 136.09064 | G55: =E55*$F$45 -> 64448991
B56: AF.12155A | C56: - Bê tông tường SX bằng máy trộn, đổ bằng thủ công - Chiều dày ≤45cm, chiều cao ≤6m, M300, đá 2x4, PCB30 | E56: 153.37903 | G56: =E56*$F$45 -> 72636322
B57: AF.12614 | C57: - Bê tông bậc lên xuống, đổ bằng thủ công, bê tông M300, đá 2x4, PCB40 | E57: 29.089992 | G57: =E57*$F$45 -> 13776264
... B59: AG.11216 | C59: - Bê tông nắp rãnh thoát nước, bê tông M400, đá 2x4, PCB40 - Đổ bê tông đúc sẵn bằng thủ công | E59: 10.772033 | G59: =E59*$F$45 -> 5101354.6
A60: 11 | B60: V05208 | C60: Đá 2x4 | D60: m3 | E60: =SUM(E61:E61) -> 151.14938 | F60: 357665 | G60: =E60*F60 -> 54060843 | H60: Đá 2x4|m3
B61: AF.11325A | C61: - Bê tông nền SX bằng máy trộn, đổ bằng thủ công, M200, đá 2x4, PCB40 | E61: 151.14938 | G61: =E61*$F$60 -> 54060843
A62: 12 | B62: V05209 | C62: Đá 4x6 | D62: m3 | E62: =SUM(E63:E63) -> 4072.42 | F62: 370419 | G62: =E62*F62 -> 1.5085017e+09 | H62: Đá 4x6|m3
B63: TLB.21311 | C63: - Đá dăm 4x6cm (dày 20cm) | E63: 4072.42 | G63: =E63*$F$62 -> 1.5085017e+09
A64: 13 | B64: V00823 | C64: Đá hộc 100-200kg | D64: m3 | E64: =SUM(E65:E65) -> 1093.4784 | F64: 379446 | G64: =E64*F64 -> 4.14916e+08 | H64: Đá hộc 100-200kg|m3
B65: AB.55313vd | C65: - Thi công đá hộc 100-200kg đổ rối | E65: 1093.4784 | G65: =E65*$F$64 -> 4.14916e+08
A66: 14 | B66: V00823 | C66: Đá hộc hỗn hợp | D66: m3 | E66: =SUM(E67:E69) -> 23993.233 | F66: 379446 | G66: =E66*F66 -> 9.1041365e+09 | H66: Đá hộc hỗn hợp|m3
B67: AB.55311vd | C67: - Thi công đá hộc hỗn hợp đổ rối | E67: 5700.6805 | G67: =E67*$F$66 -> 2.1631004e+09
B68: AB.67120vd | C68: - Thi công đá hộc hỗn hợp làm phẳng mái | E68: 4627.1127 | G68: =E68*$F$66 -> 1.7557394e+09
B69: AB.67120vd | C69: - Thi công đá hộc 100-200kg làm phẳng mái | E69: 13665.44 | G69: =E69*$F$66 -> 5.1852967e+09
A70: 15 | B70: V00830 | C70: Đất đắp | D70: m3 | E70: =SUM(E71:E71) -> 5.816101 | F70: 50000 | G70: =E70*F70 -> 290805.05 | H70: Đất đắp|m3
B71: AB.65130 | C71: - Đắp đất bằng đầm đất cầm tay 70kg, độ chặt Y/C K = 0,95 (hệ số tơi: 1,24, hệ số chuyển từ đào sang đắp: 1,13) | E71: 5.816101 | G71: =E71*$F$70 -> 290805.05
A72: 16 | B72: V00226 | C72: Dây thép | D72: kg | E72: =SUM(E73:E81) -> 332.7136 | F72: 21000 | G72: =E72*F72 -> 6986985.5 | H72: Dây thép|kg
B73: AG.13720 | C73: - Lắp đặt thép móc cẩu vào khối bậc thang 2T | E73: 153.14645 | G73: =E73*$F$72 -> 3216075.4
B74: AG.13720 | C74: - Cắt thép móc cẩu | E74: 30.62929 | G74: =E74*$F$72 -> 643215.08
B75: AG.13720 | C75: - Lắp đặt thép móc cẩu vào khối bậc thang loại A | E75: 3.4698848 | G75: =E75*$F$72 -> 72867.581
B76: AG.13720 | C76: - Cắt thép móc cẩu | E76: 0.69397696 | G76: =E76*$F$72 -> 14573.516
B77: AG.13720 | C77: - Lắp đặt thép móc cẩu vào khối bậc thang loại B | E77: 2.3964672 | G77: =E77*$F$72 -> 50325.811
B78: AG.13720 | C78: - Cắt thép móc cẩu | E78: 0.47929344 | G78: =E78*$F$72 -> 10065.162
B79: AF.61511 | C79: - Lắp dựng rãnh thoát nước, ĐK ≤10mm | E79: 101.45698 | G79: =E79*$F$72 -> 2130596.6
B80: AF.61511 | C80: - Lắp dựng cốt thép nắp rãnh thoát nước, ĐK ≤10mm | E80: 28.922143 | G80: =E80*$F$72 -> 607365.01
B81: AI.64231 | C81: - Lắp đặt cấu kiện thép đặt sẵn trong bê tông, KL ≤50kg/1 cấu kiện | E81: 11.519112 | G81: =E81*$F$72 -> 241901.35
A82: 17 | B82: V00360 | C82: Gạch Terrazzo | D82: m2 | E82: =SUM(E83:E83) -> 1513.0709 | F82: 150000 | G82: =E82*F82 -> 226960635 | H82: Gạch Terrazzo|m2
B83: AK.55110 | C83: - Lát gạch xi măng, vữa XM M75, PCB40 | E83: 1513.0709 | G83: =E83*$F$82 -> 226960635
A84: 18 | B84: V05607 | C84: Khí gas | D84: kg | E84: =SUM(E85:E87) -> 15.429168 | F84: 17000 | G84: =E84*F84 -> 262295.86 | H84: Khí gas|kg
B85: AI.11912vd | C85: - Gia công hệ sàn đạo, sàn thao tác thép hình I (Thi công trong 4 ngày, hệ số hao phí VL chính = (4/30*1.5%+5%=0.052) ) | E85: 8.810424 | G85: =E85*$F$84 -> 149777.21
B86: AI.11912vd | C86: - Gia công hệ sàn đạo, sàn thao tác thép tấm (Thi công trong 4 ngày, hệ số hao phí VL chính = (4/30*1.5%+5%=0.052) | E86: 0.189924 | G86: =E86*$F$84 -> 3228.708
B87: AI.63411 | C87: - Tháo dỡ kết cấu thép hệ khung dàn, sàn đạo trên cạn | E87: 6.42882 | G87: =E87*$F$84 -> 109289.94
A88: 19 | B88: TT | C88: Mua tấm đan làm bằng gang 1000x350mm | D88: 1 cấu kiện | E88: 27 | F88: 1265000 | G88: =E88*F88 -> 34155000 | H88: Mua tấm đan làm bằng gang 1000x350mm|1 cấu kiện
A89: 20 | B89: V02208 | C89: Nhựa dán | D89: kg | E89: =SUM(E90:E90) -> 0.955306 | F89: 118000 | G89: =E89*F89 -> 112726.11 | H89: Nhựa dán|kg
B90: BB.41111 | C90: - Lắp đặt ống nhựa PVC miệng bát, nối bằng p/p dán keo, đoạn ống dài 6m - Đường kính 200mm chứa dây điện | E90: 0.955306 | G90: =E90*$F$89 -> 112726.11
A91: 21 | B91: V77999 | C91: Ni lông | D91: m2 | E91: =SUM(E92:E93) -> 2178.099 | F91: 14000 | G91: =E91*F91 -> 30493386 | H91: Ni lông|m2
B92: AL.16201 | C92: - Rải ni lông | E92: 530.2 | G92: =E92*$F$91 -> 7422800
B93: AL.16201vd | C93: - Rải ni lông | E93: 1647.899 | G93: =E93*$F$91 -> 23070586
A94: 22 | B94: V00494 | C94: Nước | D94: lít | E94: =SUM(E95:E109) -> 1041152.1 | F94: 10 | G94: =E94*F94 -> 10411521 | H94: Nước|lít
B95: AF.12154 | C95: - Bê tông vai kè, đổ bằng thủ công - Chiều dày ≤45cm, chiều cao ≤6m, M300, đá 2x4, PCB40 | E95: 55519.648 | G95: =E95*$F$94 -> 555196.48
B96: AG.11924 | C96: - Bê tông khối bậc thang 2T, bê tông M300, đá 2x4, PCB40 - Đổ bê tông đúc sẵn bằng thủ công (vữa bê tông sản xuất bằng máy trộn) | E96: 619975.98 | G96: =E96*$F$94 -> 6199759.8
B97: AG.11924 | C97: - Bê tông khối bậc thang loại A, bê tông M300, đá 2x4, PCB40 - Đổ bê tông đúc sẵn bằng thủ công (vữa bê tông sản xuất bằng máy trộn) | E97: 10469.05 | G97: =E97*$F$94 -> 104690.5
B98: AG.11924 | C98: - Bê tông khối bậc thang loại B, bê tông M300, đá 2x4, PCB40 - Đổ bê tông đúc sẵn bằng thủ công (vữa bê tông sản xuất bằng máy trộn) | E98: 7230.4338 | G98: =E98*$F$94 -> 72304.338
B99: AF.12154 | C99: - Bê tông chèn, đổ bằng thủ công - Chiều dày ≤45cm, chiều cao ≤6m, M300, đá 2x4, PCB40 | E99: 1729.9642 | G99: =E99*$F$94 -> 17299.643
B100: AG.11924 | C100: - Bê tông khối chặn chân 1,5x1,5x0,5m, bê tông M300, đá 2x4, PCB40 - Đổ bê tông đúc sẵn bằng thủ công (vữa bê tông sản xuất bằng máy trộn) | E100: 136700.82 | G100: =E100*$F$94 -> 1367008.2
B101: AG.11924 | C101: - Bê tông khối vai kè 2T, bê tông thương phẩm M300, đá 2x4 - Đổ bê tông đúc sẵn bằng thủ công | E101: 37608.561 | G101: =E101*$F$94 -> 376085.61
B102: AG.11924 | C102: - Bê tông khối vai kè 2T, bê tông thương phẩm M300, đá 2x4 - Đổ bê tông đúc sẵn bằng thủ công | E102: 37025.095 | G102: =E102*$F$94 -> 370250.95
B103: AF.24314 | C103: - Bê tông tường chắn, Chiều dày (cm) ≤45cm, bê tông M300, đá 2x4, PCB40 | E103: 28487.261 | G103: =E103*$F$94 -> 284872.61
B104: AF.24314 | C104: - Bê tông tường chắn, Chiều dày (cm) ≤45cm, bê tông M300, đá 2x4, PCB40 | E104: 31520.995 | G104: =E104*$F$94 -> 315209.95
...

Sheet Bai duc CK
A1: BẢNG BÓC VẬT TƯ - BÃI ĐÚC CẤU KIỆN
A2: Dự án: Xử lý khẩn cấp kè biển khu du lịch Hải Tiến, xã Hoằng Tiến
A3: (Căn cứ theo Giá vật liệu xây dựng quý 2/2026 - tỉnh Thanh Hóa) - Nguồn số liệu: Du_toan_Hoang_Tien_26.08.2026_TAC.xlsx, sheet 'Vật liệu'
A5: STT | B5: Mã hiệu | C5: Tên vật tư / Công tác sử dụng | D5: Đơn vị | E5: Khối lượng | F5: Đơn giá (đ) | G5: Thành tiền (đ) | H5: Khóa tổng hợp
A6: 1 | B6: V03097 | C6: Cấp phối đá dăm loại 1 | D6: m3 | E6: =SUM(E7:E7) -> 211.519 | F6: 347961 | G6: =E6*F6 -> 73600363 | H6: Cấp phối đá dăm loại 1|m3
B7: AD.11222 | C7: - Thi công móng cấp phối đá dăm loại I dày 10cm | E7: 211.519 | G7: =E7*$F$6 -> 73600363
A8: 2 | B8: V03097 | C8: Cấp phối đá dăm loại 2 | D8: m3 | E8: =SUM(E9:E9) -> 1930.5648 | F8: 329780 | G8: =E8*F8 -> 6.3666166e+08 | H8: Cấp phối đá dăm loại 2|m3
B9: AD.11212 | C9: - Thi công móng cấp phối đá dăm loại II dày 30cm | E9: 1930.5648 | G9: =E9*$F$8 -> 6.3666166e+08
A10: 3 | B10: V00112 | C10: Cát vàng | D10: m3 | E10: =SUM(E11:E11) -> 168.59169 | F10: 498275 | G10: =E10*F10 -> 84005026 | H10: Cát vàng|m3
B11: AF.11324 | C11: - Bê tông nền SX bằng máy trộn, đổ bằng thủ công, M300, đá 2x4, PCB40 | E11: 168.59169 | G11: =E11*$F$10 -> 84005026
A12: 4 | B12: V05208 | C12: Đá 2x4 | D12: m3 | E12: =SUM(E13:E13) -> 273.43566 | F12: 473574 | G12: =E12*F12 -> 1.2949202e+08 | H12: Đá 2x4|m3
B13: AF.11324 | C13: - Bê tông nền SX bằng máy trộn, đổ bằng thủ công, M300, đá 2x4, PCB40 | E13: 273.43566 | G13: =E13*$F$12 -> 1.2949202e+08
A14: 5 | B14: V77999 | C14: Ni lông | D14: m2 | E14: =SUM(E15:E15) -> 1736.35 | F14: 14000 | G14: =E14*F14 -> 24308900 | H14: Ni lông|m2
B15: AL.16201 | C15: - Rải nilong | E15: 1736.35 | G15: =E15*$F$14 -> 24308900
A16: 6 | B16: V00494 | C16: Nước | D16: lít | E16: =SUM(E17:E17) -> 55981.503 | F16: 10 | G16: =E16*F16 -> 559815.03 | H16: Nước|lít
B17: AF.11324 | C17: - Bê tông nền SX bằng máy trộn, đổ bằng thủ công, M300, đá 2x4, PCB40 | E17: 55981.503 | G17: =E17*$F$16 -> 559815.03
A18: 7 | B18: V00515 | C18: Que hàn | D18: kg | E18: =SUM(E19:E19) -> 1.88336 | F18: 25000 | G18: =E18*F18 -> 47084 | H18: Que hàn|kg
B19: AF.82411 | C19: - Ván khuôn thép mặt đường bê tông | E19: 1.88336 | G19: =E19*$F$18 -> 47084
A20: 8 | B20: V00650 | C20: Thép hình, thép tấm | D20: kg | E20: =SUM(E21:E21) -> 37.548 | F20: 14157 | G20: =E20*F20 -> 531567.04 | H20: Thép hình, thép tấm|kg
B21: AF.82411 | C21: - Ván khuôn thép mặt đường bê tông | E21: 37.548 | G21: =E21*$F$20 -> 531567.04
A22: 9 | B22: V08770 | C22: Xi măng PCB40 rời/bền sunfat type II | D22: kg | E22: =SUM(E23:E23) -> 104196.79 | F22: 1442 | G22: =E22*F22 -> 1.5025176e+08 | H22: Xi măng PCB40 rời/bền sunfat type II|kg
B23: AF.11324 | C23: - Bê tông nền SX bằng máy trộn, đổ bằng thủ công, M300, đá 2x4, PCB40 | E23: 104196.79 | G23: =E23*$F$22 -> 1.5025176e+08
A24: 10 | B24: V00750 | C24: Vật liệu khác | D24: % | G24: =SUM(G25:G27) -> 3720636.6 | H24: Vật liệu khác|%
B25: AL.16201 | C25: - Rải nilong | D25: % | E25: 0.2 | G25: 48617.8
B26: AF.11324 | C26: - Bê tông nền SX bằng máy trộn, đổ bằng thủ công, M300, đá 2x4, PCB40 | D26: % | E26: 1 | G26: 3643086.3
B27: AF.82411 | C27: - Ván khuôn thép mặt đường bê tông | D27: % | E27: 5 | G27: 28932.552
A28: TỔNG CỘNG CHI PHÍ VẬT LIỆU | G28: =SUMIFS(G6:G27,H6:H27,"?*") -> 1.1031788e+09
A29: Ghi chú: dòng in đậm là vật tư (khối lượng = tổng các công tác bên dưới); dòng in nghiêng là công tác sử dụng vật tư đó. Bấm dấu [-]/[+] bên trái để thu gọn/mở chi tiết. Chữ xanh là số liệu lấy nguyên từ file dự toán.
