Workbook

Sheet 03a TT
A1: THÔNG SỐ NHẬP (không in) – ô nền vàng
A2: Thanh toán lần thứ | C2: 1
A3: Căn cứ xác định | C3: Biên bản nghiệm thu hoàn thành giai đoạn số ....../BBNT ngày ...../...../2026
A4: Tạm ứng đã nhận theo hợp đồng (đồng) | C4: 0
A5: Tạm ứng đã thu hồi đến hết kỳ trước (đồng) | C5: 0
A6: Đã thanh toán KLHT cho nhà thầu đến hết kỳ trước (đồng) | C6: 0
A7: Tỷ lệ thanh toán tối đa khi chưa quyết toán | C7: 0.9
A8: Tạm ứng đề nghị kỳ này (đồng) | C8: 0
A9: Thu hồi tạm ứng kỳ này (đồng) – để trống thì tự tính
A12: ỦY BAN NHÂN DÂN XÃ HOẰNG PHÚ | K12: Mẫu số 03a/TT
A14: BẢNG XÁC ĐỊNH GIÁ TRỊ KHỐI LƯỢNG CÔNG VIỆC HOÀN THÀNH
A15: Tên dự án: Hạ tầng kỹ thuật Khu dân cư và công viên Cây xanh, xã Hoằng Phú, tỉnh Thanh Hoá (được UBND huyện Hoằng Hóa phê duyệt tại Quyết định số 613/QĐ-UBND ngày 21/02/2025)
A16: Tên gói thầu: Gói thầu số 03: Thi công xây dựng công trình + thiết bị
A17: Căn cứ hợp đồng số: 10/2026/HĐ-TCXD ngày 09 tháng 10 năm 2026 (giá hợp đồng trọn gói: 25.007.549.000 đồng)
A18: Chủ đầu tư: Ủy ban nhân dân xã Hoằng Phú
A19: Nhà thầu: Công ty TNHH Hoàng Tuấn
A20: ="Thanh toán lần thứ: "&'03a TT'!$C$2 -> Thanh toán lần thứ: 1
A21: ="Căn cứ xác định: "&'03a TT'!$C$3 -> Căn cứ xác định: Biên bản nghiệm thu hoàn thành giai đoạn số ....../BBNT ngày ...../...../2026
A23: STT | B23: Chỉ tiêu | E23: Giá trị hợp đồng/Dự toán | F23: Giá trị KLHT chưa thanh toán đến hết kỳ trước | G23: Giá trị KLHT nghiệm thu trong kỳ này | H23: Giá trị KLHT đề nghị thanh toán kỳ này | I23: Giá trị KLHT chưa thanh toán đến hết kỳ này | J23: Luỹ kế giá trị KLHT đã thanh toán đến hết kỳ trước | K23: Luỹ kế giá trị KLHT đã thanh toán đến hết kỳ này | L23: Ghi chú
A24: (1) | B24: (2) | E24: (3) | F24: (4) | G24: (5) | H24: (6) | I24: (7)=(4)+(5)-(6) | J24: (8) | K24: (9)=(8)+(6) | L24: (10)
A25: I | B25: Công việc thực hiện thông qua hợp đồng | E25: ='PL.3A'!I597 -> 25007549000 | F25: =MAX(0,ROUND('PL.3A'!J597-J25,0)) -> 0 | G25: ='PL.3A'!K597 -> 0 | H25: =I42+I37 -> 0 | I25: =F25+G25-H25 -> 0 | J25: =$C$6+$C$5 -> 0 | K25: =J25+H25 -> 0
A26: II | B26: Công việc thực hiện không thông qua Hợp đồng (không bao gồm chi phí quản lý dự án) | E26: 0 | F26: 0 | G26: 0 | H26: 0 | I26: 0 | J26: 0 | K26: 0 | L26: 0
A27: III | B27: Chi phí đảm bảo cho việc tổ chức thực hiện bồi thường, hỗ trợ, tái định cư | E27: 0 | F27: 0 | G27: 0 | H27: 0 | I27: 0 | J27: 0 | K27: 0 | L27: 0
A28: IV | B28: Chi phí quản lý dự án | E28: 0 | F28: 0 | G28: 0 | H28: 0 | I28: 0 | J28: 0 | K28: 0 | L28: 0
A29: Tổng cộng | E29: =SUM(E25:E28) -> 25007549000 | F29: =SUM(F25:F28) -> 0 | G29: =SUM(G25:G28) -> 0 | H29: =SUM(H25:H28) -> 0 | I29: =SUM(I25:I28) -> 0 | J29: =SUM(J25:J28) -> 0 | K29: =SUM(K25:K28) -> 0
A31: 1. | B31: Giá trị tạm ứng chưa thu hồi đến hết kỳ trước: | I31: =$C$4-$C$5 -> 0 | J31: đồng
A32: 2. | B32: Số tiền đã thanh toán khối lượng hoàn thành đến hết kỳ trước: | I32: =SUM(I33:I35) -> 0 | J32: đồng
A33: 2.1 | B33: Thanh toán cho nhà thầu: | I33: =$C$6 -> 0 | J33: đồng
A34: 2.2 | B34: Tiền bảo hành công trình (trong trường hợp không bảo lãnh bảo hành): | I34: 0 | J34: đồng
A35: 2.3 | B35: Chuyển vào tài khoản tạm giữ chờ quyết toán: | I35: 0 | J35: đồng
A36: 3. | B36: Luỹ kế giá trị khối lượng thực hiện đến hết kỳ này: | I36: ='PL.3A'!L597 -> 0 | J36: đồng
A37: 4. | B37: Thanh toán để thu hồi tạm ứng: | I37: =IF($C$9="",MIN(IF(I36>=0.8*E25,I31,MIN(I31,ROUND(G25*IF(E25=0,0,$C$4/E25),-3))),MAX(0,ROUNDDOWN(I36*$C$7-I33,-3))),$C$9) -> 0 | J37: đồng
A38: 5. | B38: Giá trị đề nghị giải ngân kỳ này: | I38: =I40+I41 -> 0 | J38: đồng
B39: Số tiền bằng chữ: ............................................................................................................
A40: + | B40: Tạm ứng: | I40: =$C$8 -> 0 | J40: đồng
A41: + | B41: Thanh toán khối lượng hoàn thành: | I41: =I42+I43+I44 -> 0 | J41: đồng
A42: + | B42: Thanh toán cho nhà thầu | I42: =MAX(0,ROUNDDOWN(I36*$C$7-I33,-3))-I37 -> 0 | J42: đồng
A43: + | B43: Tiền bảo hành công trình (trong trường hợp không bảo lãnh bảo hành) | I43: 0 | J43: đồng
A44: + | B44: Chuyển vào tài khoản tạm giữ chờ quyết toán | I44: 0 | J44: đồng
A45: 6. | B45: Luỹ kế giá trị giải ngân: | I45: =I46+I47 -> 0 | J45: đồng
A46: 6.1 | B46: Tạm ứng: | I46: =$C$4+$C$8-($C$5+I37) -> 0 | J46: đồng
A47: 6.2 | B47: Thanh toán khối lượng hoàn thành: | I47: =I48+I49+I50 -> 0 | J47: đồng
A48: + | B48: Thanh toán cho nhà thầu | I48: =I33+I37+I42 -> 0 | J48: đồng
A49: + | B49: Tiền bảo hành công trình (trong trường hợp không bảo lãnh bảo hành) | I49: 0 | J49: đồng
A50: + | B50: Chuyển vào tài khoản tạm giữ chờ quyết toán | I50: 0 | J50: đồng
I52: Hoằng Phú, ngày tháng năm 2026
A53: ĐẠI DIỆN NHÀ THẦU | H53: ĐẠI DIỆN CHỦ ĐẦU TƯ
A54: GIÁM ĐỐC | H54: CHỦ TỊCH
A59: Nguyễn Duy Nở | H59: Nguyễn Thị Loan

Sheet PL.Khoi luong
A1: PHỤ LỤC KHỐI LƯỢNG NGHIỆM THU HOÀN THÀNH
A2: ="(Kèm theo "&'03a TT'!$C$3&")" -> (Kèm theo Biên bản nghiệm thu hoàn thành giai đoạn số ....../BBNT ngày ...../...../2026)
A3: Dự án: Hạ tầng kỹ thuật Khu dân cư và công viên Cây xanh, xã Hoằng Phú, tỉnh Thanh Hoá (được UBND huyện Hoằng Hóa phê duyệt tại Quyết định số 613/QĐ-UBND ngày 21/02/2025)
A5: STT | B5: Nội dung công việc | C5: Đơn vị | D5: Khối lượng | H5: Ghi chú
D6: Khối lượng theo hợp đồng | E6: Thực hiện
E7: Luỹ kế đến hết kỳ trước | F7: Thực hiện kỳ này | G7: Luỹ kế đến hết kỳ này
A8: (1) | B8: (2) | C8: (3) | D8: (4) | E8: (5) | F8: (6) | G8: (7)=(5)+(6) | H8: (8)
A9: 1 | B9: HẠNG MỤC: GIAO THÔNG
A10: 1.1 | B10: GIAO THÔNG
A11: 1.1.1 | B11: BTN C16 lớp trên | C11: 100tấn | D11: 11.2167 | E11: 0 | F11: 0 | G11: =E11+F11 -> 0 | H11: =IF(G11>D11,"Vượt KL HĐ","")
A12: 1.1.2 | B12: Sản xuất bê tông nhựa | C12: 100tấn | D12: 11.2167 | E12: 0 | F12: 0 | G12: =E12+F12 -> 0 | H12: =IF(G12>D12,"Vượt KL HĐ","")
A13: 1.1.3 | B13: Vận chuyển đá dăm đen, bê tông nhựa từ trạm trộn đến vị trí đổ | C13: 100tấn | D13: 11.2167 | E13: 0 | F13: 0 | G13: =E13+F13 -> 0 | H13: =IF(G13>D13,"Vượt KL HĐ","")
A14: 1.1.4 | B14: Rải thảm mặt đường bê tông nhựa (Loại BTNC 16) dày 7cm | C14: 100m2 | D14: 65.0131 | E14: 0 | F14: 0 | G14: =E14+F14 -> 0 | H14: =IF(G14>D14,"Vượt KL HĐ","")
A15: 1.1.5 | B15: Tưới lớp dính bám, thấm bám mặt đường | C15: 100m2 | D15: 65.0131 | E15: 0 | F15: 0 | G15: =E15+F15 -> 0 | H15: =IF(G15>D15,"Vượt KL HĐ","")
A16: 1.1.6 | B16: Móng cấp phối đá dăm loại 1 dày 15cm | C16: 100m3 | D16: 9.4043 | E16: 0 | F16: 0 | G16: =E16+F16 -> 0 | H16: =IF(G16>D16,"Vượt KL HĐ","")
A17: 1.1.7 | B17: Móng cấp phối đá dăm loại 2 dày 18cm | C17: 100m3 | D17: 11.3547 | E17: 0 | F17: 0 | G17: =E17+F17 -> 0 | H17: =IF(G17>D17,"Vượt KL HĐ","")
A18: 1.1.8 | B18: Đất đắp K98 | C18: m3 | D18: 2639.947 | E18: 0 | F18: 0 | G18: =E18+F18 -> 0 | H18: =IF(G18>D18,"Vượt KL HĐ","")
A19: 1.1.9 | B19: Đắp nền đường, độ chặt Y/C K = 0,98 | C19: 100m3 | D19: 18.8084 | E19: 0 | F19: 0 | G19: =E19+F19 -> 0 | H19: =IF(G19>D19,"Vượt KL HĐ","")
A20: 1.1.10 | B20: Đất đắp K95 | C20: m3 | D20: 23694.475 | E20: 0 | F20: 0 | G20: =E20+F20 -> 0 | H20: =IF(G20>D20,"Vượt KL HĐ","")
A21: 1.1.11 | B21: Đắp nền đường, độ chặt Y/C K = 0,95 | C21: 100m3 | D21: 174.3717 | E21: 0 | F21: 0 | G21: =E21+F21 -> 0 | H21: =IF(G21>D21,"Vượt KL HĐ","")
A22: 1.1.12 | B22: Đào nền, đào khuôn đường | C22: 100m3 | D22: 1.0778 | E22: 0 | F22: 0 | G22: =E22+F22 -> 0 | H22: =IF(G22>D22,"Vượt KL HĐ","")
A23: 1.1.13 | B23: Đào đất không thích hợp | C23: 100m3 | D23: 30.6066 | E23: 0 | F23: 0 | G23: =E23+F23 -> 0 | H23: =IF(G23>D23,"Vượt KL HĐ","")
A24: 1.2 | B24: VẠCH SƠN KẺ ĐƯỜNG
A25: 1.2.1 | B25: Sơn kẻ đường bằng sơn dẻo nhiệt phản quang | C25: m2 | D25: 470.17 | E25: 0 | F25: 0 | G25: =E25+F25 -> 0 | H25: =IF(G25>D25,"Vượt KL HĐ","")
A26: 2 | B26: HẠNG MỤC: THOÁT NƯỚC MƯA
A27: 2.1 | B27: Phần rãnh thường (xây gạch)
A28: 2.1.1 | B28: Thi công lớp đá đệm móng | C28: m3 | D28: 121.79 | E28: 0 | F28: 0 | G28: =E28+F28 -> 0 | H28: =IF(G28>D28,"Vượt KL HĐ","")
A29: 2.1.2 | B29: Bê tông móng M200, đá 1x2 | C29: m3 | D29: 182.69 | E29: 0 | F29: 0 | G29: =E29+F29 -> 0 | H29: =IF(G29>D29,"Vượt KL HĐ","")
A30: 2.1.3 | B30: Ván khuôn móng dài | C30: 100m2 | D30: 2.4856 | E30: 0 | F30: 0 | G30: =E30+F30 -> 0 | H30: =IF(G30>D30,"Vượt KL HĐ","")
A31: 2.1.4 | B31: Xây tường bằng gạch không nung, vữa XM M75 | C31: m3 | D31: 255.18 | E31: 0 | F31: 0 | G31: =E31+F31 -> 0 | H31: =IF(G31>D31,"Vượt KL HĐ","")
A32: 2.1.5 | B32: Trát tường, xây bằng gạch không nung, Vữa XM M75 | C32: m2 | D32: 1159.93 | E32: 0 | F32: 0 | G32: =E32+F32 -> 0 | H32: =IF(G32>D32,"Vượt KL HĐ","")
A33: 2.1.6 | B33: Bê tông mũ mố M250, đá 1x2 | C33: m3 | D33: 53.85 | E33: 0 | F33: 0 | G33: =E33+F33 -> 0 | H33: =IF(G33>D33,"Vượt KL HĐ","")
A34: 2.1.7 | B34: Lắp dựng cốt thép mũ mố, ĐK ≤10mm | C34: tấn | D34: 5.7168 | E34: 0 | F34: 0 | G34: =E34+F34 -> 0 | H34: =IF(G34>D34,"Vượt KL HĐ","")
A35: 2.1.8 | B35: Ván khuôn tấm đan | C35: 100m2 | D35: 3.3969 | E35: 0 | F35: 0 | G35: =E35+F35 -> 0 | H35: =IF(G35>D35,"Vượt KL HĐ","")
A36: 2.1.9 | B36: Bê tông tấm đan M250, đá 1x2 | C36: m3 | D36: 86.99 | E36: 0 | F36: 0 | G36: =E36+F36 -> 0 | H36: =IF(G36>D36,"Vượt KL HĐ","")
A37: 2.1.10 | B37: Cốt thép tấm đan ĐK ≤10mm | C37: tấn | D37: 8.0946 | E37: 0 | F37: 0 | G37: =E37+F37 -> 0 | H37: =IF(G37>D37,"Vượt KL HĐ","")
A38: 2.1.11 | B38: Cốt thép tấm đan ĐK >10mm | C38: tấn | D38: 6.1145 | E38: 0 | F38: 0 | G38: =E38+F38 -> 0 | H38: =IF(G38>D38,"Vượt KL HĐ","")
A39: 2.1.12 | B39: Lắp đặt tấm đan | C39: 1 cấu kiện | D39: 829 | E39: 0 | F39: 0 | G39: =E39+F39 -> 0 | H39: =IF(G39>D39,"Vượt KL HĐ","")
A40: 2.2 | B40: Phần rãnh chịu lực (bê tông)
A41: 2.2.1 | B41: Thi công lớp đá đệm móng | C41: m3 | D41: 25.11 | E41: 0 | F41: 0 | G41: =E41+F41 -> 0 | H41: =IF(G41>D41,"Vượt KL HĐ","")
A42: 2.2.2 | B42: Bê tông móng M200, đá 1x2 | C42: m3 | D42: 46.36 | E42: 0 | F42: 0 | G42: =E42+F42 -> 0 | H42: =IF(G42>D42,"Vượt KL HĐ","")
A43: 2.2.3 | B43: Ván khuôn móng dài | C43: 100m2 | D43: 0.7727 | E43: 0 | F43: 0 | G43: =E43+F43 -> 0 | H43: =IF(G43>D43,"Vượt KL HĐ","")
A44: 2.2.4 | B44: Bê tông thành rãnh M200, đá 1x2 | C44: m3 | D44: 67.61 | E44: 0 | F44: 0 | G44: =E44+F44 -> 0 | H44: =IF(G44>D44,"Vượt KL HĐ","")
A45: 2.2.5 | B45: Ván khuôn thành rãnh | C45: 100m2 | D45: 3.6704 | E45: 0 | F45: 0 | G45: =E45+F45 -> 0 | H45: =IF(G45>D45,"Vượt KL HĐ","")
A46: 2.2.6 | B46: Lắp dựng cốt thép, ĐK ≤10mm | C46: tấn | D46: 5.1786 | E46: 0 | F46: 0 | G46: =E46+F46 -> 0 | H46: =IF(G46>D46,"Vượt KL HĐ","")
A47: 2.2.7 | B47: Lắp dựng cốt thép, ĐK ≤18mm | C47: tấn | D47: 7.9854 | E47: 0 | F47: 0 | G47: =E47+F47 -> 0 | H47: =IF(G47>D47,"Vượt KL HĐ","")
A48: 2.2.8 | B48: Ván khuôn tấm đan | C48: 100m2 | D48: 1.1591 | E48: 0 | F48: 0 | G48: =E48+F48 -> 0 | H48: =IF(G48>D48,"Vượt KL HĐ","")
A49: 2.2.9 | B49: Bê tông tấm đan M250, đá 1x2 | C49: m3 | D49: 28.98 | E49: 0 | F49: 0 | G49: =E49+F49 -> 0 | H49: =IF(G49>D49,"Vượt KL HĐ","")
A50: 2.2.10 | B50: Cốt thép tấm đan ĐK ≤10mm | C50: tấn | D50: 2.4437 | E50: 0 | F50: 0 | G50: =E50+F50 -> 0 | H50: =IF(G50>D50,"Vượt KL HĐ","")
A51: 2.2.11 | B51: Cốt thép tấm đan ĐK >10mm | C51: tấn | D51: 4.1514 | E51: 0 | F51: 0 | G51: =E51+F51 -> 0 | H51: =IF(G51>D51,"Vượt KL HĐ","")
A52: 2.2.12 | B52: Lắp đặt tấm đan | C52: 1 cấu kiện | D52: 193 | E52: 0 | F52: 0 | G52: =E52+F52 -> 0 | H52: =IF(G52>D52,"Vượt KL HĐ","")
A53: 2.3 | B53: Phần hố thu nước
A54: 2.3.1 | B54: Bê tông lót móng, M100, đá 4x6 | C54: m3 | D54: 12.57 | E54: 0 | F54: 0 | G54: =E54+F54 -> 0 | H54: =IF(G54>D54,"Vượt KL HĐ","")
A55: 2.3.2 | B55: Bê tông móng M200, đá 1x2 | C55: m3 | D55: 18.85 | E55: 0 | F55: 0 | G55: =E55+F55 -> 0 | H55: =IF(G55>D55,"Vượt KL HĐ","")
A56: 2.3.3 | B56: Ván khuôn móng | C56: 100m2 | D56: 0.8162 | E56: 0 | F56: 0 | G56: =E56+F56 -> 0 | H56: =IF(G56>D56,"Vượt KL HĐ","")
A57: 2.3.4 | B57: Xây tường bằng gạch không nung, vữa XM M75 | C57: m3 | D57: 60.67 | E57: 0 | F57: 0 | G57: =E57+F57 -> 0 | H57: =IF(G57>D57,"Vượt KL HĐ","")
A58: 2.3.5 | B58: Trát tường, xây bằng gạch không nung, Vữa XM M75 | C58: m2 | D58: 200.91 | E58: 0 | F58: 0 | G58: =E58+F58 -> 0 | H58: =IF(G58>D58,"Vượt KL HĐ","")
A59: 2.3.6 | B59: Ván khuôn tấm đan | C59: 100m2 | D59: 1.2455 | E59: 0 | F59: 0 | G59: =E59+F59 -> 0 | H59: =IF(G59>D59,"Vượt KL HĐ","")
A60: 2.3.7 | B60: Bê tông tấm đan M250, đá 1x2, | C60: m3 | D60: 16.96 | E60: 0 | F60: 0 | G60: =E60+F60 -> 0 | H60: =IF(G60>D60,"Vượt KL HĐ","")
A61: 2.3.8 | B61: Cốt thép tấm đan ĐK ≤10mm | C61: tấn | D61: 3.3061 | E61: 0 | F61: 0 | G61: =E61+F61 -> 0 | H61: =IF(G61>D61,"Vượt KL HĐ","")
A62: 2.3.9 | B62: Lắp đặt tấm đan | C62: 1 cấu kiện | D62: 53 | E62: 0 | F62: 0 | G62: =E62+F62 -> 0 | H62: =IF(G62>D62,"Vượt KL HĐ","")
A63: 2.3.10 | B63: Khung và nắp ga Composite | C63: bộ | D63: 53 | E63: 0 | F63: 0 | G63: =E63+F63 -> 0 | H63: =IF(G63>D63,"Vượt KL HĐ","")
A64: 2.3.11 | B64: Lắp đặt nắp ga Composite | C64: bộ | D64: 53 | E64: 0 | F64: 0 | G64: =E64+F64 -> 0 | H64: =IF(G64>D64,"Vượt KL HĐ","")
A65: 2.4 | B65: Phần cửa thu loại 1
A66: 2.4.1 | B66: Bê tông lót móng, M100, đá 4x6 | C66: m3 | D66: 4.29 | E66: 0 | F66: 0 | G66: =E66+F66 -> 0 | H66: =IF(G66>D66,"Vượt KL HĐ","")
A67: 2.4.2 | B67: Bê tông móng M200, đá 1x2 | C67: m3 | D67: 3.25 | E67: 0 | F67: 0 | G67: =E67+F67 -> 0 | H67: =IF(G67>D67,"Vượt KL HĐ","")
A68: 2.4.3 | B68: Ván khuôn móng | C68: 100m2 | D68: 0.7327 | E68: 0 | F68: 0 | G68: =E68+F68 -> 0 | H68: =IF(G68>D68,"Vượt KL HĐ","")
A69: 2.4.4 | B69: Bê tông cửa thu M250, đá 1x2 | C69: m3 | D69: 4.35 | E69: 0 | F69: 0 | G69: =E69+F69 -> 0 | H69: =IF(G69>D69,"Vượt KL HĐ","")
A70: 2.4.5 | B70: Lắp dựng cốt thép, ĐK ≤10mm | C70: tấn | D70: 0.4396 | E70: 0 | F70: 0 | G70: =E70+F70 -> 0 | H70: =IF(G70>D70,"Vượt KL HĐ","")
A71: 2.4.6 | B71: Song chắn rác bằng gang | C71: bộ | D71: 34 | E71: 0 | F71: 0 | G71: =E71+F71 -> 0 | H71: =IF(G71>D71,"Vượt KL HĐ","")
A72: 2.4.7 | B72: Lắp đặt song chắn rác | C72: bộ | D72: 34 | E72: 0 | F72: 0 | G72: =E72+F72 -> 0 | H72: =IF(G72>D72,"Vượt KL HĐ","")
A73: 2.5 | B73: Phần cửa thu loại 2
A74: 2.5.1 | B74: Bê tông lót móng, M100, đá 4x6 | C74: m3 | D74: 0 | E74: 0 | F74: 0 | G74: =E74+F74 -> 0 | H74: =IF(G74>D74,"Vượt KL HĐ","")
A75: 2.5.2 | B75: Bê tông móng M200, đá 1x2 | C75: m3 | D75: 1.65 | E75: 0 | F75: 0 | G75: =E75+F75 -> 0 | H75: =IF(G75>D75,"Vượt KL HĐ","")
A76: 2.5.3 | B76: Ván khuôn móng | C76: 100m2 | D76: 2 | E76: 0 | F76: 0 | G76: =E76+F76 -> 0 | H76: =IF(G76>D76,"Vượt KL HĐ","")
A77: 2.5.4 | B77: Bê tông cửa thu M250, đá 1x2 | C77: m3 | D77: 1.1925 | E77: 0 | F77: 0 | G77: =E77+F77 -> 0 | H77: =IF(G77>D77,"Vượt KL HĐ","")
A78: 2.5.5 | B78: Lắp dựng cốt thép, ĐK ≤10mm | C78: tấn | D78: 7.35 | E78: 0 | F78: 0 | G78: =E78+F78 -> 0 | H78: =IF(G78>D78,"Vượt KL HĐ","")
A79: 2.5.6 | B79: Lắp dựng cốt thép, ĐK ≤10mm | C79: tấn | D79: 0.2048 | E79: 0 | F79: 0 | G79: =E79+F79 -> 0 | H79: =IF(G79>D79,"Vượt KL HĐ","")
A80: 2.5.7 | B80: Song chắn rác bằng gang | C80: bộ | D80: 0.4076 | E80: 0 | F80: 0 | G80: =E80+F80 -> 0 | H80: =IF(G80>D80,"Vượt KL HĐ","")
A81: 2.5.8 | B81: Lắp đặt song chắn rác | C81: bộ | D81: 15 | E81: 0 | F81: 0 | G81: =E81+F81 -> 0 | H81: =IF(G81>D81,"Vượt KL HĐ","")
A82: 3 | B82: HẠNG MỤC: THOÁT NƯỚC THẢI
A83: 3.1 | B83: Phần cống D300
A84: 3.1.1 | B84: Ống cống BTCT D300 H10 | C84: m | D84: 632.8 | E84: 0 | F84: 0 | G84: =E84+F84 -> 0 | H84: =IF(G84>D84,"Vượt KL HĐ","")
A85: 3.1.2 | B85: Ống cống BTCT D300 HL93 | C85: m | D85: 76.2 | E85: 0 | F85: 0 | G85: =E85+F85 -> 0 | H85: =IF(G85>D85,"Vượt KL HĐ","")
A86: 3.1.3 | B86: Lắp đặt ống cống | C86: 1 cấu kiện | D86: 284 | E86: 0 | F86: 0 | G86: =E86+F86 -> 0 | H86: =IF(G86>D86,"Vượt KL HĐ","")
A87: 3.1.4 | B87: Ván khuôn gối cống | C87: 100m2 | D87: 2.0419 | E87: 0 | F87: 0 | G87: =E87+F87 -> 0 | H87: =IF(G87>D87,"Vượt KL HĐ","")
A88: 3.1.5 | B88: Cốt thép gối cống, ĐK ≤10mm | C88: tấn | D88: 1.46 | E88: 0 | F88: 0 | G88: =E88+F88 -> 0 | H88: =IF(G88>D88,"Vượt KL HĐ","")
A89: 3.1.6 | B89: Bê tông gối cống M250, đá 1x2 | C89: m3 | D89: 17.02 | E89: 0 | F89: 0 | G89: =E89+F89 -> 0 | H89: =IF(G89>D89,"Vượt KL HĐ","")
A90: 3.1.7 | B90: Lắp đặt gối cống | C90: 1cấu kiện | D90: 851 | E90: 0 | F90: 0 | G90: =E90+F90 -> 0 | H90: =IF(G90>D90,"Vượt KL HĐ","")
A91: 3.1.8 | B91: Gioăng cao su D300mm | C91: cái | D91: 850 | E91: 0 | F91: 0 | G91: =E91+F91 -> 0 | H91: =IF(G91>D91,"Vượt KL HĐ","")
A92: 3.2 | B92: Hệ thống thu gom
A93: 3.2.1 | B93: Lắp đặt ống nhựa PVC - Đường kính 140mm | C93: 100m | D93: 4.13 | E93: 0 | F93: 0 | G93: =E93+F93 -> 0 | H93: =IF(G93>D93,"Vượt KL HĐ","")
A94: 3.2.2 | B94: Lắp đặt ba chạc nhựa PVC - Đường kính 140mm 45o | C94: cái | D94: 17 | E94: 0 | F94: 0 | G94: =E94+F94 -> 0 | H94: =IF(G94>D94,"Vượt KL HĐ","")
A95: 3.2.3 | B95: Lắp đặt colơ nhựa PVC - Đường kính 140mm 135o | C95: cái | D95: 26 | E95: 0 | F95: 0 | G95: =E95+F95 -> 0 | H95: =IF(G95>D95,"Vượt KL HĐ","")
A96: 3.2.4 | B96: Thử áp lực đường ống nhựa - Đường kính 140mm | C96: 100m | D96: 4.13 | E96: 0 | F96: 0 | G96: =E96+F96 -> 0 | H96: =IF(G96>D96,"Vượt KL HĐ","")
A97: 3.3 | B97: Phần hố ga
A98: 3.3.1 | B98: Bê tông lót móng M100, đá 4x6 | C98: m3 | D98: 0 | E98: 0 | F98: 0 | G98: =E98+F98 -> 0 | H98: =IF(G98>D98,"Vượt KL HĐ","")
A99: 3.3.2 | B99: Ván khuôn móng | C99: 100m2 | D99: 6.11 | E99: 0 | F99: 0 | G99: =E99+F99 -> 0 | H99: =IF(G99>D99,"Vượt KL HĐ","")
A100: 3.3.3 | B100: Bê tông móng M200, đá 1x2 | C100: m3 | D100: 0.4556 | E100: 0 | F100: 0 | G100: =E100+F100 -> 0 | H100: =IF(G100>D100,"Vượt KL HĐ","")
A101: 3.3.4 | B101: Láng vữa XM M100 | C101: m2 | D101: 9.16 | E101: 0 | F101: 0 | G101: =E101+F101 -> 0 | H101: =IF(G101>D101,"Vượt KL HĐ","")
...

Sheet PL.3A
A1: PHỤ LỤC CHI TIẾT KHỐI LƯỢNG HOÀN THÀNH
A2: Tên dự án: Hạ tầng kỹ thuật Khu dân cư và công viên Cây xanh, xã Hoằng Phú, tỉnh Thanh Hoá (được UBND huyện Hoằng Hóa phê duyệt tại Quyết định số 613/QĐ-UBND ngày 21/02/2025)
A3: Tên gói thầu: Gói thầu số 03: Thi công xây dựng công trình + thiết bị
A4: Căn cứ hợp đồng số: 10/2026/HĐ-TCXD ngày 09 tháng 10 năm 2026 (giá hợp đồng trọn gói: 25.007.549.000 đồng)
A5: Chủ đầu tư: Ủy ban nhân dân xã Hoằng Phú
A6: Nhà thầu: Công ty TNHH Hoàng Tuấn
A7: ="Thanh toán lần thứ: "&'03a TT'!$C$2 -> Thanh toán lần thứ: 1
A8: ="Căn cứ xác định: "&'03a TT'!$C$3 -> Căn cứ xác định: Biên bản nghiệm thu hoàn thành giai đoạn số ....../BBNT ngày ...../...../2026
A10: STT | B10: Nội dung công việc | C10: Đơn vị | D10: Khối lượng | H10: Đơn giá thanh toán theo HĐ | I10: Thành tiền (đồng) | M10: Ghi chú
D11: Khối lượng theo hợp đồng | E11: Thực hiện | I11: Theo hợp đồng | J11: Thực hiện
E12: Luỹ kế đến hết kỳ trước | F12: Thực hiện kỳ này | G12: Luỹ kế đến hết kỳ này | J12: Luỹ kế đến hết kỳ trước | K12: Thực hiện kỳ này | L12: Luỹ kế đến hết kỳ này
A13: (1) | B13: (2) | C13: (3) | D13: (4) | E13: (5) | F13: (6) | G13: (7) | H13: (8) | I13: (9)=(4)x(8) | J13: (10)=(5)x(8) | K13: (11)=(6)x(8) | L13: (12)=(7)x(8) | M13: (13)
A14: 1 | B14: HẠNG MỤC: GIAO THÔNG
A15: 1.1 | B15: GIAO THÔNG
A16: 1.1.1 | B16: BTN C16 lớp trên | C16: 100tấn | D16: ='PL.Khoi luong'!D11 -> 11.2167 | E16: ='PL.Khoi luong'!E11 -> 0 | F16: ='PL.Khoi luong'!F11 -> 0 | G16: =E16+F16 -> 0 | H16: 1.37463e+08 | I16: =D16*H16 -> 1541881232 | J16: =E16*H16 -> 0 | K16: =F16*H16 -> 0 | L16: =G16*H16 -> 0
A17: 1.1.2 | B17: Sản xuất bê tông nhựa | C17: 100tấn | D17: ='PL.Khoi luong'!D12 -> 11.2167 | E17: ='PL.Khoi luong'!E12 -> 0 | F17: ='PL.Khoi luong'!F12 -> 0 | G17: =E17+F17 -> 0 | H17: 32475403 | I17: =D17*H17 -> 3.6426685e+08 | J17: =E17*H17 -> 0 | K17: =F17*H17 -> 0 | L17: =G17*H17 -> 0
A18: 1.1.3 | B18: Vận chuyển đá dăm đen, bê tông nhựa từ trạm trộn đến vị trí đổ | C18: 100tấn | D18: ='PL.Khoi luong'!D13 -> 11.2167 | E18: ='PL.Khoi luong'!E13 -> 0 | F18: ='PL.Khoi luong'!F13 -> 0 | G18: =E18+F18 -> 0 | H18: 9790217 | I18: =D18*H18 -> 109813927 | J18: =E18*H18 -> 0 | K18: =F18*H18 -> 0 | L18: =G18*H18 -> 0
A19: 1.1.4 | B19: Rải thảm mặt đường bê tông nhựa (Loại BTNC 16) dày 7cm | C19: 100m2 | D19: ='PL.Khoi luong'!D14 -> 65.0131 | E19: ='PL.Khoi luong'!E14 -> 0 | F19: ='PL.Khoi luong'!F14 -> 0 | G19: =E19+F19 -> 0 | H19: 1613088 | I19: =D19*H19 -> 104871851 | J19: =E19*H19 -> 0 | K19: =F19*H19 -> 0 | L19: =G19*H19 -> 0
A20: 1.1.5 | B20: Tưới lớp dính bám, thấm bám mặt đường | C20: 100m2 | D20: ='PL.Khoi luong'!D15 -> 65.0131 | E20: ='PL.Khoi luong'!E15 -> 0 | F20: ='PL.Khoi luong'!F15 -> 0 | G20: =E20+F20 -> 0 | H20: 2852495 | I20: =D20*H20 -> 185449543 | J20: =E20*H20 -> 0 | K20: =F20*H20 -> 0 | L20: =G20*H20 -> 0
A21: 1.1.6 | B21: Móng cấp phối đá dăm loại 1 dày 15cm | C21: 100m3 | D21: ='PL.Khoi luong'!D16 -> 9.4043 | E21: ='PL.Khoi luong'!E16 -> 0 | F21: ='PL.Khoi luong'!F16 -> 0 | G21: =E21+F21 -> 0 | H21: 54574742 | I21: =D21*H21 -> 513237246 | J21: =E21*H21 -> 0 | K21: =F21*H21 -> 0 | L21: =G21*H21 -> 0
A22: 1.1.7 | B22: Móng cấp phối đá dăm loại 2 dày 18cm | C22: 100m3 | D22: ='PL.Khoi luong'!D17 -> 11.3547 | E22: ='PL.Khoi luong'!E17 -> 0 | F22: ='PL.Khoi luong'!F17 -> 0 | G22: =E22+F22 -> 0 | H22: 49026257 | I22: =D22*H22 -> 556678440 | J22: =E22*H22 -> 0 | K22: =F22*H22 -> 0 | L22: =G22*H22 -> 0
A23: 1.1.8 | B23: Đất đắp K98 | C23: m3 | D23: ='PL.Khoi luong'!D18 -> 2639.947 | E23: ='PL.Khoi luong'!E18 -> 0 | F23: ='PL.Khoi luong'!F18 -> 0 | G23: =E23+F23 -> 0 | H23: 135876 | I23: =D23*H23 -> 3.5870544e+08 | J23: =E23*H23 -> 0 | K23: =F23*H23 -> 0 | L23: =G23*H23 -> 0
A24: 1.1.9 | B24: Đắp nền đường, độ chặt Y/C K = 0,98 | C24: 100m3 | D24: ='PL.Khoi luong'!D19 -> 18.8084 | E24: ='PL.Khoi luong'!E19 -> 0 | F24: ='PL.Khoi luong'!F19 -> 0 | G24: =E24+F24 -> 0 | H24: 2039935 | I24: =D24*H24 -> 38367913 | J24: =E24*H24 -> 0 | K24: =F24*H24 -> 0 | L24: =G24*H24 -> 0
A25: 1.1.10 | B25: Đất đắp K95 | C25: m3 | D25: ='PL.Khoi luong'!D20 -> 23694.475 | E25: ='PL.Khoi luong'!E20 -> 0 | F25: ='PL.Khoi luong'!F20 -> 0 | G25: =E25+F25 -> 0 | H25: 135876 | I25: =D25*H25 -> 3.2195105e+09 | J25: =E25*H25 -> 0 | K25: =F25*H25 -> 0 | L25: =G25*H25 -> 0
A26: 1.1.11 | B26: Đắp nền đường, độ chặt Y/C K = 0,95 | C26: 100m3 | D26: ='PL.Khoi luong'!D21 -> 174.3717 | E26: ='PL.Khoi luong'!E21 -> 0 | F26: ='PL.Khoi luong'!F21 -> 0 | G26: =E26+F26 -> 0 | H26: 1662931 | I26: =D26*H26 -> 289968105 | J26: =E26*H26 -> 0 | K26: =F26*H26 -> 0 | L26: =G26*H26 -> 0
A27: 1.1.12 | B27: Đào nền, đào khuôn đường | C27: 100m3 | D27: ='PL.Khoi luong'!D22 -> 1.0778 | E27: ='PL.Khoi luong'!E22 -> 0 | F27: ='PL.Khoi luong'!F22 -> 0 | G27: =E27+F27 -> 0 | H27: 2974703.1 | I27: =D27*H27 -> 3206135 | J27: =E27*H27 -> 0 | K27: =F27*H27 -> 0 | L27: =G27*H27 -> 0
A28: 1.1.13 | B28: Đào đất không thích hợp | C28: 100m3 | D28: ='PL.Khoi luong'!D23 -> 30.6066 | E28: ='PL.Khoi luong'!E23 -> 0 | F28: ='PL.Khoi luong'!F23 -> 0 | G28: =E28+F28 -> 0 | H28: 1116283 | I28: =D28*H28 -> 34165627 | J28: =E28*H28 -> 0 | K28: =F28*H28 -> 0 | L28: =G28*H28 -> 0
A29: 1.2 | B29: VẠCH SƠN KẺ ĐƯỜNG
A30: 1.2.1 | B30: Sơn kẻ đường bằng sơn dẻo nhiệt phản quang | C30: m2 | D30: ='PL.Khoi luong'!D25 -> 470.17 | E30: ='PL.Khoi luong'!E25 -> 0 | F30: ='PL.Khoi luong'!F25 -> 0 | G30: =E30+F30 -> 0 | H30: 366453 | I30: =D30*H30 -> 172295207 | J30: =E30*H30 -> 0 | K30: =F30*H30 -> 0 | L30: =G30*H30 -> 0
A31: 2 | B31: HẠNG MỤC: THOÁT NƯỚC MƯA
A32: 2.1 | B32: Phần rãnh thường (xây gạch)
A33: 2.1.1 | B33: Thi công lớp đá đệm móng | C33: m3 | D33: ='PL.Khoi luong'!D28 -> 121.79 | E33: ='PL.Khoi luong'!E28 -> 0 | F33: ='PL.Khoi luong'!F28 -> 0 | G33: =E33+F33 -> 0 | H33: 990904 | I33: =D33*H33 -> 120682198 | J33: =E33*H33 -> 0 | K33: =F33*H33 -> 0 | L33: =G33*H33 -> 0
A34: 2.1.2 | B34: Bê tông móng M200, đá 1x2 | C34: m3 | D34: ='PL.Khoi luong'!D29 -> 182.69 | E34: ='PL.Khoi luong'!E29 -> 0 | F34: ='PL.Khoi luong'!F29 -> 0 | G34: =E34+F34 -> 0 | H34: 1516741 | I34: =D34*H34 -> 277093413 | J34: =E34*H34 -> 0 | K34: =F34*H34 -> 0 | L34: =G34*H34 -> 0
A35: 2.1.3 | B35: Ván khuôn móng dài | C35: 100m2 | D35: ='PL.Khoi luong'!D30 -> 2.4856 | E35: ='PL.Khoi luong'!E30 -> 0 | F35: ='PL.Khoi luong'!F30 -> 0 | G35: =E35+F35 -> 0 | H35: 6286550.1 | I35: =D35*H35 -> 15625849 | J35: =E35*H35 -> 0 | K35: =F35*H35 -> 0 | L35: =G35*H35 -> 0
A36: 2.1.4 | B36: Xây tường bằng gạch không nung, vữa XM M75 | C36: m3 | D36: ='PL.Khoi luong'!D31 -> 255.18 | E36: ='PL.Khoi luong'!E31 -> 0 | F36: ='PL.Khoi luong'!F31 -> 0 | G36: =E36+F36 -> 0 | H36: 1568220 | I36: =D36*H36 -> 400178380 | J36: =E36*H36 -> 0 | K36: =F36*H36 -> 0 | L36: =G36*H36 -> 0
A37: 2.1.5 | B37: Trát tường, xây bằng gạch không nung, Vữa XM M75 | C37: m2 | D37: ='PL.Khoi luong'!D32 -> 1159.93 | E37: ='PL.Khoi luong'!E32 -> 0 | F37: ='PL.Khoi luong'!F32 -> 0 | G37: =E37+F37 -> 0 | H37: 113553 | I37: =D37*H37 -> 131713531 | J37: =E37*H37 -> 0 | K37: =F37*H37 -> 0 | L37: =G37*H37 -> 0
A38: 2.1.6 | B38: Bê tông mũ mố M250, đá 1x2 | C38: m3 | D38: ='PL.Khoi luong'!D33 -> 53.85 | E38: ='PL.Khoi luong'!E33 -> 0 | F38: ='PL.Khoi luong'!F33 -> 0 | G38: =E38+F38 -> 0 | H38: 2084986 | I38: =D38*H38 -> 112276496 | J38: =E38*H38 -> 0 | K38: =F38*H38 -> 0 | L38: =G38*H38 -> 0
A39: 2.1.7 | B39: Lắp dựng cốt thép mũ mố, ĐK ≤10mm | C39: tấn | D39: ='PL.Khoi luong'!D34 -> 5.7168 | E39: ='PL.Khoi luong'!E34 -> 0 | F39: ='PL.Khoi luong'!F34 -> 0 | G39: =E39+F39 -> 0 | H39: 24438878 | I39: =D39*H39 -> 139712178 | J39: =E39*H39 -> 0 | K39: =F39*H39 -> 0 | L39: =G39*H39 -> 0
A40: 2.1.8 | B40: Ván khuôn tấm đan | C40: 100m2 | D40: ='PL.Khoi luong'!D35 -> 3.3969 | E40: ='PL.Khoi luong'!E35 -> 0 | F40: ='PL.Khoi luong'!F35 -> 0 | G40: =E40+F40 -> 0 | H40: 8587206 | I40: =D40*H40 -> 29169880 | J40: =E40*H40 -> 0 | K40: =F40*H40 -> 0 | L40: =G40*H40 -> 0
A41: 2.1.9 | B41: Bê tông tấm đan M250, đá 1x2 | C41: m3 | D41: ='PL.Khoi luong'!D36 -> 86.99 | E41: ='PL.Khoi luong'!E36 -> 0 | F41: ='PL.Khoi luong'!F36 -> 0 | G41: =E41+F41 -> 0 | H41: 1752158 | I41: =D41*H41 -> 152420224 | J41: =E41*H41 -> 0 | K41: =F41*H41 -> 0 | L41: =G41*H41 -> 0
A42: 2.1.10 | B42: Cốt thép tấm đan ĐK ≤10mm | C42: tấn | D42: ='PL.Khoi luong'!D37 -> 8.0946 | E42: ='PL.Khoi luong'!E37 -> 0 | F42: ='PL.Khoi luong'!F37 -> 0 | G42: =E42+F42 -> 0 | H42: 25003382 | I42: =D42*H42 -> 202392376 | J42: =E42*H42 -> 0 | K42: =F42*H42 -> 0 | L42: =G42*H42 -> 0
A43: 2.1.11 | B43: Cốt thép tấm đan ĐK >10mm | C43: tấn | D43: ='PL.Khoi luong'!D38 -> 6.1145 | E43: ='PL.Khoi luong'!E38 -> 0 | F43: ='PL.Khoi luong'!F38 -> 0 | G43: =E43+F43 -> 0 | H43: 25003382 | I43: =D43*H43 -> 152883179 | J43: =E43*H43 -> 0 | K43: =F43*H43 -> 0 | L43: =G43*H43 -> 0
A44: 2.1.12 | B44: Lắp đặt tấm đan | C44: 1 cấu kiện | D44: ='PL.Khoi luong'!D39 -> 829 | E44: ='PL.Khoi luong'!E39 -> 0 | F44: ='PL.Khoi luong'!F39 -> 0 | G44: =E44+F44 -> 0 | H44: 71359 | I44: =D44*H44 -> 59156611 | J44: =E44*H44 -> 0 | K44: =F44*H44 -> 0 | L44: =G44*H44 -> 0
A45: 2.2 | B45: Phần rãnh chịu lực (bê tông)
A46: 2.2.1 | B46: Thi công lớp đá đệm móng | C46: m3 | D46: ='PL.Khoi luong'!D41 -> 25.11 | E46: ='PL.Khoi luong'!E41 -> 0 | F46: ='PL.Khoi luong'!F41 -> 0 | G46: =E46+F46 -> 0 | H46: 990903.98 | I46: =D46*H46 -> 24881599 | J46: =E46*H46 -> 0 | K46: =F46*H46 -> 0 | L46: =G46*H46 -> 0
A47: 2.2.2 | B47: Bê tông móng M200, đá 1x2 | C47: m3 | D47: ='PL.Khoi luong'!D42 -> 46.36 | E47: ='PL.Khoi luong'!E42 -> 0 | F47: ='PL.Khoi luong'!F42 -> 0 | G47: =E47+F47 -> 0 | H47: 1516741 | I47: =D47*H47 -> 70316113 | J47: =E47*H47 -> 0 | K47: =F47*H47 -> 0 | L47: =G47*H47 -> 0
A48: 2.2.3 | B48: Ván khuôn móng dài | C48: 100m2 | D48: ='PL.Khoi luong'!D43 -> 0.7727 | E48: ='PL.Khoi luong'!E43 -> 0 | F48: ='PL.Khoi luong'!F43 -> 0 | G48: =E48+F48 -> 0 | H48: 6286549.8 | I48: =D48*H48 -> 4857617 | J48: =E48*H48 -> 0 | K48: =F48*H48 -> 0 | L48: =G48*H48 -> 0
A49: 2.2.4 | B49: Bê tông thành rãnh M200, đá 1x2 | C49: m3 | D49: ='PL.Khoi luong'!D44 -> 67.61 | E49: ='PL.Khoi luong'!E44 -> 0 | F49: ='PL.Khoi luong'!F44 -> 0 | G49: =E49+F49 -> 0 | H49: 1516741 | I49: =D49*H49 -> 102546859 | J49: =E49*H49 -> 0 | K49: =F49*H49 -> 0 | L49: =G49*H49 -> 0
A50: 2.2.5 | B50: Ván khuôn thành rãnh | C50: 100m2 | D50: ='PL.Khoi luong'!D45 -> 3.6704 | E50: ='PL.Khoi luong'!E45 -> 0 | F50: ='PL.Khoi luong'!F45 -> 0 | G50: =E50+F50 -> 0 | H50: 6286550 | I50: =D50*H50 -> 23074153 | J50: =E50*H50 -> 0 | K50: =F50*H50 -> 0 | L50: =G50*H50 -> 0
A51: 2.2.6 | B51: Lắp dựng cốt thép, ĐK ≤10mm | C51: tấn | D51: ='PL.Khoi luong'!D46 -> 5.1786 | E51: ='PL.Khoi luong'!E46 -> 0 | F51: ='PL.Khoi luong'!F46 -> 0 | G51: =E51+F51 -> 0 | H51: 22904380 | I51: =D51*H51 -> 118612622 | J51: =E51*H51 -> 0 | K51: =F51*H51 -> 0 | L51: =G51*H51 -> 0
A52: 2.2.7 | B52: Lắp dựng cốt thép, ĐK ≤18mm | C52: tấn | D52: ='PL.Khoi luong'!D47 -> 7.9854 | E52: ='PL.Khoi luong'!E47 -> 0 | F52: ='PL.Khoi luong'!F47 -> 0 | G52: =E52+F52 -> 0 | H52: 22691077 | I52: =D52*H52 -> 181197326 | J52: =E52*H52 -> 0 | K52: =F52*H52 -> 0 | L52: =G52*H52 -> 0
A53: 2.2.8 | B53: Ván khuôn tấm đan | C53: 100m2 | D53: ='PL.Khoi luong'!D48 -> 1.1591 | E53: ='PL.Khoi luong'!E48 -> 0 | F53: ='PL.Khoi luong'!F48 -> 0 | G53: =E53+F53 -> 0 | H53: 8587205.6 | I53: =D53*H53 -> 9953430 | J53: =E53*H53 -> 0 | K53: =F53*H53 -> 0 | L53: =G53*H53 -> 0
A54: 2.2.9 | B54: Bê tông tấm đan M250, đá 1x2 | C54: m3 | D54: ='PL.Khoi luong'!D49 -> 28.98 | E54: ='PL.Khoi luong'!E49 -> 0 | F54: ='PL.Khoi luong'!F49 -> 0 | G54: =E54+F54 -> 0 | H54: 1752158 | I54: =D54*H54 -> 50777539 | J54: =E54*H54 -> 0 | K54: =F54*H54 -> 0 | L54: =G54*H54 -> 0
A55: 2.2.10 | B55: Cốt thép tấm đan ĐK ≤10mm | C55: tấn | D55: ='PL.Khoi luong'!D50 -> 2.4437 | E55: ='PL.Khoi luong'!E50 -> 0 | F55: ='PL.Khoi luong'!F50 -> 0 | G55: =E55+F55 -> 0 | H55: 25003382 | I55: =D55*H55 -> 61100765 | J55: =E55*H55 -> 0 | K55: =F55*H55 -> 0 | L55: =G55*H55 -> 0
A56: 2.2.11 | B56: Cốt thép tấm đan ĐK >10mm | C56: tấn | D56: ='PL.Khoi luong'!D51 -> 4.1514 | E56: ='PL.Khoi luong'!E51 -> 0 | F56: ='PL.Khoi luong'!F51 -> 0 | G56: =E56+F56 -> 0 | H56: 25003382 | I56: =D56*H56 -> 103799040 | J56: =E56*H56 -> 0 | K56: =F56*H56 -> 0 | L56: =G56*H56 -> 0
A57: 2.2.12 | B57: Lắp đặt tấm đan | C57: 1 cấu kiện | D57: ='PL.Khoi luong'!D52 -> 193 | E57: ='PL.Khoi luong'!E52 -> 0 | F57: ='PL.Khoi luong'!F52 -> 0 | G57: =E57+F57 -> 0 | H57: 71359 | I57: =D57*H57 -> 13772287 | J57: =E57*H57 -> 0 | K57: =F57*H57 -> 0 | L57: =G57*H57 -> 0
A58: 2.3 | B58: Phần hố thu nước
A59: 2.3.1 | B59: Bê tông lót móng, M100, đá 4x6 | C59: m3 | D59: ='PL.Khoi luong'!D54 -> 12.57 | E59: ='PL.Khoi luong'!E54 -> 0 | F59: ='PL.Khoi luong'!F54 -> 0 | G59: =E59+F59 -> 0 | H59: 1304197 | I59: =D59*H59 -> 16393756 | J59: =E59*H59 -> 0 | K59: =F59*H59 -> 0 | L59: =G59*H59 -> 0
A60: 2.3.2 | B60: Bê tông móng M200, đá 1x2 | C60: m3 | D60: ='PL.Khoi luong'!D55 -> 18.85 | E60: ='PL.Khoi luong'!E55 -> 0 | F60: ='PL.Khoi luong'!F55 -> 0 | G60: =E60+F60 -> 0 | H60: 1516741 | I60: =D60*H60 -> 28590568 | J60: =E60*H60 -> 0 | K60: =F60*H60 -> 0 | L60: =G60*H60 -> 0
A61: 2.3.3 | B61: Ván khuôn móng | C61: 100m2 | D61: ='PL.Khoi luong'!D56 -> 0.8162 | E61: ='PL.Khoi luong'!E56 -> 0 | F61: ='PL.Khoi luong'!F56 -> 0 | G61: =E61+F61 -> 0 | H61: 11213466 | I61: =D61*H61 -> 9152431 | J61: =E61*H61 -> 0 | K61: =F61*H61 -> 0 | L61: =G61*H61 -> 0
A62: 2.3.4 | B62: Xây tường bằng gạch không nung, vữa XM M75 | C62: m3 | D62: ='PL.Khoi luong'!D57 -> 60.67 | E62: ='PL.Khoi luong'!E57 -> 0 | F62: ='PL.Khoi luong'!F57 -> 0 | G62: =E62+F62 -> 0 | H62: 1568220 | I62: =D62*H62 -> 95143907 | J62: =E62*H62 -> 0 | K62: =F62*H62 -> 0 | L62: =G62*H62 -> 0
A63: 2.3.5 | B63: Trát tường, xây bằng gạch không nung, Vữa XM M75 | C63: m2 | D63: ='PL.Khoi luong'!D58 -> 200.91 | E63: ='PL.Khoi luong'!E58 -> 0 | F63: ='PL.Khoi luong'!F58 -> 0 | G63: =E63+F63 -> 0 | H63: 113553 | I63: =D63*H63 -> 22813933 | J63: =E63*H63 -> 0 | K63: =F63*H63 -> 0 | L63: =G63*H63 -> 0
A64: 2.3.6 | B64: Ván khuôn tấm đan | C64: 100m2 | D64: ='PL.Khoi luong'!D59 -> 1.2455 | E64: ='PL.Khoi luong'!E59 -> 0 | F64: ='PL.Khoi luong'!F59 -> 0 | G64: =E64+F64 -> 0 | H64: 8587205.9 | I64: =D64*H64 -> 10695365 | J64: =E64*H64 -> 0 | K64: =F64*H64 -> 0 | L64: =G64*H64 -> 0
A65: 2.3.7 | B65: Bê tông tấm đan M250, đá 1x2, | C65: m3 | D65: ='PL.Khoi luong'!D60 -> 16.96 | E65: ='PL.Khoi luong'!E60 -> 0 | F65: ='PL.Khoi luong'!F60 -> 0 | G65: =E65+F65 -> 0 | H65: 1752158 | I65: =D65*H65 -> 29716600 | J65: =E65*H65 -> 0 | K65: =F65*H65 -> 0 | L65: =G65*H65 -> 0
A66: 2.3.8 | B66: Cốt thép tấm đan ĐK ≤10mm | C66: tấn | D66: ='PL.Khoi luong'!D61 -> 3.3061 | E66: ='PL.Khoi luong'!E61 -> 0 | F66: ='PL.Khoi luong'!F61 -> 0 | G66: =E66+F66 -> 0 | H66: 25003382 | I66: =D66*H66 -> 82663681 | J66: =E66*H66 -> 0 | K66: =F66*H66 -> 0 | L66: =G66*H66 -> 0
A67: 2.3.9 | B67: Lắp đặt tấm đan | C67: 1 cấu kiện | D67: ='PL.Khoi luong'!D62 -> 53 | E67: ='PL.Khoi luong'!E62 -> 0 | F67: ='PL.Khoi luong'!F62 -> 0 | G67: =E67+F67 -> 0 | H67: 71359 | I67: =D67*H67 -> 3782027 | J67: =E67*H67 -> 0 | K67: =F67*H67 -> 0 | L67: =G67*H67 -> 0
A68: 2.3.10 | B68: Khung và nắp ga Composite | C68: bộ | D68: ='PL.Khoi luong'!D63 -> 53 | E68: ='PL.Khoi luong'!E63 -> 0 | F68: ='PL.Khoi luong'!F63 -> 0 | G68: =E68+F68 -> 0 | H68: 2154837 | I68: =D68*H68 -> 114206361 | J68: =E68*H68 -> 0 | K68: =F68*H68 -> 0 | L68: =G68*H68 -> 0
A69: 2.3.11 | B69: Lắp đặt nắp ga Composite | C69: bộ | D69: ='PL.Khoi luong'!D64 -> 53 | E69: ='PL.Khoi luong'!E64 -> 0 | F69: ='PL.Khoi luong'!F64 -> 0 | G69: =E69+F69 -> 0 | H69: 42993 | I69: =D69*H69 -> 2278629 | J69: =E69*H69 -> 0 | K69: =F69*H69 -> 0 | L69: =G69*H69 -> 0
A70: 2.4 | B70: Phần cửa thu loại 1
A71: 2.4.1 | B71: Bê tông lót móng, M100, đá 4x6 | C71: m3 | D71: ='PL.Khoi luong'!D66 -> 4.29 | E71: ='PL.Khoi luong'!E66 -> 0 | F71: ='PL.Khoi luong'!F66 -> 0 | G71: =E71+F71 -> 0 | H71: 1304197 | I71: =D71*H71 -> 5595005 | J71: =E71*H71 -> 0 | K71: =F71*H71 -> 0 | L71: =G71*H71 -> 0
A72: 2.4.2 | B72: Bê tông móng M200, đá 1x2 | C72: m3 | D72: ='PL.Khoi luong'!D67 -> 3.25 | E72: ='PL.Khoi luong'!E67 -> 0 | F72: ='PL.Khoi luong'!F67 -> 0 | G72: =E72+F72 -> 0 | H72: 1516740.9 | I72: =D72*H72 -> 4929408 | J72: =E72*H72 -> 0 | K72: =F72*H72 -> 0 | L72: =G72*H72 -> 0
A73: 2.4.3 | B73: Ván khuôn móng | C73: 100m2 | D73: ='PL.Khoi luong'!D68 -> 0.7327 | E73: ='PL.Khoi luong'!E68 -> 0 | F73: ='PL.Khoi luong'!F68 -> 0 | G73: =E73+F73 -> 0 | H73: 11213467 | I73: =D73*H73 -> 8216107 | J73: =E73*H73 -> 0 | K73: =F73*H73 -> 0 | L73: =G73*H73 -> 0
A74: 2.4.4 | B74: Bê tông cửa thu M250, đá 1x2 | C74: m3 | D74: ='PL.Khoi luong'!D69 -> 4.35 | E74: ='PL.Khoi luong'!E69 -> 0 | F74: ='PL.Khoi luong'!F69 -> 0 | G74: =E74+F74 -> 0 | H74: 1572273.1 | I74: =D74*H74 -> 6839388 | J74: =E74*H74 -> 0 | K74: =F74*H74 -> 0 | L74: =G74*H74 -> 0
A75: 2.4.5 | B75: Lắp dựng cốt thép, ĐK ≤10mm | C75: tấn | D75: ='PL.Khoi luong'!D70 -> 0.4396 | E75: ='PL.Khoi luong'!E70 -> 0 | F75: ='PL.Khoi luong'!F70 -> 0 | G75: =E75+F75 -> 0 | H75: 22904379 | I75: =D75*H75 -> 10068765 | J75: =E75*H75 -> 0 | K75: =F75*H75 -> 0 | L75: =G75*H75 -> 0
A76: 2.4.6 | B76: Song chắn rác bằng gang | C76: bộ | D76: ='PL.Khoi luong'!D71 -> 34 | E76: ='PL.Khoi luong'!E71 -> 0 | F76: ='PL.Khoi luong'!F71 -> 0 | G76: =E76+F76 -> 0 | H76: 1644483 | I76: =D76*H76 -> 55912422 | J76: =E76*H76 -> 0 | K76: =F76*H76 -> 0 | L76: =G76*H76 -> 0
A77: 2.4.7 | B77: Lắp đặt song chắn rác | C77: bộ | D77: ='PL.Khoi luong'!D72 -> 34 | E77: ='PL.Khoi luong'!E72 -> 0 | F77: ='PL.Khoi luong'!F72 -> 0 | G77: =E77+F77 -> 0 | H77: 42993 | I77: =D77*H77 -> 1461762 | J77: =E77*H77 -> 0 | K77: =F77*H77 -> 0 | L77: =G77*H77 -> 0
A78: 2.5 | B78: Phần cửa thu loại 2
A79: 2.5.1 | B79: Bê tông lót móng, M100, đá 4x6 | C79: m3 | D79: ='PL.Khoi luong'!D74 -> 0 | E79: ='PL.Khoi luong'!E74 -> 0 | F79: ='PL.Khoi luong'!F74 -> 0 | G79: =E79+F79 -> 0 | H79: 0 | I79: =D79*H79 -> 0 | J79: =E79*H79 -> 0 | K79: =F79*H79 -> 0 | L79: =G79*H79 -> 0
A80: 2.5.2 | B80: Bê tông móng M200, đá 1x2 | C80: m3 | D80: ='PL.Khoi luong'!D75 -> 1.65 | E80: ='PL.Khoi luong'!E75 -> 0 | F80: ='PL.Khoi luong'!F75 -> 0 | G80: =E80+F80 -> 0 | H80: 1304197 | I80: =D80*H80 -> 2151925 | J80: =E80*H80 -> 0 | K80: =F80*H80 -> 0 | L80: =G80*H80 -> 0
A81: 2.5.3 | B81: Ván khuôn móng | C81: 100m2 | D81: ='PL.Khoi luong'!D76 -> 2 | E81: ='PL.Khoi luong'!E76 -> 0 | F81: ='PL.Khoi luong'!F76 -> 0 | G81: =E81+F81 -> 0 | H81: 1516741 | I81: =D81*H81 -> 3033482 | J81: =E81*H81 -> 0 | K81: =F81*H81 -> 0 | L81: =G81*H81 -> 0
A82: 2.5.4 | B82: Bê tông cửa thu M250, đá 1x2 | C82: m3 | D82: ='PL.Khoi luong'!D77 -> 1.1925 | E82: ='PL.Khoi luong'!E77 -> 0 | F82: ='PL.Khoi luong'!F77 -> 0 | G82: =E82+F82 -> 0 | H82: 11213466 | I82: =D82*H82 -> 13372058 | J82: =E82*H82 -> 0 | K82: =F82*H82 -> 0 | L82: =G82*H82 -> 0
A83: 2.5.5 | B83: Lắp dựng cốt thép, ĐK ≤10mm | C83: tấn | D83: ='PL.Khoi luong'!D78 -> 7.35 | E83: ='PL.Khoi luong'!E78 -> 0 | F83: ='PL.Khoi luong'!F78 -> 0 | G83: =E83+F83 -> 0 | H83: 1572273.1 | I83: =D83*H83 -> 11556207 | J83: =E83*H83 -> 0 | K83: =F83*H83 -> 0 | L83: =G83*H83 -> 0
A84: 2.5.6 | B84: Lắp dựng cốt thép, ĐK ≤10mm | C84: tấn | D84: ='PL.Khoi luong'!D79 -> 0.2048 | E84: ='PL.Khoi luong'!E79 -> 0 | F84: ='PL.Khoi luong'!F79 -> 0 | G84: =E84+F84 -> 0 | H84: 22904380 | I84: =D84*H84 -> 4690817 | J84: =E84*H84 -> 0 | K84: =F84*H84 -> 0 | L84: =G84*H84 -> 0
A85: 2.5.7 | B85: Song chắn rác bằng gang | C85: bộ | D85: ='PL.Khoi luong'!D80 -> 0.4076 | E85: ='PL.Khoi luong'!E80 -> 0 | F85: ='PL.Khoi luong'!F80 -> 0 | G85: =E85+F85 -> 0 | H85: 22904379 | I85: =D85*H85 -> 9335825 | J85: =E85*H85 -> 0 | K85: =F85*H85 -> 0 | L85: =G85*H85 -> 0
A86: 2.5.8 | B86: Lắp đặt song chắn rác | C86: bộ | D86: ='PL.Khoi luong'!D81 -> 15 | E86: ='PL.Khoi luong'!E81 -> 0 | F86: ='PL.Khoi luong'!F81 -> 0 | G86: =E86+F86 -> 0 | H86: 1644483 | I86: =D86*H86 -> 24667245 | J86: =E86*H86 -> 0 | K86: =F86*H86 -> 0 | L86: =G86*H86 -> 0
A87: 3 | B87: HẠNG MỤC: THOÁT NƯỚC THẢI
A88: 3.1 | B88: Phần cống D300
A89: 3.1.1 | B89: Ống cống BTCT D300 H10 | C89: m | D89: ='PL.Khoi luong'!D84 -> 632.8 | E89: ='PL.Khoi luong'!E84 -> 0 | F89: ='PL.Khoi luong'!F84 -> 0 | G89: =E89+F89 -> 0 | H89: 402615 | I89: =D89*H89 -> 254774772 | J89: =E89*H89 -> 0 | K89: =F89*H89 -> 0 | L89: =G89*H89 -> 0
A90: 3.1.2 | B90: Ống cống BTCT D300 HL93 | C90: m | D90: ='PL.Khoi luong'!D85 -> 76.2 | E90: ='PL.Khoi luong'!E85 -> 0 | F90: ='PL.Khoi luong'!F85 -> 0 | G90: =E90+F90 -> 0 | H90: 412821 | I90: =D90*H90 -> 31456960 | J90: =E90*H90 -> 0 | K90: =F90*H90 -> 0 | L90: =G90*H90 -> 0
A91: 3.1.3 | B91: Lắp đặt ống cống | C91: 1 cấu kiện | D91: ='PL.Khoi luong'!D86 -> 284 | E91: ='PL.Khoi luong'!E86 -> 0 | F91: ='PL.Khoi luong'!F86 -> 0 | G91: =E91+F91 -> 0 | H91: 71359 | I91: =D91*H91 -> 20265956 | J91: =E91*H91 -> 0 | K91: =F91*H91 -> 0 | L91: =G91*H91 -> 0
A92: 3.1.4 | B92: Ván khuôn gối cống | C92: 100m2 | D92: ='PL.Khoi luong'!D87 -> 2.0419 | E92: ='PL.Khoi luong'!E87 -> 0 | F92: ='PL.Khoi luong'!F87 -> 0 | G92: =E92+F92 -> 0 | H92: 11534440 | I92: =D92*H92 -> 23552173 | J92: =E92*H92 -> 0 | K92: =F92*H92 -> 0 | L92: =G92*H92 -> 0
A93: 3.1.5 | B93: Cốt thép gối cống, ĐK ≤10mm | C93: tấn | D93: ='PL.Khoi luong'!D88 -> 1.46 | E93: ='PL.Khoi luong'!E88 -> 0 | F93: ='PL.Khoi luong'!F88 -> 0 | G93: =E93+F93 -> 0 | H93: 26819997 | I93: =D93*H93 -> 39157196 | J93: =E93*H93 -> 0 | K93: =F93*H93 -> 0 | L93: =G93*H93 -> 0
A94: 3.1.6 | B94: Bê tông gối cống M250, đá 1x2 | C94: m3 | D94: ='PL.Khoi luong'!D89 -> 17.02 | E94: ='PL.Khoi luong'!E89 -> 0 | F94: ='PL.Khoi luong'!F89 -> 0 | G94: =E94+F94 -> 0 | H94: 1788537 | I94: =D94*H94 -> 30440900 | J94: =E94*H94 -> 0 | K94: =F94*H94 -> 0 | L94: =G94*H94 -> 0
A95: 3.1.7 | B95: Lắp đặt gối cống | C95: 1cấu kiện | D95: ='PL.Khoi luong'!D90 -> 851 | E95: ='PL.Khoi luong'!E90 -> 0 | F95: ='PL.Khoi luong'!F90 -> 0 | G95: =E95+F95 -> 0 | H95: 42792 | I95: =D95*H95 -> 36415992 | J95: =E95*H95 -> 0 | K95: =F95*H95 -> 0 | L95: =G95*H95 -> 0
A96: 3.1.8 | B96: Gioăng cao su D300mm | C96: cái | D96: ='PL.Khoi luong'!D91 -> 850 | E96: ='PL.Khoi luong'!E91 -> 0 | F96: ='PL.Khoi luong'!F91 -> 0 | G96: =E96+F96 -> 0 | H96: 62378 | I96: =D96*H96 -> 53021300 | J96: =E96*H96 -> 0 | K96: =F96*H96 -> 0 | L96: =G96*H96 -> 0
A97: 3.2 | B97: Hệ thống thu gom
A98: 3.2.1 | B98: Lắp đặt ống nhựa PVC - Đường kính 140mm | C98: 100m | D98: ='PL.Khoi luong'!D93 -> 4.13 | E98: ='PL.Khoi luong'!E93 -> 0 | F98: ='PL.Khoi luong'!F93 -> 0 | G98: =E98+F98 -> 0 | H98: 32636925 | I98: =D98*H98 -> 134790500 | J98: =E98*H98 -> 0 | K98: =F98*H98 -> 0 | L98: =G98*H98 -> 0
A99: 3.2.2 | B99: Lắp đặt ba chạc nhựa PVC - Đường kính 140mm 45o | C99: cái | D99: ='PL.Khoi luong'!D94 -> 17 | E99: ='PL.Khoi luong'!E94 -> 0 | F99: ='PL.Khoi luong'!F94 -> 0 | G99: =E99+F99 -> 0 | H99: 586560 | I99: =D99*H99 -> 9971520 | J99: =E99*H99 -> 0 | K99: =F99*H99 -> 0 | L99: =G99*H99 -> 0
A100: 3.2.3 | B100: Lắp đặt colơ nhựa PVC - Đường kính 140mm 135o | C100: cái | D100: ='PL.Khoi luong'!D95 -> 26 | E100: ='PL.Khoi luong'!E95 -> 0 | F100: ='PL.Khoi luong'!F95 -> 0 | G100: =E100+F100 -> 0 | H100: 388671 | I100: =D100*H100 -> 10105446 | J100: =E100*H100 -> 0 | K100: =F100*H100 -> 0 | L100: =G100*H100 -> 0
A101: 3.2.4 | B101: Thử áp lực đường ống nhựa - Đường kính 140mm | C101: 100m | D101: ='PL.Khoi luong'!D96 -> 4.13 | E101: ='PL.Khoi luong'!E96 -> 0 | F101: ='PL.Khoi luong'!F96 -> 0 | G101: =E101+F101 -> 0 | H101: 793210.9 | I101: =D101*H101 -> 3275961 | J101: =E101*H101 -> 0 | K101: =F101*H101 -> 0 | L101: =G101*H101 -> 0
...

Sheet KL con lai
A1: KHỐI LƯỢNG CÒN LẠI CHƯA THI CÔNG
A2: Dự án: Hạ tầng kỹ thuật Khu dân cư và công viên Cây xanh, xã Hoằng Phú, tỉnh Thanh Hoá (được UBND huyện Hoằng Hóa phê duyệt tại Quyết định số 613/QĐ-UBND ngày 21/02/2025)
A3: ="Tính đến: Thanh toán lần thứ "&'03a TT'!$C$2&" ("&'03a TT'!$C$3&")" -> Tính đến: Thanh toán lần thứ 1 (Biên bản nghiệm thu hoàn thành giai đoạn số ....../BBNT ngày ...../...../2026)
A5: STT | B5: Nội dung công việc | C5: Đơn vị | D5: Khối lượng còn lại | E5: Đơn giá theo HĐ | F5: Giá trị còn lại (đồng) | G5: Ghi chú
A6: 1 | B6: HẠNG MỤC: GIAO THÔNG
A7: 1.1 | B7: GIAO THÔNG
A8: 1.1.1 | B8: BTN C16 lớp trên | C8: 100tấn | D8: ='PL.3A'!D16-'PL.3A'!G16 -> 11.2167 | E8: ='PL.3A'!H16 -> 1.37463e+08 | F8: =D8*E8 -> 1541881232
A9: 1.1.2 | B9: Sản xuất bê tông nhựa | C9: 100tấn | D9: ='PL.3A'!D17-'PL.3A'!G17 -> 11.2167 | E9: ='PL.3A'!H17 -> 32475403 | F9: =D9*E9 -> 3.6426685e+08
A10: 1.1.3 | B10: Vận chuyển đá dăm đen, bê tông nhựa từ trạm trộn đến vị trí đổ | C10: 100tấn | D10: ='PL.3A'!D18-'PL.3A'!G18 -> 11.2167 | E10: ='PL.3A'!H18 -> 9790217 | F10: =D10*E10 -> 109813927
A11: 1.1.4 | B11: Rải thảm mặt đường bê tông nhựa (Loại BTNC 16) dày 7cm | C11: 100m2 | D11: ='PL.3A'!D19-'PL.3A'!G19 -> 65.0131 | E11: ='PL.3A'!H19 -> 1613088 | F11: =D11*E11 -> 104871851
A12: 1.1.5 | B12: Tưới lớp dính bám, thấm bám mặt đường | C12: 100m2 | D12: ='PL.3A'!D20-'PL.3A'!G20 -> 65.0131 | E12: ='PL.3A'!H20 -> 2852495 | F12: =D12*E12 -> 185449543
A13: 1.1.6 | B13: Móng cấp phối đá dăm loại 1 dày 15cm | C13: 100m3 | D13: ='PL.3A'!D21-'PL.3A'!G21 -> 9.4043 | E13: ='PL.3A'!H21 -> 54574742 | F13: =D13*E13 -> 513237246
A14: 1.1.7 | B14: Móng cấp phối đá dăm loại 2 dày 18cm | C14: 100m3 | D14: ='PL.3A'!D22-'PL.3A'!G22 -> 11.3547 | E14: ='PL.3A'!H22 -> 49026257 | F14: =D14*E14 -> 556678440
A15: 1.1.8 | B15: Đất đắp K98 | C15: m3 | D15: ='PL.3A'!D23-'PL.3A'!G23 -> 2639.947 | E15: ='PL.3A'!H23 -> 135876 | F15: =D15*E15 -> 3.5870544e+08
A16: 1.1.9 | B16: Đắp nền đường, độ chặt Y/C K = 0,98 | C16: 100m3 | D16: ='PL.3A'!D24-'PL.3A'!G24 -> 18.8084 | E16: ='PL.3A'!H24 -> 2039935 | F16: =D16*E16 -> 38367913
A17: 1.1.10 | B17: Đất đắp K95 | C17: m3 | D17: ='PL.3A'!D25-'PL.3A'!G25 -> 23694.475 | E17: ='PL.3A'!H25 -> 135876 | F17: =D17*E17 -> 3.2195105e+09
A18: 1.1.11 | B18: Đắp nền đường, độ chặt Y/C K = 0,95 | C18: 100m3 | D18: ='PL.3A'!D26-'PL.3A'!G26 -> 174.3717 | E18: ='PL.3A'!H26 -> 1662931 | F18: =D18*E18 -> 289968105
A19: 1.1.12 | B19: Đào nền, đào khuôn đường | C19: 100m3 | D19: ='PL.3A'!D27-'PL.3A'!G27 -> 1.0778 | E19: ='PL.3A'!H27 -> 2974703.1 | F19: =D19*E19 -> 3206135
A20: 1.1.13 | B20: Đào đất không thích hợp | C20: 100m3 | D20: ='PL.3A'!D28-'PL.3A'!G28 -> 30.6066 | E20: ='PL.3A'!H28 -> 1116283 | F20: =D20*E20 -> 34165627
A21: 1.2 | B21: VẠCH SƠN KẺ ĐƯỜNG
A22: 1.2.1 | B22: Sơn kẻ đường bằng sơn dẻo nhiệt phản quang | C22: m2 | D22: ='PL.3A'!D30-'PL.3A'!G30 -> 470.17 | E22: ='PL.3A'!H30 -> 366453 | F22: =D22*E22 -> 172295207
A23: 2 | B23: HẠNG MỤC: THOÁT NƯỚC MƯA
A24: 2.1 | B24: Phần rãnh thường (xây gạch)
A25: 2.1.1 | B25: Thi công lớp đá đệm móng | C25: m3 | D25: ='PL.3A'!D33-'PL.3A'!G33 -> 121.79 | E25: ='PL.3A'!H33 -> 990904 | F25: =D25*E25 -> 120682198
A26: 2.1.2 | B26: Bê tông móng M200, đá 1x2 | C26: m3 | D26: ='PL.3A'!D34-'PL.3A'!G34 -> 182.69 | E26: ='PL.3A'!H34 -> 1516741 | F26: =D26*E26 -> 277093413
A27: 2.1.3 | B27: Ván khuôn móng dài | C27: 100m2 | D27: ='PL.3A'!D35-'PL.3A'!G35 -> 2.4856 | E27: ='PL.3A'!H35 -> 6286550.1 | F27: =D27*E27 -> 15625849
A28: 2.1.4 | B28: Xây tường bằng gạch không nung, vữa XM M75 | C28: m3 | D28: ='PL.3A'!D36-'PL.3A'!G36 -> 255.18 | E28: ='PL.3A'!H36 -> 1568220 | F28: =D28*E28 -> 400178380
A29: 2.1.5 | B29: Trát tường, xây bằng gạch không nung, Vữa XM M75 | C29: m2 | D29: ='PL.3A'!D37-'PL.3A'!G37 -> 1159.93 | E29: ='PL.3A'!H37 -> 113553 | F29: =D29*E29 -> 131713531
A30: 2.1.6 | B30: Bê tông mũ mố M250, đá 1x2 | C30: m3 | D30: ='PL.3A'!D38-'PL.3A'!G38 -> 53.85 | E30: ='PL.3A'!H38 -> 2084986 | F30: =D30*E30 -> 112276496
A31: 2.1.7 | B31: Lắp dựng cốt thép mũ mố, ĐK ≤10mm | C31: tấn | D31: ='PL.3A'!D39-'PL.3A'!G39 -> 5.7168 | E31: ='PL.3A'!H39 -> 24438878 | F31: =D31*E31 -> 139712178
A32: 2.1.8 | B32: Ván khuôn tấm đan | C32: 100m2 | D32: ='PL.3A'!D40-'PL.3A'!G40 -> 3.3969 | E32: ='PL.3A'!H40 -> 8587206 | F32: =D32*E32 -> 29169880
A33: 2.1.9 | B33: Bê tông tấm đan M250, đá 1x2 | C33: m3 | D33: ='PL.3A'!D41-'PL.3A'!G41 -> 86.99 | E33: ='PL.3A'!H41 -> 1752158 | F33: =D33*E33 -> 152420224
A34: 2.1.10 | B34: Cốt thép tấm đan ĐK ≤10mm | C34: tấn | D34: ='PL.3A'!D42-'PL.3A'!G42 -> 8.0946 | E34: ='PL.3A'!H42 -> 25003382 | F34: =D34*E34 -> 202392376
A35: 2.1.11 | B35: Cốt thép tấm đan ĐK >10mm | C35: tấn | D35: ='PL.3A'!D43-'PL.3A'!G43 -> 6.1145 | E35: ='PL.3A'!H43 -> 25003382 | F35: =D35*E35 -> 152883179
A36: 2.1.12 | B36: Lắp đặt tấm đan | C36: 1 cấu kiện | D36: ='PL.3A'!D44-'PL.3A'!G44 -> 829 | E36: ='PL.3A'!H44 -> 71359 | F36: =D36*E36 -> 59156611
A37: 2.2 | B37: Phần rãnh chịu lực (bê tông)
A38: 2.2.1 | B38: Thi công lớp đá đệm móng | C38: m3 | D38: ='PL.3A'!D46-'PL.3A'!G46 -> 25.11 | E38: ='PL.3A'!H46 -> 990903.98 | F38: =D38*E38 -> 24881599
A39: 2.2.2 | B39: Bê tông móng M200, đá 1x2 | C39: m3 | D39: ='PL.3A'!D47-'PL.3A'!G47 -> 46.36 | E39: ='PL.3A'!H47 -> 1516741 | F39: =D39*E39 -> 70316113
A40: 2.2.3 | B40: Ván khuôn móng dài | C40: 100m2 | D40: ='PL.3A'!D48-'PL.3A'!G48 -> 0.7727 | E40: ='PL.3A'!H48 -> 6286549.8 | F40: =D40*E40 -> 4857617
A41: 2.2.4 | B41: Bê tông thành rãnh M200, đá 1x2 | C41: m3 | D41: ='PL.3A'!D49-'PL.3A'!G49 -> 67.61 | E41: ='PL.3A'!H49 -> 1516741 | F41: =D41*E41 -> 102546859
A42: 2.2.5 | B42: Ván khuôn thành rãnh | C42: 100m2 | D42: ='PL.3A'!D50-'PL.3A'!G50 -> 3.6704 | E42: ='PL.3A'!H50 -> 6286550 | F42: =D42*E42 -> 23074153
A43: 2.2.6 | B43: Lắp dựng cốt thép, ĐK ≤10mm | C43: tấn | D43: ='PL.3A'!D51-'PL.3A'!G51 -> 5.1786 | E43: ='PL.3A'!H51 -> 22904380 | F43: =D43*E43 -> 118612622
A44: 2.2.7 | B44: Lắp dựng cốt thép, ĐK ≤18mm | C44: tấn | D44: ='PL.3A'!D52-'PL.3A'!G52 -> 7.9854 | E44: ='PL.3A'!H52 -> 22691077 | F44: =D44*E44 -> 181197326
A45: 2.2.8 | B45: Ván khuôn tấm đan | C45: 100m2 | D45: ='PL.3A'!D53-'PL.3A'!G53 -> 1.1591 | E45: ='PL.3A'!H53 -> 8587205.6 | F45: =D45*E45 -> 9953430
A46: 2.2.9 | B46: Bê tông tấm đan M250, đá 1x2 | C46: m3 | D46: ='PL.3A'!D54-'PL.3A'!G54 -> 28.98 | E46: ='PL.3A'!H54 -> 1752158 | F46: =D46*E46 -> 50777539
A47: 2.2.10 | B47: Cốt thép tấm đan ĐK ≤10mm | C47: tấn | D47: ='PL.3A'!D55-'PL.3A'!G55 -> 2.4437 | E47: ='PL.3A'!H55 -> 25003382 | F47: =D47*E47 -> 61100765
A48: 2.2.11 | B48: Cốt thép tấm đan ĐK >10mm | C48: tấn | D48: ='PL.3A'!D56-'PL.3A'!G56 -> 4.1514 | E48: ='PL.3A'!H56 -> 25003382 | F48: =D48*E48 -> 103799040
A49: 2.2.12 | B49: Lắp đặt tấm đan | C49: 1 cấu kiện | D49: ='PL.3A'!D57-'PL.3A'!G57 -> 193 | E49: ='PL.3A'!H57 -> 71359 | F49: =D49*E49 -> 13772287
A50: 2.3 | B50: Phần hố thu nước
A51: 2.3.1 | B51: Bê tông lót móng, M100, đá 4x6 | C51: m3 | D51: ='PL.3A'!D59-'PL.3A'!G59 -> 12.57 | E51: ='PL.3A'!H59 -> 1304197 | F51: =D51*E51 -> 16393756
A52: 2.3.2 | B52: Bê tông móng M200, đá 1x2 | C52: m3 | D52: ='PL.3A'!D60-'PL.3A'!G60 -> 18.85 | E52: ='PL.3A'!H60 -> 1516741 | F52: =D52*E52 -> 28590568
A53: 2.3.3 | B53: Ván khuôn móng | C53: 100m2 | D53: ='PL.3A'!D61-'PL.3A'!G61 -> 0.8162 | E53: ='PL.3A'!H61 -> 11213466 | F53: =D53*E53 -> 9152431
A54: 2.3.4 | B54: Xây tường bằng gạch không nung, vữa XM M75 | C54: m3 | D54: ='PL.3A'!D62-'PL.3A'!G62 -> 60.67 | E54: ='PL.3A'!H62 -> 1568220 | F54: =D54*E54 -> 95143907
A55: 2.3.5 | B55: Trát tường, xây bằng gạch không nung, Vữa XM M75 | C55: m2 | D55: ='PL.3A'!D63-'PL.3A'!G63 -> 200.91 | E55: ='PL.3A'!H63 -> 113553 | F55: =D55*E55 -> 22813933
A56: 2.3.6 | B56: Ván khuôn tấm đan | C56: 100m2 | D56: ='PL.3A'!D64-'PL.3A'!G64 -> 1.2455 | E56: ='PL.3A'!H64 -> 8587205.9 | F56: =D56*E56 -> 10695365
A57: 2.3.7 | B57: Bê tông tấm đan M250, đá 1x2, | C57: m3 | D57: ='PL.3A'!D65-'PL.3A'!G65 -> 16.96 | E57: ='PL.3A'!H65 -> 1752158 | F57: =D57*E57 -> 29716600
A58: 2.3.8 | B58: Cốt thép tấm đan ĐK ≤10mm | C58: tấn | D58: ='PL.3A'!D66-'PL.3A'!G66 -> 3.3061 | E58: ='PL.3A'!H66 -> 25003382 | F58: =D58*E58 -> 82663681
A59: 2.3.9 | B59: Lắp đặt tấm đan | C59: 1 cấu kiện | D59: ='PL.3A'!D67-'PL.3A'!G67 -> 53 | E59: ='PL.3A'!H67 -> 71359 | F59: =D59*E59 -> 3782027
A60: 2.3.10 | B60: Khung và nắp ga Composite | C60: bộ | D60: ='PL.3A'!D68-'PL.3A'!G68 -> 53 | E60: ='PL.3A'!H68 -> 2154837 | F60: =D60*E60 -> 114206361
A61: 2.3.11 | B61: Lắp đặt nắp ga Composite | C61: bộ | D61: ='PL.3A'!D69-'PL.3A'!G69 -> 53 | E61: ='PL.3A'!H69 -> 42993 | F61: =D61*E61 -> 2278629
A62: 2.4 | B62: Phần cửa thu loại 1
A63: 2.4.1 | B63: Bê tông lót móng, M100, đá 4x6 | C63: m3 | D63: ='PL.3A'!D71-'PL.3A'!G71 -> 4.29 | E63: ='PL.3A'!H71 -> 1304197 | F63: =D63*E63 -> 5595005
A64: 2.4.2 | B64: Bê tông móng M200, đá 1x2 | C64: m3 | D64: ='PL.3A'!D72-'PL.3A'!G72 -> 3.25 | E64: ='PL.3A'!H72 -> 1516740.9 | F64: =D64*E64 -> 4929408
A65: 2.4.3 | B65: Ván khuôn móng | C65: 100m2 | D65: ='PL.3A'!D73-'PL.3A'!G73 -> 0.7327 | E65: ='PL.3A'!H73 -> 11213467 | F65: =D65*E65 -> 8216107
A66: 2.4.4 | B66: Bê tông cửa thu M250, đá 1x2 | C66: m3 | D66: ='PL.3A'!D74-'PL.3A'!G74 -> 4.35 | E66: ='PL.3A'!H74 -> 1572273.1 | F66: =D66*E66 -> 6839388
A67: 2.4.5 | B67: Lắp dựng cốt thép, ĐK ≤10mm | C67: tấn | D67: ='PL.3A'!D75-'PL.3A'!G75 -> 0.4396 | E67: ='PL.3A'!H75 -> 22904379 | F67: =D67*E67 -> 10068765
A68: 2.4.6 | B68: Song chắn rác bằng gang | C68: bộ | D68: ='PL.3A'!D76-'PL.3A'!G76 -> 34 | E68: ='PL.3A'!H76 -> 1644483 | F68: =D68*E68 -> 55912422
A69: 2.4.7 | B69: Lắp đặt song chắn rác | C69: bộ | D69: ='PL.3A'!D77-'PL.3A'!G77 -> 34 | E69: ='PL.3A'!H77 -> 42993 | F69: =D69*E69 -> 1461762
A70: 2.5 | B70: Phần cửa thu loại 2
A71: 2.5.1 | B71: Bê tông lót móng, M100, đá 4x6 | C71: m3 | D71: ='PL.3A'!D79-'PL.3A'!G79 -> 0 | E71: ='PL.3A'!H79 -> 0 | F71: =D71*E71 -> 0
A72: 2.5.2 | B72: Bê tông móng M200, đá 1x2 | C72: m3 | D72: ='PL.3A'!D80-'PL.3A'!G80 -> 1.65 | E72: ='PL.3A'!H80 -> 1304197 | F72: =D72*E72 -> 2151925
A73: 2.5.3 | B73: Ván khuôn móng | C73: 100m2 | D73: ='PL.3A'!D81-'PL.3A'!G81 -> 2 | E73: ='PL.3A'!H81 -> 1516741 | F73: =D73*E73 -> 3033482
A74: 2.5.4 | B74: Bê tông cửa thu M250, đá 1x2 | C74: m3 | D74: ='PL.3A'!D82-'PL.3A'!G82 -> 1.1925 | E74: ='PL.3A'!H82 -> 11213466 | F74: =D74*E74 -> 13372058
A75: 2.5.5 | B75: Lắp dựng cốt thép, ĐK ≤10mm | C75: tấn | D75: ='PL.3A'!D83-'PL.3A'!G83 -> 7.35 | E75: ='PL.3A'!H83 -> 1572273.1 | F75: =D75*E75 -> 11556207
A76: 2.5.6 | B76: Lắp dựng cốt thép, ĐK ≤10mm | C76: tấn | D76: ='PL.3A'!D84-'PL.3A'!G84 -> 0.2048 | E76: ='PL.3A'!H84 -> 22904380 | F76: =D76*E76 -> 4690817
A77: 2.5.7 | B77: Song chắn rác bằng gang | C77: bộ | D77: ='PL.3A'!D85-'PL.3A'!G85 -> 0.4076 | E77: ='PL.3A'!H85 -> 22904379 | F77: =D77*E77 -> 9335825
A78: 2.5.8 | B78: Lắp đặt song chắn rác | C78: bộ | D78: ='PL.3A'!D86-'PL.3A'!G86 -> 15 | E78: ='PL.3A'!H86 -> 1644483 | F78: =D78*E78 -> 24667245
A79: 3 | B79: HẠNG MỤC: THOÁT NƯỚC THẢI
A80: 3.1 | B80: Phần cống D300
A81: 3.1.1 | B81: Ống cống BTCT D300 H10 | C81: m | D81: ='PL.3A'!D89-'PL.3A'!G89 -> 632.8 | E81: ='PL.3A'!H89 -> 402615 | F81: =D81*E81 -> 254774772
A82: 3.1.2 | B82: Ống cống BTCT D300 HL93 | C82: m | D82: ='PL.3A'!D90-'PL.3A'!G90 -> 76.2 | E82: ='PL.3A'!H90 -> 412821 | F82: =D82*E82 -> 31456960
A83: 3.1.3 | B83: Lắp đặt ống cống | C83: 1 cấu kiện | D83: ='PL.3A'!D91-'PL.3A'!G91 -> 284 | E83: ='PL.3A'!H91 -> 71359 | F83: =D83*E83 -> 20265956
A84: 3.1.4 | B84: Ván khuôn gối cống | C84: 100m2 | D84: ='PL.3A'!D92-'PL.3A'!G92 -> 2.0419 | E84: ='PL.3A'!H92 -> 11534440 | F84: =D84*E84 -> 23552173
A85: 3.1.5 | B85: Cốt thép gối cống, ĐK ≤10mm | C85: tấn | D85: ='PL.3A'!D93-'PL.3A'!G93 -> 1.46 | E85: ='PL.3A'!H93 -> 26819997 | F85: =D85*E85 -> 39157196
A86: 3.1.6 | B86: Bê tông gối cống M250, đá 1x2 | C86: m3 | D86: ='PL.3A'!D94-'PL.3A'!G94 -> 17.02 | E86: ='PL.3A'!H94 -> 1788537 | F86: =D86*E86 -> 30440900
A87: 3.1.7 | B87: Lắp đặt gối cống | C87: 1cấu kiện | D87: ='PL.3A'!D95-'PL.3A'!G95 -> 851 | E87: ='PL.3A'!H95 -> 42792 | F87: =D87*E87 -> 36415992
A88: 3.1.8 | B88: Gioăng cao su D300mm | C88: cái | D88: ='PL.3A'!D96-'PL.3A'!G96 -> 850 | E88: ='PL.3A'!H96 -> 62378 | F88: =D88*E88 -> 53021300
A89: 3.2 | B89: Hệ thống thu gom
A90: 3.2.1 | B90: Lắp đặt ống nhựa PVC - Đường kính 140mm | C90: 100m | D90: ='PL.3A'!D98-'PL.3A'!G98 -> 4.13 | E90: ='PL.3A'!H98 -> 32636925 | F90: =D90*E90 -> 134790500
A91: 3.2.2 | B91: Lắp đặt ba chạc nhựa PVC - Đường kính 140mm 45o | C91: cái | D91: ='PL.3A'!D99-'PL.3A'!G99 -> 17 | E91: ='PL.3A'!H99 -> 586560 | F91: =D91*E91 -> 9971520
A92: 3.2.3 | B92: Lắp đặt colơ nhựa PVC - Đường kính 140mm 135o | C92: cái | D92: ='PL.3A'!D100-'PL.3A'!G100 -> 26 | E92: ='PL.3A'!H100 -> 388671 | F92: =D92*E92 -> 10105446
A93: 3.2.4 | B93: Thử áp lực đường ống nhựa - Đường kính 140mm | C93: 100m | D93: ='PL.3A'!D101-'PL.3A'!G101 -> 4.13 | E93: ='PL.3A'!H101 -> 793210.9 | F93: =D93*E93 -> 3275961
A94: 3.3 | B94: Phần hố ga
A95: 3.3.1 | B95: Bê tông lót móng M100, đá 4x6 | C95: m3 | D95: ='PL.3A'!D103-'PL.3A'!G103 -> 0 | E95: ='PL.3A'!H103 -> 0 | F95: =D95*E95 -> 0
A96: 3.3.2 | B96: Ván khuôn móng | C96: 100m2 | D96: ='PL.3A'!D104-'PL.3A'!G104 -> 6.11 | E96: ='PL.3A'!H104 -> 1313706.1 | F96: =D96*E96 -> 8026744
A97: 3.3.3 | B97: Bê tông móng M200, đá 1x2 | C97: m3 | D97: ='PL.3A'!D105-'PL.3A'!G105 -> 0.4556 | E97: ='PL.3A'!H105 -> 11213466 | F97: =D97*E97 -> 5108855
A98: 3.3.4 | B98: Láng vữa XM M100 | C98: m2 | D98: ='PL.3A'!D106-'PL.3A'!G106 -> 9.16 | E98: ='PL.3A'!H106 -> 1516741 | F98: =D98*E98 -> 13893348
A99: 3.3.5 | B99: Xây tường bằng gạch không nung, vữa XM M75 | C99: m3 | D99: ='PL.3A'!D107-'PL.3A'!G107 -> 1.67 | E99: ='PL.3A'!H107 -> 46953.293 | F99: =D99*E99 -> 78412
A100: 3.3.6 | B100: Trát tường, xây bằng gạch không nung, Vữa XM M75 | C100: m2 | D100: ='PL.3A'!D108-'PL.3A'!G108 -> 21.43 | E100: ='PL.3A'!H108 -> 1568220 | F100: =D100*E100 -> 33606955
A101: 3.3.7 | B101: Ván khuôn mũ mố | C101: 100m2 | D101: ='PL.3A'!D109-'PL.3A'!G109 -> 62.57 | E101: ='PL.3A'!H109 -> 113553 | F101: =D101*E101 -> 7105011
...
