Workbook

Sheet Tien do giai ngan
A1: TIẾN ĐỘ GIẢI NGÂN (PHÂN KHAI THANH TOÁN THEO ĐỢT 10 NGÀY)
A2: Gói thầu số 09: Thi công xây dựng công trình (bao gồm chi phí xây dựng, chi phí thiết bị) thuộc dự án: Hạ tầng kỹ thuật khu tái định cư vị trí số 02, phường Đông Tiến, tỉnh Thanh Hoá (thuộc dự án giải phóng mặt bằng dự án đường sắt tốc độ cao trên trục Bắc - Nam qua địa bàn phường Đông Tiến, tỉnh Thanh Hoá)
A4: Ngày khởi công: | D4: 46246 | G4: Tiến độ (ngày): | J4: 210 | K4: Số ngày/đợt: | N4: 10 | O4: Ngày hoàn thành: | R4: =D4+J4-1 -> 46455 | U4: Đơn vị: tỷ đồng
A6: TT | B6: Hạng mục | C6: Đơn vị | D6: Giá trị | E6: Từ đợt | F6: Đến đợt | G6: ="Thời gian thi công "&J4&" ngày" -> Thời gian thi công 210 ngày | AB6: Kiểm tra (Σđợt − Giá trị)
G7: Tháng thứ 1 (12/08–10/09) | J7: Tháng thứ 2 (11/09–10/10) | M7: Tháng thứ 3 (11/10–09/11) | P7: Tháng thứ 4 (10/11–09/12) | S7: Tháng thứ 5 (10/12–08/01) | V7: Tháng thứ 6 (09/01–07/02) | Y7: Tháng thứ 7 (08/02–09/03)
G8: 1 | H8: 2 | I8: 3 | J8: 4 | K8: 5 | L8: 6 | M8: 7 | N8: 8 | O8: 9 | P8: 10 | Q8: 11 | R8: 12 | S8: 13 | T8: 14 | U8: 15 | V8: 16 | W8: 17 | X8: 18 | Y8: 19 | Z8: 20 | AA8: 21
G9: =$D$4+(G$8-1)*$N$4 -> 46246 | H9: =$D$4+(H$8-1)*$N$4 -> 46256 | I9: =$D$4+(I$8-1)*$N$4 -> 46266 | J9: =$D$4+(J$8-1)*$N$4 -> 46276 | K9: =$D$4+(K$8-1)*$N$4 -> 46286 | L9: =$D$4+(L$8-1)*$N$4 -> 46296 | M9: =$D$4+(M$8-1)*$N$4 -> 46306 | N9: =$D$4+(N$8-1)*$N$4 -> 46316 | ... AA9: =$D$4+(AA$8-1)*$N$4 -> 46446
G10: =MIN(G9+$N$4-1,$R$4) -> 46255 | H10: =MIN(H9+$N$4-1,$R$4) -> 46265 | I10: =MIN(I9+$N$4-1,$R$4) -> 46275 | J10: =MIN(J9+$N$4-1,$R$4) -> 46285 | K10: =MIN(K9+$N$4-1,$R$4) -> 46295 | L10: =MIN(L9+$N$4-1,$R$4) -> 46305 | M10: =MIN(M9+$N$4-1,$R$4) -> 46315 | N10: =MIN(N9+$N$4-1,$R$4) -> 46325 | ... AA10: =MIN(AA9+$N$4-1,$R$4) -> 46455
A11: 1 | B11: Đường giao thông | C11: Tỷ | D11: =SUM(D12:D13) -> 27.389195 | E11: =MIN(E12:E13) -> 2 | F11: =MAX(F12:F13) -> 19 | G11: =IF(SUM(G12:G13)=0,"",SUM(G12:G13)) | H11: =IF(SUM(H12:H13)=0,"",SUM(H12:H13)) -> 1.6997917 | I11: =IF(SUM(I12:I13)=0,"",SUM(I12:I13)) -> 1.6997917 | J11: =IF(SUM(J12:J13)=0,"",SUM(J12:J13)) -> 1.6997917 | K11: =IF(SUM(K12:K13)=0,"",SUM(K12:K13)) -> 1.6997917 | L11: =IF(SUM(L12:L13)=0,"",SUM(L12:L13)) -> 1.6997917 | M11: =IF(SUM(M12:M13)=0,"",SUM(M12:M13)) -> 1.6997917 | N11: =IF(SUM(N12:N13)=0,"",SUM(N12:N13)) -> 1.6997917 | ... AA11: =IF(SUM(AA12:AA13)=0,"",SUM(AA12:AA13)) | AB11: =ROUND(SUM(G11:AA11)-D11,6) -> 0
B12: - Nền đường | C12: Tỷ | D12: 20.397501 | E12: 2 | F12: 13 | G12: =IF(AND(G$8>=$E12,G$8<=$F12),$D12/($F12-$E12+1),"") | H12: =IF(AND(H$8>=$E12,H$8<=$F12),$D12/($F12-$E12+1),"") -> 1.6997917 | I12: =IF(AND(I$8>=$E12,I$8<=$F12),$D12/($F12-$E12+1),"") -> 1.6997917 | J12: =IF(AND(J$8>=$E12,J$8<=$F12),$D12/($F12-$E12+1),"") -> 1.6997917 | K12: =IF(AND(K$8>=$E12,K$8<=$F12),$D12/($F12-$E12+1),"") -> 1.6997917 | L12: =IF(AND(L$8>=$E12,L$8<=$F12),$D12/($F12-$E12+1),"") -> 1.6997917 | M12: =IF(AND(M$8>=$E12,M$8<=$F12),$D12/($F12-$E12+1),"") -> 1.6997917 | N12: =IF(AND(N$8>=$E12,N$8<=$F12),$D12/($F12-$E12+1),"") -> 1.6997917 | ... AA12: =IF(AND(AA$8>=$E12,AA$8<=$F12),$D12/($F12-$E12+1),"") | AB12: =ROUND(SUM(G12:AA12)-D12,6) -> 0
B13: - Mặt đường | C13: Tỷ | D13: 6.991694 | E13: 11 | F13: 19 | G13: =IF(AND(G$8>=$E13,G$8<=$F13),$D13/($F13-$E13+1),"") | H13: =IF(AND(H$8>=$E13,H$8<=$F13),$D13/($F13-$E13+1),"") | I13: =IF(AND(I$8>=$E13,I$8<=$F13),$D13/($F13-$E13+1),"") | J13: =IF(AND(J$8>=$E13,J$8<=$F13),$D13/($F13-$E13+1),"") | K13: =IF(AND(K$8>=$E13,K$8<=$F13),$D13/($F13-$E13+1),"") | L13: =IF(AND(L$8>=$E13,L$8<=$F13),$D13/($F13-$E13+1),"") | M13: =IF(AND(M$8>=$E13,M$8<=$F13),$D13/($F13-$E13+1),"") | N13: =IF(AND(N$8>=$E13,N$8<=$F13),$D13/($F13-$E13+1),"") | ... AA13: =IF(AND(AA$8>=$E13,AA$8<=$F13),$D13/($F13-$E13+1),"") | AB13: =ROUND(SUM(G13:AA13)-D13,6) -> 0
A14: 2 | B14: Bó vỉa, lát hè, cây xanh | C14: Tỷ | D14: 12.508308 | E14: 11 | F14: 21 | G14: =IF(AND(G$8>=$E14,G$8<=$F14),$D14/($F14-$E14+1),"") | H14: =IF(AND(H$8>=$E14,H$8<=$F14),$D14/($F14-$E14+1),"") | I14: =IF(AND(I$8>=$E14,I$8<=$F14),$D14/($F14-$E14+1),"") | J14: =IF(AND(J$8>=$E14,J$8<=$F14),$D14/($F14-$E14+1),"") | K14: =IF(AND(K$8>=$E14,K$8<=$F14),$D14/($F14-$E14+1),"") | L14: =IF(AND(L$8>=$E14,L$8<=$F14),$D14/($F14-$E14+1),"") | M14: =IF(AND(M$8>=$E14,M$8<=$F14),$D14/($F14-$E14+1),"") | N14: =IF(AND(N$8>=$E14,N$8<=$F14),$D14/($F14-$E14+1),"") | ... AA14: =IF(AND(AA$8>=$E14,AA$8<=$F14),$D14/($F14-$E14+1),"") -> 1.1371189 | AB14: =ROUND(SUM(G14:AA14)-D14,6) -> 0
A15: 3 | B15: Thoát nước mặt đường | C15: Tỷ | D15: 13.037921 | E15: 2 | F15: 12 | G15: =IF(AND(G$8>=$E15,G$8<=$F15),$D15/($F15-$E15+1),"") | H15: =IF(AND(H$8>=$E15,H$8<=$F15),$D15/($F15-$E15+1),"") -> 1.1852655 | I15: =IF(AND(I$8>=$E15,I$8<=$F15),$D15/($F15-$E15+1),"") -> 1.1852655 | J15: =IF(AND(J$8>=$E15,J$8<=$F15),$D15/($F15-$E15+1),"") -> 1.1852655 | K15: =IF(AND(K$8>=$E15,K$8<=$F15),$D15/($F15-$E15+1),"") -> 1.1852655 | L15: =IF(AND(L$8>=$E15,L$8<=$F15),$D15/($F15-$E15+1),"") -> 1.1852655 | M15: =IF(AND(M$8>=$E15,M$8<=$F15),$D15/($F15-$E15+1),"") -> 1.1852655 | N15: =IF(AND(N$8>=$E15,N$8<=$F15),$D15/($F15-$E15+1),"") -> 1.1852655 | ... AA15: =IF(AND(AA$8>=$E15,AA$8<=$F15),$D15/($F15-$E15+1),"") | AB15: =ROUND(SUM(G15:AA15)-D15,6) -> 0
A16: 4 | B16: Thoát nước thải | C16: Tỷ | D16: 2.6033946 | E16: 4 | F16: 13 | G16: =IF(AND(G$8>=$E16,G$8<=$F16),$D16/($F16-$E16+1),"") | H16: =IF(AND(H$8>=$E16,H$8<=$F16),$D16/($F16-$E16+1),"") | I16: =IF(AND(I$8>=$E16,I$8<=$F16),$D16/($F16-$E16+1),"") | J16: =IF(AND(J$8>=$E16,J$8<=$F16),$D16/($F16-$E16+1),"") -> 0.26033946 | K16: =IF(AND(K$8>=$E16,K$8<=$F16),$D16/($F16-$E16+1),"") -> 0.26033946 | L16: =IF(AND(L$8>=$E16,L$8<=$F16),$D16/($F16-$E16+1),"") -> 0.26033946 | M16: =IF(AND(M$8>=$E16,M$8<=$F16),$D16/($F16-$E16+1),"") -> 0.26033946 | N16: =IF(AND(N$8>=$E16,N$8<=$F16),$D16/($F16-$E16+1),"") -> 0.26033946 | ... AA16: =IF(AND(AA$8>=$E16,AA$8<=$F16),$D16/($F16-$E16+1),"") | AB16: =ROUND(SUM(G16:AA16)-D16,6) -> 0
A17: 5 | B17: Cấp nước | C17: Tỷ | D17: 0.73302201 | E17: 7 | F17: 15 | G17: =IF(AND(G$8>=$E17,G$8<=$F17),$D17/($F17-$E17+1),"") | H17: =IF(AND(H$8>=$E17,H$8<=$F17),$D17/($F17-$E17+1),"") | I17: =IF(AND(I$8>=$E17,I$8<=$F17),$D17/($F17-$E17+1),"") | J17: =IF(AND(J$8>=$E17,J$8<=$F17),$D17/($F17-$E17+1),"") | K17: =IF(AND(K$8>=$E17,K$8<=$F17),$D17/($F17-$E17+1),"") | L17: =IF(AND(L$8>=$E17,L$8<=$F17),$D17/($F17-$E17+1),"") | M17: =IF(AND(M$8>=$E17,M$8<=$F17),$D17/($F17-$E17+1),"") -> 0.08144689 | N17: =IF(AND(N$8>=$E17,N$8<=$F17),$D17/($F17-$E17+1),"") -> 0.08144689 | ... AA17: =IF(AND(AA$8>=$E17,AA$8<=$F17),$D17/($F17-$E17+1),"") | AB17: =ROUND(SUM(G17:AA17)-D17,6) -> 0
A18: 6 | B18: Đường dây trung thế về trạm biến áp và lắp đặt, xây dựng trạm biến áp | C18: Tỷ | D18: 1.1457698 | E18: 13 | F18: 19 | G18: =IF(AND(G$8>=$E18,G$8<=$F18),$D18/($F18-$E18+1),"") | H18: =IF(AND(H$8>=$E18,H$8<=$F18),$D18/($F18-$E18+1),"") | I18: =IF(AND(I$8>=$E18,I$8<=$F18),$D18/($F18-$E18+1),"") | J18: =IF(AND(J$8>=$E18,J$8<=$F18),$D18/($F18-$E18+1),"") | K18: =IF(AND(K$8>=$E18,K$8<=$F18),$D18/($F18-$E18+1),"") | L18: =IF(AND(L$8>=$E18,L$8<=$F18),$D18/($F18-$E18+1),"") | M18: =IF(AND(M$8>=$E18,M$8<=$F18),$D18/($F18-$E18+1),"") | N18: =IF(AND(N$8>=$E18,N$8<=$F18),$D18/($F18-$E18+1),"") | ... AA18: =IF(AND(AA$8>=$E18,AA$8<=$F18),$D18/($F18-$E18+1),"") | AB18: =ROUND(SUM(G18:AA18)-D18,6) -> 0
A19: 7 | B19: Lắp đặt và xây dựng đường cáp ngầm 0,4KV cấp điện SH | C19: Tỷ | D19: 6.9411907 | E19: 9 | F19: 19 | G19: =IF(AND(G$8>=$E19,G$8<=$F19),$D19/($F19-$E19+1),"") | H19: =IF(AND(H$8>=$E19,H$8<=$F19),$D19/($F19-$E19+1),"") | I19: =IF(AND(I$8>=$E19,I$8<=$F19),$D19/($F19-$E19+1),"") | J19: =IF(AND(J$8>=$E19,J$8<=$F19),$D19/($F19-$E19+1),"") | K19: =IF(AND(K$8>=$E19,K$8<=$F19),$D19/($F19-$E19+1),"") | L19: =IF(AND(L$8>=$E19,L$8<=$F19),$D19/($F19-$E19+1),"") | M19: =IF(AND(M$8>=$E19,M$8<=$F19),$D19/($F19-$E19+1),"") | N19: =IF(AND(N$8>=$E19,N$8<=$F19),$D19/($F19-$E19+1),"") | ... AA19: =IF(AND(AA$8>=$E19,AA$8<=$F19),$D19/($F19-$E19+1),"") | AB19: =ROUND(SUM(G19:AA19)-D19,6) -> 0
A20: 8 | B20: Xây lắp HT chiếu sáng, TN | C20: Tỷ | D20: 3.1030001 | E20: 12 | F20: 20 | G20: =IF(AND(G$8>=$E20,G$8<=$F20),$D20/($F20-$E20+1),"") | H20: =IF(AND(H$8>=$E20,H$8<=$F20),$D20/($F20-$E20+1),"") | I20: =IF(AND(I$8>=$E20,I$8<=$F20),$D20/($F20-$E20+1),"") | J20: =IF(AND(J$8>=$E20,J$8<=$F20),$D20/($F20-$E20+1),"") | K20: =IF(AND(K$8>=$E20,K$8<=$F20),$D20/($F20-$E20+1),"") | L20: =IF(AND(L$8>=$E20,L$8<=$F20),$D20/($F20-$E20+1),"") | M20: =IF(AND(M$8>=$E20,M$8<=$F20),$D20/($F20-$E20+1),"") | N20: =IF(AND(N$8>=$E20,N$8<=$F20),$D20/($F20-$E20+1),"") | ... AA20: =IF(AND(AA$8>=$E20,AA$8<=$F20),$D20/($F20-$E20+1),"") | AB20: =ROUND(SUM(G20:AA20)-D20,6) -> 0
A21: 9 | B21: HT PCCC, HTKT | C21: Tỷ | D21: 2.0067493 | E21: 8 | F21: 17 | G21: =IF(AND(G$8>=$E21,G$8<=$F21),$D21/($F21-$E21+1),"") | H21: =IF(AND(H$8>=$E21,H$8<=$F21),$D21/($F21-$E21+1),"") | I21: =IF(AND(I$8>=$E21,I$8<=$F21),$D21/($F21-$E21+1),"") | J21: =IF(AND(J$8>=$E21,J$8<=$F21),$D21/($F21-$E21+1),"") | K21: =IF(AND(K$8>=$E21,K$8<=$F21),$D21/($F21-$E21+1),"") | L21: =IF(AND(L$8>=$E21,L$8<=$F21),$D21/($F21-$E21+1),"") | M21: =IF(AND(M$8>=$E21,M$8<=$F21),$D21/($F21-$E21+1),"") | N21: =IF(AND(N$8>=$E21,N$8<=$F21),$D21/($F21-$E21+1),"") -> 0.20067493 | ... AA21: =IF(AND(AA$8>=$E21,AA$8<=$F21),$D21/($F21-$E21+1),"") | AB21: =ROUND(SUM(G21:AA21)-D21,6) -> 0
A22: 10 | B22: Trạm xử lý nước thải, bể nhà bơm | C22: Tỷ | D22: 1.5893596 | E22: 6 | F22: 16 | G22: =IF(AND(G$8>=$E22,G$8<=$F22),$D22/($F22-$E22+1),"") | H22: =IF(AND(H$8>=$E22,H$8<=$F22),$D22/($F22-$E22+1),"") | I22: =IF(AND(I$8>=$E22,I$8<=$F22),$D22/($F22-$E22+1),"") | J22: =IF(AND(J$8>=$E22,J$8<=$F22),$D22/($F22-$E22+1),"") | K22: =IF(AND(K$8>=$E22,K$8<=$F22),$D22/($F22-$E22+1),"") | L22: =IF(AND(L$8>=$E22,L$8<=$F22),$D22/($F22-$E22+1),"") -> 0.14448724 | M22: =IF(AND(M$8>=$E22,M$8<=$F22),$D22/($F22-$E22+1),"") -> 0.14448724 | N22: =IF(AND(N$8>=$E22,N$8<=$F22),$D22/($F22-$E22+1),"") -> 0.14448724 | ... AA22: =IF(AND(AA$8>=$E22,AA$8<=$F22),$D22/($F22-$E22+1),"") | AB22: =ROUND(SUM(G22:AA22)-D22,6) -> 0
A23: 11 | B23: Chi phí thiết bị HT điện | C23: Tỷ | D23: 2.8885503 | E23: 16 | F23: 19 | G23: =IF(AND(G$8>=$E23,G$8<=$F23),$D23/($F23-$E23+1),"") | H23: =IF(AND(H$8>=$E23,H$8<=$F23),$D23/($F23-$E23+1),"") | I23: =IF(AND(I$8>=$E23,I$8<=$F23),$D23/($F23-$E23+1),"") | J23: =IF(AND(J$8>=$E23,J$8<=$F23),$D23/($F23-$E23+1),"") | K23: =IF(AND(K$8>=$E23,K$8<=$F23),$D23/($F23-$E23+1),"") | L23: =IF(AND(L$8>=$E23,L$8<=$F23),$D23/($F23-$E23+1),"") | M23: =IF(AND(M$8>=$E23,M$8<=$F23),$D23/($F23-$E23+1),"") | N23: =IF(AND(N$8>=$E23,N$8<=$F23),$D23/($F23-$E23+1),"") | ... AA23: =IF(AND(AA$8>=$E23,AA$8<=$F23),$D23/($F23-$E23+1),"") | AB23: =ROUND(SUM(G23:AA23)-D23,6) -> 0
A24: 12 | B24: Chi phí thiết bị PCCC | C24: Tỷ | D24: 0.26852215 | E24: 16 | F24: 18 | G24: =IF(AND(G$8>=$E24,G$8<=$F24),$D24/($F24-$E24+1),"") | H24: =IF(AND(H$8>=$E24,H$8<=$F24),$D24/($F24-$E24+1),"") | I24: =IF(AND(I$8>=$E24,I$8<=$F24),$D24/($F24-$E24+1),"") | J24: =IF(AND(J$8>=$E24,J$8<=$F24),$D24/($F24-$E24+1),"") | K24: =IF(AND(K$8>=$E24,K$8<=$F24),$D24/($F24-$E24+1),"") | L24: =IF(AND(L$8>=$E24,L$8<=$F24),$D24/($F24-$E24+1),"") | M24: =IF(AND(M$8>=$E24,M$8<=$F24),$D24/($F24-$E24+1),"") | N24: =IF(AND(N$8>=$E24,N$8<=$F24),$D24/($F24-$E24+1),"") | ... AA24: =IF(AND(AA$8>=$E24,AA$8<=$F24),$D24/($F24-$E24+1),"") | AB24: =ROUND(SUM(G24:AA24)-D24,6) -> 0
A25: 13 | B25: Chi phí thiết bị HT xử lý nước thải | C25: Tỷ | D25: 1.4701003 | E25: 16 | F25: 19 | G25: =IF(AND(G$8>=$E25,G$8<=$F25),$D25/($F25-$E25+1),"") | H25: =IF(AND(H$8>=$E25,H$8<=$F25),$D25/($F25-$E25+1),"") | I25: =IF(AND(I$8>=$E25,I$8<=$F25),$D25/($F25-$E25+1),"") | J25: =IF(AND(J$8>=$E25,J$8<=$F25),$D25/($F25-$E25+1),"") | K25: =IF(AND(K$8>=$E25,K$8<=$F25),$D25/($F25-$E25+1),"") | L25: =IF(AND(L$8>=$E25,L$8<=$F25),$D25/($F25-$E25+1),"") | M25: =IF(AND(M$8>=$E25,M$8<=$F25),$D25/($F25-$E25+1),"") | N25: =IF(AND(N$8>=$E25,N$8<=$F25),$D25/($F25-$E25+1),"") | ... AA25: =IF(AND(AA$8>=$E25,AA$8<=$F25),$D25/($F25-$E25+1),"") | AB25: =ROUND(SUM(G25:AA25)-D25,6) -> 0
A26: 14 | B26: Chi phí khác | C26: Tỷ | D26: 0.383515 | E26: 19 | F26: 21 | G26: =IF(AND(G$8>=$E26,G$8<=$F26),$D26/($F26-$E26+1),"") | H26: =IF(AND(H$8>=$E26,H$8<=$F26),$D26/($F26-$E26+1),"") | I26: =IF(AND(I$8>=$E26,I$8<=$F26),$D26/($F26-$E26+1),"") | J26: =IF(AND(J$8>=$E26,J$8<=$F26),$D26/($F26-$E26+1),"") | K26: =IF(AND(K$8>=$E26,K$8<=$F26),$D26/($F26-$E26+1),"") | L26: =IF(AND(L$8>=$E26,L$8<=$F26),$D26/($F26-$E26+1),"") | M26: =IF(AND(M$8>=$E26,M$8<=$F26),$D26/($F26-$E26+1),"") | N26: =IF(AND(N$8>=$E26,N$8<=$F26),$D26/($F26-$E26+1),"") | ... AA26: =IF(AND(AA$8>=$E26,AA$8<=$F26),$D26/($F26-$E26+1),"") -> 0.12783833 | AB26: =ROUND(SUM(G26:AA26)-D26,6) -> 0
A27: TỔNG GIÁ TRỊ THANH TOÁN TRONG ĐỢT | D27: =SUM(D12,D13,D14,D15,D16,D17,D18,D19,D20,D21,D22,D23,D24,D25,D26) -> 76.068597 | G27: =SUM(G12,G13,G14,G15,G16,G17,G18,G19,G20,G21,G22,G23,G24,G25,G26) -> 0 | H27: =SUM(H12,H13,H14,H15,H16,H17,H18,H19,H20,H21,H22,H23,H24,H25,H26) -> 2.8850573 | I27: =SUM(I12,I13,I14,I15,I16,I17,I18,I19,I20,I21,I22,I23,I24,I25,I26) -> 2.8850573 | J27: =SUM(J12,J13,J14,J15,J16,J17,J18,J19,J20,J21,J22,J23,J24,J25,J26) -> 3.1453967 | K27: =SUM(K12,K13,K14,K15,K16,K17,K18,K19,K20,K21,K22,K23,K24,K25,K26) -> 3.1453967 | L27: =SUM(L12,L13,L14,L15,L16,L17,L18,L19,L20,L21,L22,L23,L24,L25,L26) -> 3.289884 | M27: =SUM(M12,M13,M14,M15,M16,M17,M18,M19,M20,M21,M22,M23,M24,M25,M26) -> 3.3713308 | N27: =SUM(N12,N13,N14,N15,N16,N17,N18,N19,N20,N21,N22,N23,N24,N25,N26) -> 3.5720058 | ... AA27: =SUM(AA12,AA13,AA14,AA15,AA16,AA17,AA18,AA19,AA20,AA21,AA22,AA23,AA24,AA25,AA26) -> 1.2649572 | AB27: =ROUND(SUM(G27:AA27)-D27,6) -> 0
A28: GIÁ TRỊ THANH TOÁN LŨY KẾ | D28: =D27 -> 76.068597 | G28: =G27 -> 0 | H28: =G28+H27 -> 2.8850573 | I28: =H28+I27 -> 5.7701145 | J28: =I28+J27 -> 8.9155112 | K28: =J28+K27 -> 12.060908 | L28: =K28+L27 -> 15.350792 | M28: =L28+M27 -> 18.722123 | N28: =M28+N27 -> 22.294129 | O28: =N28+O27 -> 26.497152 | ... AA28: =Z28+AA27 -> 76.068597
A29: TỶ LỆ THANH TOÁN TRONG ĐỢT | D29: =D27/D27 -> 1 | G29: =G27/$D$27 -> 0 | H29: =H27/$D$27 -> 0.037927047 | I29: =I27/$D$27 -> 0.037927047 | J29: =J27/$D$27 -> 0.041349477 | K29: =K27/$D$27 -> 0.041349477 | L29: =L27/$D$27 -> 0.043248911 | M29: =M27/$D$27 -> 0.044319614 | N29: =N27/$D$27 -> 0.046957692 | ... AA29: =AA27/$D$27 -> 0.016629165
A30: TỶ LỆ THANH TOÁN LŨY KẾ | D30: =D29 -> 1 | G30: =G28/$D$27 -> 0 | H30: =H28/$D$27 -> 0.037927047 | I30: =I28/$D$27 -> 0.075854094 | J30: =J28/$D$27 -> 0.11720357 | K30: =K28/$D$27 -> 0.15855305 | L30: =L28/$D$27 -> 0.20180196 | M30: =M28/$D$27 -> 0.24612157 | N30: =N28/$D$27 -> 0.29307926 | ... AA30: =AA28/$D$27 -> 1
A32: Ghi chú:
A33: - Giá trị các hạng mục lấy từ Phụ lục 01 (Bảng tổng hợp KL, đơn giá, giá trị HĐ số 08/2026/HĐ-TCXD); tổng = 76.069 tỷ đồng (đã làm tròn 76.068.597.000 đ). Rê chuột vào ô Giá trị để xem nguồn chi tiết.
A34: - Giá trị mỗi đợt = Giá trị hạng mục / số đợt thi công hạng mục (phân bổ đều từ "Từ đợt" đến "Đến đợt"). Sửa cột Từ đợt/Đến đợt (chữ xanh) để điều chỉnh tiến độ, bảng tự tính lại.
A35: - Ô nền vàng là thông số đầu vào: ngày khởi công, tiến độ, số ngày/đợt. Mỗi tháng tính 30 ngày = 3 đợt; 210 ngày = 21 đợt.
A36: - Hạng mục 6 gộp mục 6,7,8,9; hạng mục 7 gộp mục 10,11; hạng mục 8 gộp mục 12,13,14 (thí nghiệm); hạng mục 9 gộp mục 15,16; Chi phí khác tách từ mục 20.9 của thiết bị XLNT.

Sheet Tong hop theo dot
A1: BẢNG PHÂN KHAI THANH TOÁN THEO ĐỢT (10 NGÀY/ĐỢT)
A2: ="Khởi công: "&TEXT('Tien do giai ngan'!D4,"dd/mm/yyyy")&" - Hoàn thành: "&TEXT('Tien do giai ngan'!R4,"dd/mm/yyyy")&" - Tiến độ: "&'Tien do giai ngan'!J4&" ngày" -> Khởi công: 12/08/2026 - Hoàn thành: 09/03/2027 - Tiến độ: 210 ngày
A4: Đợt | B4: Từ ngày | C4: Đến ngày | D4: Giá trị thanh toán đợt (tỷ đồng) | E4: Giá trị thanh toán đợt (đồng) | F4: Lũy kế (đồng) | G4: Tỷ lệ đợt | H4: Tỷ lệ lũy kế
A5: 1 | B5: =INDEX('Tien do giai ngan'!$G$9:$AA$9,A5) -> 46246 | C5: =INDEX('Tien do giai ngan'!$G$10:$AA$10,A5) -> 46255 | D5: =INDEX('Tien do giai ngan'!$G$27:$AA$27,A5) -> 0 | E5: =ROUND(D5*10^9,0) -> 0 | F5: =E5 -> 0 | G5: =E5/$E$26 -> 0 | H5: =F5/$E$26 -> 0
A6: 2 | B6: =INDEX('Tien do giai ngan'!$G$9:$AA$9,A6) -> 46256 | C6: =INDEX('Tien do giai ngan'!$G$10:$AA$10,A6) -> 46265 | D6: =INDEX('Tien do giai ngan'!$G$27:$AA$27,A6) -> 2.8850573 | E6: =ROUND(D6*10^9,0) -> 2885057254 | F6: =F5+E6 -> 2885057254 | G6: =E6/$E$26 -> 0.037927047 | H6: =F6/$E$26 -> 0.037927047
A7: 3 | B7: =INDEX('Tien do giai ngan'!$G$9:$AA$9,A7) -> 46266 | C7: =INDEX('Tien do giai ngan'!$G$10:$AA$10,A7) -> 46275 | D7: =INDEX('Tien do giai ngan'!$G$27:$AA$27,A7) -> 2.8850573 | E7: =ROUND(D7*10^9,0) -> 2885057254 | F7: =F6+E7 -> 5770114508 | G7: =E7/$E$26 -> 0.037927047 | H7: =F7/$E$26 -> 0.075854094
A8: 4 | B8: =INDEX('Tien do giai ngan'!$G$9:$AA$9,A8) -> 46276 | C8: =INDEX('Tien do giai ngan'!$G$10:$AA$10,A8) -> 46285 | D8: =INDEX('Tien do giai ngan'!$G$27:$AA$27,A8) -> 3.1453967 | E8: =ROUND(D8*10^9,0) -> 3145396718 | F8: =F7+E8 -> 8915511226 | G8: =E8/$E$26 -> 0.041349477 | H8: =F8/$E$26 -> 0.11720357
A9: 5 | B9: =INDEX('Tien do giai ngan'!$G$9:$AA$9,A9) -> 46286 | C9: =INDEX('Tien do giai ngan'!$G$10:$AA$10,A9) -> 46295 | D9: =INDEX('Tien do giai ngan'!$G$27:$AA$27,A9) -> 3.1453967 | E9: =ROUND(D9*10^9,0) -> 3145396718 | F9: =F8+E9 -> 12060907944 | G9: =E9/$E$26 -> 0.041349477 | H9: =F9/$E$26 -> 0.15855305
A10: 6 | B10: =INDEX('Tien do giai ngan'!$G$9:$AA$9,A10) -> 46296 | C10: =INDEX('Tien do giai ngan'!$G$10:$AA$10,A10) -> 46305 | D10: =INDEX('Tien do giai ngan'!$G$27:$AA$27,A10) -> 3.289884 | E10: =ROUND(D10*10^9,0) -> 3289883957 | F10: =F9+E10 -> 15350791901 | G10: =E10/$E$26 -> 0.043248911 | H10: =F10/$E$26 -> 0.20180196
A11: 7 | B11: =INDEX('Tien do giai ngan'!$G$9:$AA$9,A11) -> 46306 | C11: =INDEX('Tien do giai ngan'!$G$10:$AA$10,A11) -> 46315 | D11: =INDEX('Tien do giai ngan'!$G$27:$AA$27,A11) -> 3.3713308 | E11: =ROUND(D11*10^9,0) -> 3371330847 | F11: =F10+E11 -> 18722122748 | G11: =E11/$E$26 -> 0.044319614 | H11: =F11/$E$26 -> 0.24612157
A12: 8 | B12: =INDEX('Tien do giai ngan'!$G$9:$AA$9,A12) -> 46316 | C12: =INDEX('Tien do giai ngan'!$G$10:$AA$10,A12) -> 46325 | D12: =INDEX('Tien do giai ngan'!$G$27:$AA$27,A12) -> 3.5720058 | E12: =ROUND(D12*10^9,0) -> 3572005774 | F12: =F11+E12 -> 22294128522 | G12: =E12/$E$26 -> 0.046957692 | H12: =F12/$E$26 -> 0.29307926
A13: 9 | B13: =INDEX('Tien do giai ngan'!$G$9:$AA$9,A13) -> 46326 | C13: =INDEX('Tien do giai ngan'!$G$10:$AA$10,A13) -> 46335 | D13: =INDEX('Tien do giai ngan'!$G$27:$AA$27,A13) -> 4.2030231 | E13: =ROUND(D13*10^9,0) -> 4203023107 | F13: =F12+E13 -> 26497151629 | G13: =E13/$E$26 -> 0.055253064 | H13: =F13/$E$26 -> 0.34833233
A14: 10 | B14: =INDEX('Tien do giai ngan'!$G$9:$AA$9,A14) -> 46336 | C14: =INDEX('Tien do giai ngan'!$G$10:$AA$10,A14) -> 46345 | D14: =INDEX('Tien do giai ngan'!$G$27:$AA$27,A14) -> 4.2030231 | E14: =ROUND(D14*10^9,0) -> 4203023107 | F14: =F13+E14 -> 30700174736 | G14: =E14/$E$26 -> 0.055253064 | H14: =F14/$E$26 -> 0.40358539
A15: 11 | B15: =INDEX('Tien do giai ngan'!$G$9:$AA$9,A15) -> 46346 | C15: =INDEX('Tien do giai ngan'!$G$10:$AA$10,A15) -> 46355 | D15: =INDEX('Tien do giai ngan'!$G$27:$AA$27,A15) -> 6.1169969 | E15: =ROUND(D15*10^9,0) -> 6116996884 | F15: =F14+E15 -> 36817171620 | G15: =E15/$E$26 -> 0.08041422 | H15: =F15/$E$26 -> 0.48399961
A16: 12 | B16: =INDEX('Tien do giai ngan'!$G$9:$AA$9,A16) -> 46356 | C16: =INDEX('Tien do giai ngan'!$G$10:$AA$10,A16) -> 46365 | D16: =INDEX('Tien do giai ngan'!$G$27:$AA$27,A16) -> 6.4617747 | E16: =ROUND(D16*10^9,0) -> 6461774672 | F16: =F15+E16 -> 43278946292 | G16: =E16/$E$26 -> 0.084946679 | H16: =F16/$E$26 -> 0.56894629
A17: 13 | B17: =INDEX('Tien do giai ngan'!$G$9:$AA$9,A17) -> 46366 | C17: =INDEX('Tien do giai ngan'!$G$10:$AA$10,A17) -> 46375 | D17: =INDEX('Tien do giai ngan'!$G$27:$AA$27,A17) -> 5.4401906 | E17: =ROUND(D17*10^9,0) -> 5440190568 | F17: =F16+E17 -> 48719136860 | G17: =E17/$E$26 -> 0.071516904 | H17: =F17/$E$26 -> 0.6404632
... A25: 21 | B25: =INDEX('Tien do giai ngan'!$G$9:$AA$9,A25) -> 46446 | C25: =INDEX('Tien do giai ngan'!$G$10:$AA$10,A25) -> 46455 | D25: =INDEX('Tien do giai ngan'!$G$27:$AA$27,A25) -> 1.2649572 | E25: =ROUND(D25*10^9,0) -> 1264957221 | F25: =F24+E25 -> 76068597201 | G25: =E25/$E$26 -> 0.016629165 | H25: =F25/$E$26 -> 1
A26: TỔNG CỘNG | D26: =SUM(D5:D25) -> 76.068597 | E26: =SUM(E5:E25) -> 76068597201 | G26: =SUM(G5:G25) -> 1
A28: Ghi chú: giá trị (đồng) làm tròn đến đồng; chênh lệch làm tròn so với giá trị HĐ 76.068.597.000 đ điều chỉnh vào đợt cuối khi quyết toán.
