Workbook

Sheet Chạy
A1: STT | B1: TC | C1: LT | D1: TL | E1: DT | F1: KCt 1 | G1: CDt 1 | H1: KCt 2 | I1: CDt 2 | J1: KC tim | K1: CD tim | L1: KCp 1 | M1: CDp 1 | N1: KCp 2 | O1: CDp 2 | P1: S bao | Q1: S le
A2: 1 | B2: 38 | C2: 672.28 | D2: 4 | E2: 7.69 | F2: -9.78 | G2: -0.62 | H2: 0 | I2: -0.62 | J2: 0 | K2: -0.62 | L2: 0 | M2: -0.62 | N2: 15.79 | O2: -0.62 | P2: 29.74 | Q2: 0
D3: 3 | E3: 7.74 | F3: -9.48 | G3: -0.92 | H3: 0 | I3: -0.92 | J3: 0 | K3: -0.92 | L3: 0 | M3: -0.92 | N3: 16.24 | O3: -0.92
D4: 2 | E4: 7.78 | F4: -9.18 | G4: -1.22 | H4: 0 | I4: -1.22 | J4: 0 | K4: -1.22 | L4: 0 | M4: -1.22 | N4: 16.69 | O4: -1.22
D5: 1 | E5: 6.52 | F5: -8.88 | G5: -1.52 | H5: 0 | I5: -1.52 | J5: 0 | K5: -1.52 | L5: 0 | M5: -1.52 | N5: 17.14 | O5: -1.52
A6: 2 | B6: 39 | C6: 689.28 | D6: 4 | E6: 5.11 | F6: -9.04 | G6: -0.62 | H6: 0 | I6: -0.62 | J6: 0 | K6: -0.62 | L6: 0 | M6: -0.62 | N6: 8.28 | O6: -0.62 | P6: 16.32 | Q6: 0
D7: 3 | E7: 4.93 | F7: -8.74 | G7: -0.92 | H7: 0 | I7: -0.92 | J7: 0 | K7: -0.92 | L7: 0 | M7: -0.92 | N7: 7.98 | O7: -0.92
D8: 2 | E8: 4.75 | F8: -8.44 | G8: -1.22 | H8: 0 | I8: -1.22 | J8: 0 | K8: -1.22 | L8: 0 | M8: -1.22 | N8: 7.68 | O8: -1.22
D9: 1 | E9: 1.54 | F9: -8.14 | G9: -1.52 | H9: 0 | I9: -1.52 | J9: 0 | K9: -1.52 | L9: 0 | M9: -1.52 | N9: 7.38 | O9: -1.52
A10: 3 | B10: F2 | C10: 701.03 | D10: 4 | E10: 0 | P10: 0 | Q10: 0
D11: 3 | E11: 0
D12: 2 | E12: 0
D13: 1 | E13: 0
A14: 4 | B14: 40 | C14: 712.78 | D14: 4 | E14: 5.1 | F14: -9.18 | G14: -0.62 | H14: 0 | I14: -0.62 | J14: 0 | K14: -0.62 | L14: 0 | M14: -0.62 | N14: 8.14 | O14: -0.62 | P14: 16.32 | Q14: 0
D15: 3 | E15: 4.92 | F15: -8.88 | G15: -0.92 | H15: 0 | I15: -0.92 | J15: 0 | K15: -0.92 | L15: 0 | M15: -0.92 | N15: 7.84 | O15: -0.92
D16: 2 | E16: 4.74 | F16: -8.58 | G16: -1.22 | H16: 0 | I16: -1.22 | J16: 0 | K16: -1.22 | L16: 0 | M16: -1.22 | N16: 7.54 | O16: -1.22
D17: 1 | E17: 1.54 | F17: -8.28 | G17: -1.52 | H17: 0 | I17: -1.52 | J17: 0 | K17: -1.52 | L17: 0 | M17: -1.52 | N17: 7.24 | O17: -1.52
A18: 5 | B18: 41 | C18: 729.78 | D18: 4 | E18: 3.66 | F18: -6.25 | G18: -0.62 | H18: 0 | I18: -0.62 | J18: 0 | K18: -0.62 | L18: 0 | M18: -0.62 | N18: 6.25 | O18: -0.62 | P18: 11.5 | Q18: 0
D19: 3 | E19: 3.48 | F19: -5.95 | G19: -0.92 | H19: 0 | I19: -0.92 | J19: 0 | K19: -0.92 | L19: 0 | M19: -0.92 | N19: 5.95 | O19: -0.92
D20: 2 | E20: 3.3 | F20: -5.65 | G20: -1.22 | H20: 0 | I20: -1.22 | J20: 0 | K20: -1.22 | L20: 0 | M20: -1.22 | N20: 5.65 | O20: -1.22
D21: 1 | E21: 1.06 | F21: -5.35 | G21: -1.52 | H21: 0 | I21: -1.52 | J21: 0 | K21: -1.52 | L21: 0 | M21: -1.52 | N21: 5.35 | O21: -1.52
A22: 6 | B22: 42 | C22: 746.82 | D22: 4 | E22: 4.27 | F22: -6.69 | G22: -0.62 | H22: 0 | I22: -0.62 | J22: 0 | K22: -0.62 | L22: 0 | M22: -0.62 | N22: 7.85 | O22: -0.62 | P22: 13.54 | Q22: 0
D23: 3 | E23: 4.09 | F23: -6.39 | G23: -0.92 | H23: 0 | I23: -0.92 | J23: 0 | K23: -0.92 | L23: 0 | M23: -0.92 | N23: 7.55 | O23: -0.92
D24: 2 | E24: 3.91 | F24: -6.09 | G24: -1.22 | H24: 0 | I24: -1.22 | J24: 0 | K24: -1.22 | L24: 0 | M24: -1.22 | N24: 7.25 | O24: -1.22
D25: 1 | E25: 1.26 | F25: -5.79 | G25: -1.52 | H25: 0 | I25: -1.52 | J25: 0 | K25: -1.52 | L25: 0 | M25: -1.52 | N25: 6.95 | O25: -1.52

Sheet 1.KTHH L1
A1: PHỤ LỤC KIỂM TRA CAO ĐỘ, KÍCH THƯỚC HÌNH HỌC ĐẮP CÁT
A2: ="Kèm theo BBNT số: "&VLOOKUP(AZ2,'[1]Tuyến XD4'!$A$2:$G$60,7,0)&VLOOKUP(AZ2,'[1]Tuyến XD4'!$A$2:$G$60,4,0) -> Kèm theo BBNT số: 60.NĐXD4/CVXD ngày 14 tháng 09 năm 2026 | AZ2: 60
A3: Dự án: Xây dựng HTKT Khu tái định cư phục vụ di dân xã Hải Hà, thị xã Nghi Sơn, tỉnh Thanh Hóa.
A4: Gói thầu số 12: Xây dựng HTKT khu vực Hải Bình và Xuân Lâm (bao gồm cả bảo hiểm xây dựng công trình)
A5: Nhà thầu thi công: Công ty TNHH Hoàng Tuấn
A6: Hạng mục: Nền đường tuyến XD4
A7: - Đối tượng nghiệm thu: | G7: =VLOOKUP(AZ2,'[1]Tuyến XD4'!$A$2:$B$60,2,0) -> Đắp cát nền đường lớp 1 đoạn từ Km0+672,28 - Km0+746,82, độ chặt K>=0,95
A8: Sơ họa:
A21: TT | B21: Tên cọc | C21: Lý trình | D21: Bên trái (H1) | J21: Tim (H2) | M21: Bên phải (H3) | S21: Ghi chú
D22: KCTK | E22: KCTC | F22: Chênh KC (m) | G22: CDTK (m) | H22: CDTC (m) | I22: Chênh CD (m) | J22: CDTK (m) | K22: CDTC (m) | L22: Chênh CD (m) | M22: KCTK | N22: KCTC | O22: Chênh KC (m) | P22: CDTK (m) | Q22: CDTC (m) | R22: Chênh CD (m)
A23: 1 | B23: 38 | C23: 672.28 | D23: =+Chạy!F5 -> -8.88 | E23: =+D23+F23 -> -8.8902 | F23: =RANDBETWEEN(-105,115)/10000 -> -0.0102 | G23: =+Chạy!G5 -> -1.52 | H23: =G23+I23 -> -1.447 | I23: =RANDBETWEEN(-30,90)/1000 -> 0.073 | J23: =+Chạy!K5 -> -1.52 | K23: =J23+L23 -> -1.547 | L23: =RANDBETWEEN(-30,90)/1000 -> -0.027 | M23: =+Chạy!N5 -> 17.14 | N23: =+M23+O23 -> 17.1514 | O23: =RANDBETWEEN(-105,115)/10000 -> 0.0114 | P23: =+Chạy!O5 -> -1.52 | Q23: =P23+R23 -> -1.504 | R23: =RANDBETWEEN(-30,90)/1000 -> 0.016 | T23: 17
A24: 2 | B24: 39 | C24: =+C23+T23 -> 689.28 | D24: =+Chạy!F9 -> -8.14 | E24: =+D24+F24 -> -8.1309 | F24: =RANDBETWEEN(-105,115)/10000 -> 0.0091 | G24: =+Chạy!G9 -> -1.52 | H24: =G24+I24 -> -1.512 | I24: =RANDBETWEEN(-30,90)/1000 -> 0.008 | J24: =+Chạy!K9 -> -1.52 | K24: =J24+L24 -> -1.503 | L24: =RANDBETWEEN(-30,90)/1000 -> 0.017 | M24: =+Chạy!N9 -> 7.38 | N24: =+M24+O24 -> 7.3834 | O24: =RANDBETWEEN(-105,115)/10000 -> 0.0034 | P24: =+Chạy!O9 -> -1.52 | Q24: =P24+R24 -> -1.453 | R24: =RANDBETWEEN(-30,90)/1000 -> 0.067 | T24: 11.75
A25: 3 | B25: F2 | C25: =+C24+T24 -> 701.03 | T25: 11.75
A26: 4 | B26: 40 | C26: =+C25+T25 -> 712.78 | D26: =+Chạy!F17 -> -8.28 | E26: =+D26+F26 -> -8.2831 | F26: =RANDBETWEEN(-105,115)/10000 -> -0.0031 | G26: =+Chạy!G17 -> -1.52 | H26: =G26+I26 -> -1.459 | I26: =RANDBETWEEN(-30,90)/1000 -> 0.061 | J26: =+Chạy!K17 -> -1.52 | K26: =J26+L26 -> -1.462 | L26: =RANDBETWEEN(-30,90)/1000 -> 0.058 | M26: =+Chạy!N17 -> 7.24 | N26: =+M26+O26 -> 7.2411 | O26: =RANDBETWEEN(-105,115)/10000 -> 0.0011 | P26: =+Chạy!O17 -> -1.52 | Q26: =P26+R26 -> -1.459 | R26: =RANDBETWEEN(-30,90)/1000 -> 0.061 | T26: 17
A27: 5 | B27: 41 | C27: =+C26+T26 -> 729.78 | D27: =+Chạy!F21 -> -5.35 | E27: =+D27+F27 -> -5.3393 | F27: =RANDBETWEEN(-105,115)/10000 -> 0.0107 | G27: =+Chạy!G21 -> -1.52 | H27: =G27+I27 -> -1.536 | I27: =RANDBETWEEN(-30,90)/1000 -> -0.016 | J27: =+Chạy!K21 -> -1.52 | K27: =J27+L27 -> -1.481 | L27: =RANDBETWEEN(-30,90)/1000 -> 0.039 | M27: =+Chạy!N21 -> 5.35 | N27: =+M27+O27 -> 5.3452 | O27: =RANDBETWEEN(-105,115)/10000 -> -0.0048 | P27: =+Chạy!O21 -> -1.52 | Q27: =P27+R27 -> -1.439 | R27: =RANDBETWEEN(-30,90)/1000 -> 0.081 | T27: 17.04
A28: 6 | B28: 42 | C28: =+C27+T27 -> 746.82 | D28: =+Chạy!F25 -> -5.79 | E28: =+D28+F28 -> -5.7934 | F28: =RANDBETWEEN(-105,115)/10000 -> -0.0034 | G28: =+Chạy!G25 -> -1.52 | H28: =G28+I28 -> -1.483 | I28: =RANDBETWEEN(-30,90)/1000 -> 0.037 | J28: =+Chạy!K25 -> -1.52 | K28: =J28+L28 -> -1.483 | L28: =RANDBETWEEN(-30,90)/1000 -> 0.037 | M28: =+Chạy!N25 -> 6.95 | N28: =+M28+O28 -> 6.9593 | O28: =RANDBETWEEN(-105,115)/10000 -> 0.0093 | P28: =+Chạy!O25 -> -1.52 | Q28: =P28+R28 -> -1.501 | R28: =RANDBETWEEN(-30,90)/1000 -> 0.019
C64: NHÀ THẦU THI CÔNG | O64: TƯ VẤN GIÁM SÁT
C69: Nguyễn Xuân Hưng | O69: Trần Mạnh Tùng

Sheet 1.KL lớp 1
A1: PHỤ LỤC KHỐI LƯỢNG
A2: ="Kèm theo BBNT số: "&VLOOKUP(AZ2,'[1]Tuyến XD4'!$A$2:$G$60,7,0)&VLOOKUP(AZ2,'[1]Tuyến XD4'!$A$2:$G$60,4,0) -> Kèm theo BBNT số: 60.NĐXD4/CVXD ngày 14 tháng 09 năm 2026 | AZ2: 60
A3: Dự án: Xây dựng HTKT Khu tái định cư phục vụ di dân xã Hải Hà, thị xã Nghi Sơn, tỉnh Thanh Hóa.
A4: Gói thầu số 12: Xây dựng HTKT khu vực Hải Bình và Xuân Lâm (bao gồm cả bảo hiểm xây dựng công trình)
A5: Nhà thầu thi công: Công ty TNHH Hoàng Tuấn
A6: Hạng mục: Nền đường tuyến XD4
A7: - Đối tượng nghiệm thu: | D7: =VLOOKUP(AZ2,'[1]Tuyến XD4'!$A$2:$B$60,2,0) -> Đắp cát nền đường lớp 1 đoạn từ Km0+672,28 - Km0+746,82, độ chặt K>=0,95
A9: STT | B9: Tên cọc | C9: Lý trình | D9: K/c lẻ | M9: Khối lượng đắp cát | AB9: Ghi chú
N10: Diện tích | O10: Diện tích (m2) | P10: Diện tích | Q10: Diện tích | U10: Khối lượng | V10: Khối lượng | W10: Khối lượng (m3) | X10: Khối lượng | Y10: Khối lượng
A11: 1 | B11: ='1.KTHH L1'!B23 -> 38 | C11: ='1.KTHH L1'!C23 -> 672.28 | D11: ='1.KTHH L1'!T23 -> 17 | O11: =Chạy!E5 -> 6.52 | W11: =(O11+O12)*D11/2 -> 68.51
A12: 2 | B12: ='1.KTHH L1'!B24 -> 39 | C12: ='1.KTHH L1'!C24 -> 689.28 | D12: ='1.KTHH L1'!T24 -> 11.75 | O12: =Chạy!E9 -> 1.54 | W12: =(O12+O13)*D12/2 -> 9.0475
A13: 3 | B13: ='1.KTHH L1'!B25 -> F2 | C13: ='1.KTHH L1'!C25 -> 701.03 | D13: ='1.KTHH L1'!T25 -> 11.75 | W13: =(O13+O14)*D13/2 -> 9.0475
A14: 4 | B14: ='1.KTHH L1'!B26 -> 40 | C14: ='1.KTHH L1'!C26 -> 712.78 | D14: ='1.KTHH L1'!T26 -> 17 | O14: =Chạy!E17 -> 1.54 | W14: =(O14+O15)*D14/2 -> 22.1
A15: 5 | B15: ='1.KTHH L1'!B27 -> 41 | C15: ='1.KTHH L1'!C27 -> 729.78 | D15: ='1.KTHH L1'!T27 -> 17.04 | O15: =Chạy!E21 -> 1.06 | W15: =(O15+O16)*D15/2 -> 19.7664
A16: 6 | B16: ='1.KTHH L1'!B28 -> 42 | C16: ='1.KTHH L1'!C28 -> 746.82 | O16: =Chạy!E25 -> 1.26
A51: Tổng cộng (m3) | R51: =SUM(R11:R50) -> 0 | S51: =SUM(S11:S50) -> 0 | U51: =SUM(U11:U50) -> 0 | V51: =SUM(V11:V50) -> 0 | W51: =SUM(W11:W16) -> 128.4714 | X51: =SUM(X11:X50) -> 0 | Y51: =SUM(Y11:Y50) -> 0 | Z51: =SUM(Z11:Z50) -> 0 | AA51: =SUM(AA11:AA50) -> 0
A53: NHÀ THẦU THI CÔNG | E53: TƯ VẤN GIÁM SÁT
A59: Nguyễn Xuân Hưng | M59: Trần Mạnh Tùng

Sheet 2.KTHH L2
A1: PHỤ LỤC KIỂM TRA CAO ĐỘ, KÍCH THƯỚC HÌNH HỌC ĐẮP CÁT
A2: ="Kèm theo BBNT số: "&VLOOKUP(AZ2,'[1]Tuyến XD4'!$A$2:$G$60,7,0)&VLOOKUP(AZ2,'[1]Tuyến XD4'!$A$2:$G$60,4,0) -> Kèm theo BBNT số: 61.NĐXD4/CVXD ngày 15 tháng 09 năm 2026 | AZ2: 61
A3: Dự án: Xây dựng HTKT Khu tái định cư phục vụ di dân xã Hải Hà, thị xã Nghi Sơn, tỉnh Thanh Hóa.
A4: Gói thầu số 12: Xây dựng HTKT khu vực Hải Bình và Xuân Lâm (bao gồm cả bảo hiểm xây dựng công trình)
A5: Nhà thầu thi công: Công ty TNHH Hoàng Tuấn
A6: Hạng mục: Nền đường tuyến XD4
A7: - Đối tượng nghiệm thu: | G7: =VLOOKUP(AZ2,'[1]Tuyến XD4'!$A$2:$B$60,2,0) -> Đắp cát nền đường lớp 2 đoạn từ Km0+672,28 - Km0+746,82, độ chặt K>=0,95
A8: Sơ họa:
A21: TT | B21: Tên cọc | C21: Lý trình | D21: Bên trái (H1) | J21: Tim (H2) | M21: Bên phải (H3) | S21: Ghi chú
D22: KCTK | E22: KCTC | F22: Chênh KC (m) | G22: CDTK (m) | H22: CDTC (m) | I22: Chênh CD (m) | J22: CDTK (m) | K22: CDTC (m) | L22: Chênh CD (m) | M22: KCTK | N22: KCTC | O22: Chênh KC (m) | P22: CDTK (m) | Q22: CDTC (m) | R22: Chênh CD (m)
A23: 1 | B23: 38 | C23: 672.28 | D23: =+Chạy!F4 -> -9.18 | E23: =+D23+F23 -> -9.1781 | F23: =RANDBETWEEN(-105,115)/10000 -> 0.0019 | G23: =+Chạy!G4 -> -1.22 | H23: =G23+I23 -> -1.147 | I23: =RANDBETWEEN(-30,90)/1000 -> 0.073 | J23: =+Chạy!K4 -> -1.22 | K23: =J23+L23 -> -1.139 | L23: =RANDBETWEEN(-30,90)/1000 -> 0.081 | M23: =+Chạy!N4 -> 16.69 | N23: =+M23+O23 -> 16.6969 | O23: =RANDBETWEEN(-105,115)/10000 -> 0.0069 | P23: =+Chạy!O4 -> -1.22 | Q23: =P23+R23 -> -1.139 | R23: =RANDBETWEEN(-30,90)/1000 -> 0.081 | T23: 17
A24: 2 | B24: 39 | C24: =+C23+T23 -> 689.28 | D24: =+Chạy!F8 -> -8.44 | E24: =+D24+F24 -> -8.4366 | F24: =RANDBETWEEN(-105,115)/10000 -> 0.0034 | G24: =+Chạy!G8 -> -1.22 | H24: =G24+I24 -> -1.218 | I24: =RANDBETWEEN(-30,90)/1000 -> 0.002 | J24: =+Chạy!K8 -> -1.22 | K24: =J24+L24 -> -1.218 | L24: =RANDBETWEEN(-30,90)/1000 -> 0.002 | M24: =+Chạy!N8 -> 7.68 | N24: =+M24+O24 -> 7.6798 | O24: =RANDBETWEEN(-105,115)/10000 -> -0.0002 | P24: =+Chạy!O8 -> -1.22 | Q24: =P24+R24 -> -1.245 | R24: =RANDBETWEEN(-30,90)/1000 -> -0.025 | T24: 11.75
A25: 3 | B25: F2 | C25: =+C24+T24 -> 701.03 | T25: 11.75
A26: 4 | B26: 40 | C26: =+C25+T25 -> 712.78 | D26: =+Chạy!F16 -> -8.58 | E26: =+D26+F26 -> -8.5768 | F26: =RANDBETWEEN(-105,115)/10000 -> 0.0032 | G26: =+Chạy!G16 -> -1.22 | H26: =G26+I26 -> -1.188 | I26: =RANDBETWEEN(-30,90)/1000 -> 0.032 | J26: =+Chạy!K16 -> -1.22 | K26: =J26+L26 -> -1.187 | L26: =RANDBETWEEN(-30,90)/1000 -> 0.033 | M26: =+Chạy!N16 -> 7.54 | N26: =+M26+O26 -> 7.5322 | O26: =RANDBETWEEN(-105,115)/10000 -> -0.0078 | P26: =+Chạy!O16 -> -1.22 | Q26: =P26+R26 -> -1.232 | R26: =RANDBETWEEN(-30,90)/1000 -> -0.012 | T26: 17
A27: 5 | B27: 41 | C27: =+C26+T26 -> 729.78 | D27: =+Chạy!F20 -> -5.65 | E27: =+D27+F27 -> -5.6583 | F27: =RANDBETWEEN(-105,115)/10000 -> -0.0083 | G27: =+Chạy!G20 -> -1.22 | H27: =G27+I27 -> -1.13 | I27: =RANDBETWEEN(-30,90)/1000 -> 0.09 | J27: =+Chạy!K20 -> -1.22 | K27: =J27+L27 -> -1.248 | L27: =RANDBETWEEN(-30,90)/1000 -> -0.028 | M27: =+Chạy!N20 -> 5.65 | N27: =+M27+O27 -> 5.652 | O27: =RANDBETWEEN(-105,115)/10000 -> 0.002 | P27: =+Chạy!O20 -> -1.22 | Q27: =P27+R27 -> -1.171 | R27: =RANDBETWEEN(-30,90)/1000 -> 0.049 | T27: 17.04
A28: 6 | B28: 42 | C28: =+C27+T27 -> 746.82 | D28: =+Chạy!F24 -> -6.09 | E28: =+D28+F28 -> -6.0847 | F28: =RANDBETWEEN(-105,115)/10000 -> 0.0053 | G28: =+Chạy!G24 -> -1.22 | H28: =G28+I28 -> -1.163 | I28: =RANDBETWEEN(-30,90)/1000 -> 0.057 | J28: =+Chạy!K24 -> -1.22 | K28: =J28+L28 -> -1.237 | L28: =RANDBETWEEN(-30,90)/1000 -> -0.017 | M28: =+Chạy!N24 -> 7.25 | N28: =+M28+O28 -> 7.2459 | O28: =RANDBETWEEN(-105,115)/10000 -> -0.0041 | P28: =+Chạy!O24 -> -1.22 | Q28: =P28+R28 -> -1.172 | R28: =RANDBETWEEN(-30,90)/1000 -> 0.048
C64: NHÀ THẦU THI CÔNG | O64: TƯ VẤN GIÁM SÁT
C69: Nguyễn Xuân Hưng | O69: Trần Mạnh Tùng

Sheet 2.KL lớp 2
A1: PHỤ LỤC KHỐI LƯỢNG
A2: ="Kèm theo BBNT số: "&VLOOKUP(AZ2,'[1]Tuyến XD4'!$A$2:$G$60,7,0)&VLOOKUP(AZ2,'[1]Tuyến XD4'!$A$2:$G$60,4,0) -> Kèm theo BBNT số: 61.NĐXD4/CVXD ngày 15 tháng 09 năm 2026 | AZ2: 61
A3: Dự án: Xây dựng HTKT Khu tái định cư phục vụ di dân xã Hải Hà, thị xã Nghi Sơn, tỉnh Thanh Hóa.
A4: Gói thầu số 12: Xây dựng HTKT khu vực Hải Bình và Xuân Lâm (bao gồm cả bảo hiểm xây dựng công trình)
A5: Nhà thầu thi công: Công ty TNHH Hoàng Tuấn
A6: Hạng mục: Nền đường tuyến XD4
A7: - Đối tượng nghiệm thu: | D7: =VLOOKUP(AZ2,'[1]Tuyến XD4'!$A$2:$B$60,2,0) -> Đắp cát nền đường lớp 2 đoạn từ Km0+672,28 - Km0+746,82, độ chặt K>=0,95
A9: STT | B9: Tên cọc | C9: Lý trình | D9: K/c lẻ | M9: Khối lượng đắp cát | AB9: Ghi chú
N10: Diện tích | O10: Diện tích (m2) | P10: Diện tích | Q10: Diện tích | U10: Khối lượng | V10: Khối lượng | W10: Khối lượng (m3) | X10: Khối lượng | Y10: Khối lượng
A11: 1 | B11: ='2.KTHH L2'!B23 -> 38 | C11: ='2.KTHH L2'!C23 -> 672.28 | D11: ='2.KTHH L2'!T23 -> 17 | O11: =Chạy!E4 -> 7.78 | W11: =(O11+O12)*D11/2 -> 106.505
A12: 2 | B12: ='2.KTHH L2'!B24 -> 39 | C12: ='2.KTHH L2'!C24 -> 689.28 | D12: ='2.KTHH L2'!T24 -> 11.75 | O12: =Chạy!E8 -> 4.75 | W12: =(O12+O13)*D12/2 -> 27.90625
A13: 3 | B13: ='2.KTHH L2'!B25 -> F2 | C13: ='2.KTHH L2'!C25 -> 701.03 | D13: ='2.KTHH L2'!T25 -> 11.75 | W13: =(O13+O14)*D13/2 -> 27.8475
A14: 4 | B14: ='2.KTHH L2'!B26 -> 40 | C14: ='2.KTHH L2'!C26 -> 712.78 | D14: ='2.KTHH L2'!T26 -> 17 | O14: =Chạy!E16 -> 4.74 | W14: =(O14+O15)*D14/2 -> 68.34
A15: 5 | B15: ='2.KTHH L2'!B27 -> 41 | C15: ='2.KTHH L2'!C27 -> 729.78 | D15: ='2.KTHH L2'!T27 -> 17.04 | O15: =Chạy!E20 -> 3.3 | W15: =(O15+O16)*D15/2 -> 61.4292
A16: 6 | B16: ='2.KTHH L2'!B28 -> 42 | C16: ='2.KTHH L2'!C28 -> 746.82 | O16: =Chạy!E24 -> 3.91
A51: Tổng cộng (m3) | R51: =SUM(R11:R50) -> 0 | S51: =SUM(S11:S50) -> 0 | U51: =SUM(U11:U50) -> 0 | V51: =SUM(V11:V50) -> 0 | W51: =SUM(W11:W16) -> 292.02795 | X51: =SUM(X11:X50) -> 0 | Y51: =SUM(Y11:Y50) -> 0 | Z51: =SUM(Z11:Z50) -> 0 | AA51: =SUM(AA11:AA50) -> 0
A53: NHÀ THẦU THI CÔNG | E53: TƯ VẤN GIÁM SÁT
A59: Nguyễn Xuân Hưng | M59: Trần Mạnh Tùng

Sheet 3.KTHH L3
A1: PHỤ LỤC KIỂM TRA CAO ĐỘ, KÍCH THƯỚC HÌNH HỌC ĐẮP CÁT
A2: ="Kèm theo BBNT số: "&VLOOKUP(AZ2,'[1]Tuyến XD4'!$A$2:$G$60,7,0)&VLOOKUP(AZ2,'[1]Tuyến XD4'!$A$2:$G$60,4,0) -> Kèm theo BBNT số: 62.NĐXD4/CVXD ngày 15 tháng 09 năm 2026 | AZ2: 62
A3: Dự án: Xây dựng HTKT Khu tái định cư phục vụ di dân xã Hải Hà, thị xã Nghi Sơn, tỉnh Thanh Hóa.
A4: Gói thầu số 12: Xây dựng HTKT khu vực Hải Bình và Xuân Lâm (bao gồm cả bảo hiểm xây dựng công trình)
A5: Nhà thầu thi công: Công ty TNHH Hoàng Tuấn
A6: Hạng mục: Nền đường tuyến XD4
A7: - Đối tượng nghiệm thu: | G7: =VLOOKUP(AZ2,'[1]Tuyến XD4'!$A$2:$B$60,2,0) -> Đắp cát nền đường lớp 3 đoạn từ Km0+672,28 - Km0+746,82, độ chặt K>=0,95
A8: Sơ họa:
A20: TT | B20: Tên cọc | C20: Lý trình | D20: Bên trái (H1) | J20: Tim (H2) | M20: Bên phải (H3) | S20: Ghi chú
D21: KCTK | E21: KCTC | F21: Chênh KC (m) | G21: CDTK (m) | H21: CDTC (m) | I21: Chênh CD (m) | J21: CDTK (m) | K21: CDTC (m) | L21: Chênh CD (m) | M21: KCTK | N21: KCTC | O21: Chênh KC (m) | P21: CDTK (m) | Q21: CDTC (m) | R21: Chênh CD (m)
A22: 1 | B22: 38 | C22: 672.28 | D22: =+Chạy!F3 -> -9.48 | E22: =+D22+F22 -> -9.4901 | F22: =RANDBETWEEN(-105,115)/10000 -> -0.0101 | G22: =+Chạy!G3 -> -0.92 | H22: =G22+I22 -> -0.832 | I22: =RANDBETWEEN(-30,90)/1000 -> 0.088 | J22: =+Chạy!K3 -> -0.92 | K22: =J22+L22 -> -0.832 | L22: =RANDBETWEEN(-30,90)/1000 -> 0.088 | M22: =+Chạy!N3 -> 16.24 | N22: =+M22+O22 -> 16.2494 | O22: =RANDBETWEEN(-105,115)/10000 -> 0.0094 | P22: =+Chạy!O3 -> -0.92 | Q22: =P22+R22 -> -0.893 | R22: =RANDBETWEEN(-30,90)/1000 -> 0.027 | T22: 17
A23: 2 | B23: 39 | C23: =+C22+T22 -> 689.28 | D23: =+Chạy!F7 -> -8.74 | E23: =+D23+F23 -> -8.7447 | F23: =RANDBETWEEN(-105,115)/10000 -> -0.0047 | G23: =+Chạy!G7 -> -0.92 | H23: =G23+I23 -> -0.928 | I23: =RANDBETWEEN(-30,90)/1000 -> -0.008 | J23: =+Chạy!K7 -> -0.92 | K23: =J23+L23 -> -0.946 | L23: =RANDBETWEEN(-30,90)/1000 -> -0.026 | M23: =+Chạy!N7 -> 7.98 | N23: =+M23+O23 -> 7.9902 | O23: =RANDBETWEEN(-105,115)/10000 -> 0.0102 | P23: =+Chạy!O7 -> -0.92 | Q23: =P23+R23 -> -0.939 | R23: =RANDBETWEEN(-30,90)/1000 -> -0.019 | T23: 11.75
A24: 3 | B24: F2 | C24: =+C23+T23 -> 701.03 | T24: 11.75
A25: 4 | B25: 40 | C25: =+C24+T24 -> 712.78 | D25: =+Chạy!F15 -> -8.88 | E25: =+D25+F25 -> -8.8886 | F25: =RANDBETWEEN(-105,115)/10000 -> -0.0086 | G25: =+Chạy!G15 -> -0.92 | H25: =G25+I25 -> -0.89 | I25: =RANDBETWEEN(-30,90)/1000 -> 0.03 | J25: =+Chạy!K15 -> -0.92 | K25: =J25+L25 -> -0.883 | L25: =RANDBETWEEN(-30,90)/1000 -> 0.037 | M25: =+Chạy!N15 -> 7.84 | N25: =+M25+O25 -> 7.8313 | O25: =RANDBETWEEN(-105,115)/10000 -> -0.0087 | P25: =+Chạy!O15 -> -0.92 | Q25: =P25+R25 -> -0.874 | R25: =RANDBETWEEN(-30,90)/1000 -> 0.046 | T25: 17
A26: 5 | B26: 41 | C26: =+C25+T25 -> 729.78 | D26: =+Chạy!F19 -> -5.95 | E26: =+D26+F26 -> -5.9559 | F26: =RANDBETWEEN(-105,115)/10000 -> -0.0059 | G26: =+Chạy!G19 -> -0.92 | H26: =G26+I26 -> -0.847 | I26: =RANDBETWEEN(-30,90)/1000 -> 0.073 | J26: =+Chạy!K19 -> -0.92 | K26: =J26+L26 -> -0.84 | L26: =RANDBETWEEN(-30,90)/1000 -> 0.08 | M26: =+Chạy!N19 -> 5.95 | N26: =+M26+O26 -> 5.9602 | O26: =RANDBETWEEN(-105,115)/10000 -> 0.0102 | P26: =+Chạy!O19 -> -0.92 | Q26: =P26+R26 -> -0.854 | R26: =RANDBETWEEN(-30,90)/1000 -> 0.066 | T26: 17.04
A27: 6 | B27: 42 | C27: =+C26+T26 -> 746.82 | D27: =+Chạy!F23 -> -6.39 | E27: =+D27+F27 -> -6.3809 | F27: =RANDBETWEEN(-105,115)/10000 -> 0.0091 | G27: =+Chạy!G23 -> -0.92 | H27: =G27+I27 -> -0.865 | I27: =RANDBETWEEN(-30,90)/1000 -> 0.055 | J27: =+Chạy!K23 -> -0.92 | K27: =J27+L27 -> -0.866 | L27: =RANDBETWEEN(-30,90)/1000 -> 0.054 | M27: =+Chạy!N23 -> 7.55 | N27: =+M27+O27 -> 7.5589 | O27: =RANDBETWEEN(-105,115)/10000 -> 0.0089 | P27: =+Chạy!O23 -> -0.92 | Q27: =P27+R27 -> -0.853 | R27: =RANDBETWEEN(-30,90)/1000 -> 0.067
C48: NHÀ THẦU THI CÔNG | O48: TƯ VẤN GIÁM SÁT
C53: Nguyễn Xuân Hưng | O53: Trần Mạnh Tùng

Sheet 3.KL lớp 3
A1: PHỤ LỤC KHỐI LƯỢNG
A2: ="Kèm theo BBNT số: "&VLOOKUP(AZ2,'[1]Tuyến XD4'!$A$2:$G$60,7,0)&VLOOKUP(AZ2,'[1]Tuyến XD4'!$A$2:$G$60,4,0) -> Kèm theo BBNT số: 62.NĐXD4/CVXD ngày 15 tháng 09 năm 2026 | AZ2: 62
A3: Dự án: Xây dựng HTKT Khu tái định cư phục vụ di dân xã Hải Hà, thị xã Nghi Sơn, tỉnh Thanh Hóa.
A4: Gói thầu số 12: Xây dựng HTKT khu vực Hải Bình và Xuân Lâm (bao gồm cả bảo hiểm xây dựng công trình)
A5: Nhà thầu thi công: Công ty TNHH Hoàng Tuấn
A6: Hạng mục: Nền đường tuyến XD4
A7: - Đối tượng nghiệm thu: | D7: =VLOOKUP(AZ2,'[1]Tuyến XD4'!$A$2:$B$60,2,0) -> Đắp cát nền đường lớp 3 đoạn từ Km0+672,28 - Km0+746,82, độ chặt K>=0,95
A9: STT | B9: Tên cọc | C9: Lý trình | D9: K/c lẻ | M9: Khối lượng đắp cát | AB9: Ghi chú
N10: Diện tích | O10: Diện tích (m2) | P10: Diện tích | Q10: Diện tích | U10: Khối lượng | V10: Khối lượng | W10: Khối lượng (m3) | X10: Khối lượng | Y10: Khối lượng
A11: 1 | B11: ='3.KTHH L3'!B22 -> 38 | C11: ='3.KTHH L3'!C22 -> 672.28 | D11: ='3.KTHH L3'!T22 -> 17 | O11: =Chạy!E3 -> 7.74 | W11: =(O11+O12)*D11/2 -> 107.695
A12: 2 | B12: ='3.KTHH L3'!B23 -> 39 | C12: ='3.KTHH L3'!C23 -> 689.28 | D12: ='3.KTHH L3'!T23 -> 11.75 | O12: =Chạy!E7 -> 4.93 | W12: =(O12+O13)*D12/2 -> 28.96375
A13: 3 | B13: ='3.KTHH L3'!B24 -> F2 | C13: ='3.KTHH L3'!C24 -> 701.03 | D13: ='3.KTHH L3'!T24 -> 11.75 | W13: =(O13+O14)*D13/2 -> 28.905
A14: 4 | B14: ='3.KTHH L3'!B25 -> 40 | C14: ='3.KTHH L3'!C25 -> 712.78 | D14: ='3.KTHH L3'!T25 -> 17 | O14: =Chạy!E15 -> 4.92 | W14: =(O14+O15)*D14/2 -> 71.4
A15: 5 | B15: ='3.KTHH L3'!B26 -> 41 | C15: ='3.KTHH L3'!C26 -> 729.78 | D15: ='3.KTHH L3'!T26 -> 17.04 | O15: =Chạy!E19 -> 3.48 | W15: =(O15+O16)*D15/2 -> 64.4964
A16: 6 | B16: ='3.KTHH L3'!B27 -> 42 | C16: ='3.KTHH L3'!C27 -> 746.82 | O16: =Chạy!E23 -> 4.09
A36: Tổng cộng (m3) | R36: =SUM(R11:R30) -> 0 | S36: =SUM(S11:S30) -> 0 | U36: =SUM(U11:U30) -> 0 | V36: =SUM(V11:V30) -> 0 | W36: =SUM(W11:W16) -> 301.46015 | X36: =SUM(X11:X30) -> 0 | Y36: =SUM(Y11:Y30) -> 0 | Z36: =SUM(Z11:Z30) -> 0 | AA36: =SUM(AA11:AA30) -> 0
A38: NHÀ THẦU THI CÔNG | E38: TƯ VẤN GIÁM SÁT
A44: Nguyễn Xuân Hưng | M44: Trần Mạnh Tùng

Sheet 4.KTHH L4
A1: PHỤ LỤC KIỂM TRA CAO ĐỘ, KÍCH THƯỚC HÌNH HỌC ĐẮP CÁT
A2: ="Kèm theo BBNT số: "&VLOOKUP(AZ2,'[1]Tuyến XD4'!$A$2:$G$60,7,0)&VLOOKUP(AZ2,'[1]Tuyến XD4'!$A$2:$G$60,4,0) -> Kèm theo BBNT số: 63.NĐXD4/CVXD ngày 16 tháng 09 năm 2026 | AZ2: 63
A3: Dự án: Xây dựng HTKT Khu tái định cư phục vụ di dân xã Hải Hà, thị xã Nghi Sơn, tỉnh Thanh Hóa.
A4: Gói thầu số 12: Xây dựng HTKT khu vực Hải Bình và Xuân Lâm (bao gồm cả bảo hiểm xây dựng công trình)
A5: Nhà thầu thi công: Công ty TNHH Hoàng Tuấn
A6: Hạng mục: Nền đường tuyến XD4
A7: - Đối tượng nghiệm thu: | G7: =VLOOKUP(AZ2,'[1]Tuyến XD4'!$A$2:$B$60,2,0) -> Đắp cát nền đường lớp 4 đoạn từ Km0+672,28 - Km0+746,82, độ chặt K>=0,95
A8: Sơ họa:
A21: TT | B21: Tên cọc | C21: Lý trình | D21: Bên trái (H1) | J21: Tim (H2) | M21: Bên phải (H3) | S21: Ghi chú
D22: KCTK | E22: KCTC | F22: Chênh KC (m) | G22: CDTK (m) | H22: CDTC (m) | I22: Chênh CD (m) | J22: CDTK (m) | K22: CDTC (m) | L22: Chênh CD (m) | M22: KCTK | N22: KCTC | O22: Chênh KC (m) | P22: CDTK (m) | Q22: CDTC (m) | R22: Chênh CD (m)
A23: 1 | B23: 38 | C23: 672.28 | D23: =+Chạy!F2 -> -9.78 | E23: =+D23+F23 -> -9.775 | F23: =RANDBETWEEN(-105,115)/10000 -> 0.005 | G23: =+Chạy!G2 -> -0.62 | H23: =G23+I23 -> -0.607 | I23: =RANDBETWEEN(-30,90)/1000 -> 0.013 | J23: =+Chạy!K2 -> -0.62 | K23: =J23+L23 -> -0.531 | L23: =RANDBETWEEN(-30,90)/1000 -> 0.089 | M23: =+Chạy!N2 -> 15.79 | N23: =+M23+O23 -> 15.7816 | O23: =RANDBETWEEN(-105,115)/10000 -> -0.0084 | P23: =+Chạy!O2 -> -0.62 | Q23: =P23+R23 -> -0.639 | R23: =RANDBETWEEN(-30,90)/1000 -> -0.019 | T23: 17
A24: 2 | B24: 39 | C24: =+C23+T23 -> 689.28 | D24: =+Chạy!F6 -> -9.04 | E24: =+D24+F24 -> -9.0389 | F24: =RANDBETWEEN(-105,115)/10000 -> 0.0011 | G24: =+Chạy!G6 -> -0.62 | H24: =G24+I24 -> -0.62 | I24: =RANDBETWEEN(-30,90)/1000 -> 0 | J24: =+Chạy!K6 -> -0.62 | K24: =J24+L24 -> -0.557 | L24: =RANDBETWEEN(-30,90)/1000 -> 0.063 | M24: =+Chạy!N6 -> 8.28 | N24: =+M24+O24 -> 8.2881 | O24: =RANDBETWEEN(-105,115)/10000 -> 0.0081 | P24: =+Chạy!O6 -> -0.62 | Q24: =P24+R24 -> -0.549 | R24: =RANDBETWEEN(-30,90)/1000 -> 0.071 | T24: 11.75
A25: 3 | B25: F2 | C25: =+C24+T24 -> 701.03 | T25: 11.75
A26: 4 | B26: 40 | C26: =+C25+T25 -> 712.78 | D26: =+Chạy!F14 -> -9.18 | E26: =+D26+F26 -> -9.1697 | F26: =RANDBETWEEN(-105,115)/10000 -> 0.0103 | G26: =+Chạy!G14 -> -0.62 | H26: =G26+I26 -> -0.606 | I26: =RANDBETWEEN(-30,90)/1000 -> 0.014 | J26: =+Chạy!K14 -> -0.62 | K26: =J26+L26 -> -0.603 | L26: =RANDBETWEEN(-30,90)/1000 -> 0.017 | M26: =+Chạy!N14 -> 8.14 | N26: =+M26+O26 -> 8.1439 | O26: =RANDBETWEEN(-105,115)/10000 -> 0.0039 | P26: =+Chạy!O14 -> -0.62 | Q26: =P26+R26 -> -0.632 | R26: =RANDBETWEEN(-30,90)/1000 -> -0.012 | T26: 17
A27: 5 | B27: 41 | C27: =+C26+T26 -> 729.78 | D27: =+Chạy!F18 -> -6.25 | E27: =+D27+F27 -> -6.2565 | F27: =RANDBETWEEN(-105,115)/10000 -> -0.0065 | G27: =+Chạy!G18 -> -0.62 | H27: =G27+I27 -> -0.617 | I27: =RANDBETWEEN(-30,90)/1000 -> 0.003 | J27: =+Chạy!K18 -> -0.62 | K27: =J27+L27 -> -0.58 | L27: =RANDBETWEEN(-30,90)/1000 -> 0.04 | M27: =+Chạy!N18 -> 6.25 | N27: =+M27+O27 -> 6.2554 | O27: =RANDBETWEEN(-105,115)/10000 -> 0.0054 | P27: =+Chạy!O18 -> -0.62 | Q27: =P27+R27 -> -0.633 | R27: =RANDBETWEEN(-30,90)/1000 -> -0.013 | T27: 17.04
A28: 6 | B28: 42 | C28: =+C27+T27 -> 746.82 | D28: =+Chạy!F22 -> -6.69 | E28: =+D28+F28 -> -6.6962 | F28: =RANDBETWEEN(-105,115)/10000 -> -0.0062 | G28: =+Chạy!G22 -> -0.62 | H28: =G28+I28 -> -0.556 | I28: =RANDBETWEEN(-30,90)/1000 -> 0.064 | J28: =+Chạy!K22 -> -0.62 | K28: =J28+L28 -> -0.595 | L28: =RANDBETWEEN(-30,90)/1000 -> 0.025 | M28: =+Chạy!N22 -> 7.85 | N28: =+M28+O28 -> 7.8541 | O28: =RANDBETWEEN(-105,115)/10000 -> 0.0041 | P28: =+Chạy!O22 -> -0.62 | Q28: =P28+R28 -> -0.557 | R28: =RANDBETWEEN(-30,90)/1000 -> 0.063
C49: NHÀ THẦU THI CÔNG | O49: TƯ VẤN GIÁM SÁT
C54: Nguyễn Xuân Hưng | O54: Trần Mạnh Tùng

Sheet 4.KL lớp 4
A1: PHỤ LỤC KHỐI LƯỢNG
A2: ="Kèm theo BBNT số: "&VLOOKUP(AZ2,'[1]Tuyến XD4'!$A$2:$G$60,7,0)&VLOOKUP(AZ2,'[1]Tuyến XD4'!$A$2:$G$60,4,0) -> Kèm theo BBNT số: 63.NĐXD4/CVXD ngày 16 tháng 09 năm 2026 | AZ2: 63
A3: Dự án: Xây dựng HTKT Khu tái định cư phục vụ di dân xã Hải Hà, thị xã Nghi Sơn, tỉnh Thanh Hóa.
A4: Gói thầu số 12: Xây dựng HTKT khu vực Hải Bình và Xuân Lâm (bao gồm cả bảo hiểm xây dựng công trình)
A5: Nhà thầu thi công: Công ty TNHH Hoàng Tuấn
A6: Hạng mục: Nền đường tuyến XD4
A7: - Đối tượng nghiệm thu: | D7: =VLOOKUP(AZ2,'[1]Tuyến XD4'!$A$2:$B$60,2,0) -> Đắp cát nền đường lớp 4 đoạn từ Km0+672,28 - Km0+746,82, độ chặt K>=0,95
A9: STT | B9: Tên cọc | C9: Lý trình | D9: K/c lẻ | M9: Khối lượng đắp cát | AB9: Ghi chú
N10: Diện tích | O10: Diện tích (m2) | P10: Diện tích | Q10: Diện tích | U10: Khối lượng | V10: Khối lượng | W10: Khối lượng (m3) | X10: Khối lượng | Y10: Khối lượng
A11: 1 | B11: ='4.KTHH L4'!B23 -> 38 | C11: ='4.KTHH L4'!C23 -> 672.28 | D11: ='4.KTHH L4'!T23 -> 17 | O11: =Chạy!E2 -> 7.69 | W11: =(O11+O12)*D11/2 -> 108.8
A12: 2 | B12: ='4.KTHH L4'!B24 -> 39 | C12: ='4.KTHH L4'!C24 -> 689.28 | D12: ='4.KTHH L4'!T24 -> 11.75 | O12: =Chạy!E6 -> 5.11 | W12: =(O12+O13)*D12/2 -> 30.02125
A13: 3 | B13: ='4.KTHH L4'!B25 -> F2 | C13: ='4.KTHH L4'!C25 -> 701.03 | D13: ='4.KTHH L4'!T25 -> 11.75 | W13: =(O13+O14)*D13/2 -> 29.9625
A14: 4 | B14: ='4.KTHH L4'!B26 -> 40 | C14: ='4.KTHH L4'!C26 -> 712.78 | D14: ='4.KTHH L4'!T26 -> 17 | O14: =Chạy!E14 -> 5.1 | W14: =(O14+O15)*D14/2 -> 74.46
A15: 5 | B15: ='4.KTHH L4'!B27 -> 41 | C15: ='4.KTHH L4'!C27 -> 729.78 | D15: ='4.KTHH L4'!T27 -> 17.04 | O15: =Chạy!E18 -> 3.66 | W15: =(O15+O16)*D15/2 -> 67.5636
A16: 6 | B16: ='4.KTHH L4'!B28 -> 42 | C16: ='4.KTHH L4'!C28 -> 746.82 | O16: =Chạy!E22 -> 4.27
A36: Tổng cộng (m3) | R36: =SUM(R11:R30) -> 0 | S36: =SUM(S11:S30) -> 0 | U36: =SUM(U11:U30) -> 0 | V36: =SUM(V11:V30) -> 0 | W36: =SUM(W11:W16) -> 310.80735 | X36: =SUM(X11:X30) -> 0 | Y36: =SUM(Y11:Y30) -> 0 | Z36: =SUM(Z11:Z30) -> 0 | AA36: =SUM(AA11:AA30) -> 0
A38: NHÀ THẦU THI CÔNG | E38: TƯ VẤN GIÁM SÁT
A44: Nguyễn Xuân Hưng | M44: Trần Mạnh Tùng
