Workbook

Sheet KTHH Lớp 1
A1: PHỤ LỤC KIỂM TRA CAO ĐỘ, KÍCH THƯỚC HÌNH HỌC
A2: Kèm theo BBNT số: 17.NĐXD8/CVXD ngày 24 tháng 08 năm 2026
A3: Dự án: Xây dựng HTKT Khu tái định cư phục vụ di dân xã Hải Hà, thị xã Nghi Sơn, tỉnh Thanh Hóa.
A4: Gói thầu số 12: Xây dựng HTKT khu vực Hải Bình và Xuân Lâm (bao gồm cả bảo hiểm xây dựng công trình)
A5: Nhà thầu thi công: Công ty TNHH Hoàng Tuấn
A6: Hạng mục: Móng đường tuyến XD8
A7: - Đối tượng nghiệm thu: | G7: Đắp đất nền đường lớp 1, độ chặt K>=0,98 đoạn từ Km0+211,00 - Km0+737,36
A8: Sơ họa:
A21: TT | B21: Tên cọc | C21: Lý trình | D21: Bên trái (H1) | J21: Tim (H2) | M21: Bên phải (H3) | S21: Ghi chú | W21: CĐ đỉnh K95 tại tim (từ CAD)
D22: KCTK | E22: KCTC | F22: Chênh KC (m) | G22: CDTK (m) | H22: CDTC (m) | I22: Chênh CD (m) | J22: CDTK (m) | K22: CDTC (m) | L22: Chênh CD (m) | M22: KCTK | N22: KCTC | O22: Chênh KC (m) | P22: CDTK (m) | Q22: CDTC (m) | R22: Chênh CD (m)
A23: 1 | B23: B4 | C23: 211 | D23: -5.25 | E23: =+D23+F23 -> -5.2485 | F23: =RANDBETWEEN(-105,115)/10000 -> 0.0015 | G23: =J23-4.95*2%-0.3*6% -> 2.3 | H23: =G23+I23 -> 2.357 | I23: =RANDBETWEEN(-20,70)/1000 -> 0.057 | J23: =W23+0.25 -> 2.417 | K23: =J23+L23 -> 2.454 | L23: =RANDBETWEEN(-20,70)/1000 -> 0.037 | M23: 5.25 | N23: =+M23+O23 -> 5.258 | O23: =RANDBETWEEN(-105,115)/10000 -> 0.008 | P23: =G23 -> 2.3 | Q23: =P23+R23 -> 2.335 | R23: =RANDBETWEEN(-20,70)/1000 -> 0.035 | T23: 13.25 | W23: 2.167
A24: 2 | B24: 12 | C24: =+C23+T23 -> 224.25 | D24: -5.25 | E24: =+D24+F24 -> -5.2491 | F24: =RANDBETWEEN(-105,115)/10000 -> 0.0009 | G24: =J24-4.95*2%-0.3*6% -> 2.292 | H24: =G24+I24 -> 2.353 | I24: =RANDBETWEEN(-20,70)/1000 -> 0.061 | J24: =W24+0.25 -> 2.409 | K24: =J24+L24 -> 2.468 | L24: =RANDBETWEEN(-20,70)/1000 -> 0.059 | M24: 5.25 | N24: =+M24+O24 -> 5.244 | O24: =RANDBETWEEN(-105,115)/10000 -> -0.006 | P24: =G24 -> 2.292 | Q24: =P24+R24 -> 2.348 | R24: =RANDBETWEEN(-20,70)/1000 -> 0.056 | T24: 21.5 | W24: 2.159
A25: 3 | B25: 13 | C25: =+C24+T24 -> 245.75 | D25: -5.25 | E25: =+D25+F25 -> -5.2582 | F25: =RANDBETWEEN(-105,115)/10000 -> -0.0082 | G25: =J25-4.95*2%-0.3*6% -> 2.273 | H25: =G25+I25 -> 2.28 | I25: =RANDBETWEEN(-20,70)/1000 -> 0.007 | J25: =W25+0.25 -> 2.39 | K25: =J25+L25 -> 2.435 | L25: =RANDBETWEEN(-20,70)/1000 -> 0.045 | M25: 5.25 | N25: =+M25+O25 -> 5.2426 | O25: =RANDBETWEEN(-105,115)/10000 -> -0.0074 | P25: =G25 -> 2.273 | Q25: =P25+R25 -> 2.294 | R25: =RANDBETWEEN(-20,70)/1000 -> 0.021 | T25: 11.75 | W25: 2.14
A26: 4 | B26: B5 | C26: =+C25+T25 -> 257.5 | D26: -5.25 | E26: =+D26+F26 -> -5.2494 | F26: =RANDBETWEEN(-105,115)/10000 -> 0.0006 | G26: =J26-4.95*2%-0.3*6% -> 2.265 | H26: =G26+I26 -> 2.308 | I26: =RANDBETWEEN(-20,70)/1000 -> 0.043 | J26: =W26+0.25 -> 2.382 | K26: =J26+L26 -> 2.451 | L26: =RANDBETWEEN(-20,70)/1000 -> 0.069 | M26: 5.25 | N26: =+M26+O26 -> 5.2413 | O26: =RANDBETWEEN(-105,115)/10000 -> -0.0087 | P26: =G26 -> 2.265 | Q26: =P26+R26 -> 2.3 | R26: =RANDBETWEEN(-20,70)/1000 -> 0.035 | T26: 11.75 | W26: 2.132
A27: 5 | B27: 14 | C27: =+C26+T26 -> 269.25 | D27: -5.25 | E27: =+D27+F27 -> -5.2474 | F27: =RANDBETWEEN(-105,115)/10000 -> 0.0026 | G27: =J27-4.95*2%-0.3*6% -> 2.256 | H27: =G27+I27 -> 2.297 | I27: =RANDBETWEEN(-20,70)/1000 -> 0.041 | J27: =W27+0.25 -> 2.373 | K27: =J27+L27 -> 2.4 | L27: =RANDBETWEEN(-20,70)/1000 -> 0.027 | M27: 5.25 | N27: =+M27+O27 -> 5.2451 | O27: =RANDBETWEEN(-105,115)/10000 -> -0.0049 | P27: =G27 -> 2.256 | Q27: =P27+R27 -> 2.297 | R27: =RANDBETWEEN(-20,70)/1000 -> 0.041 | T27: 20 | W27: 2.123
A28: 6 | B28: 15 | C28: =+C27+T27 -> 289.25 | D28: -5.25 | E28: =+D28+F28 -> -5.2393 | F28: =RANDBETWEEN(-105,115)/10000 -> 0.0107 | G28: =J28-4.95*2%-0.3*6% -> 2.245 | H28: =G28+I28 -> 2.309 | I28: =RANDBETWEEN(-20,70)/1000 -> 0.064 | J28: =W28+0.25 -> 2.362 | K28: =J28+L28 -> 2.401 | L28: =RANDBETWEEN(-20,70)/1000 -> 0.039 | M28: 5.25 | N28: =+M28+O28 -> 5.2572 | O28: =RANDBETWEEN(-105,115)/10000 -> 0.0072 | P28: =G28 -> 2.245 | Q28: =P28+R28 -> 2.314 | R28: =RANDBETWEEN(-20,70)/1000 -> 0.069 | T28: 20 | W28: 2.112
A29: 7 | B29: 16 | C29: =+C28+T28 -> 309.25 | D29: -5.25 | E29: =+D29+F29 -> -5.2404 | F29: =RANDBETWEEN(-105,115)/10000 -> 0.0096 | G29: =J29-4.95*2%-0.3*6% -> 2.234 | H29: =G29+I29 -> 2.233 | I29: =RANDBETWEEN(-20,70)/1000 -> -0.001 | J29: =W29+0.25 -> 2.351 | K29: =J29+L29 -> 2.372 | L29: =RANDBETWEEN(-20,70)/1000 -> 0.021 | M29: 5.25 | N29: =+M29+O29 -> 5.2576 | O29: =RANDBETWEEN(-105,115)/10000 -> 0.0076 | P29: =G29 -> 2.234 | Q29: =P29+R29 -> 2.22 | R29: =RANDBETWEEN(-20,70)/1000 -> -0.014 | T29: 20 | W29: 2.101
A30: 8 | B30: 17 | C30: =+C29+T29 -> 329.25 | D30: -5.25 | E30: =+D30+F30 -> -5.2497 | F30: =RANDBETWEEN(-105,115)/10000 -> 0.0003 | G30: =J30-4.95*2%-0.3*6% -> 2.223 | H30: =G30+I30 -> 2.248 | I30: =RANDBETWEEN(-20,70)/1000 -> 0.025 | J30: =W30+0.25 -> 2.34 | K30: =J30+L30 -> 2.323 | L30: =RANDBETWEEN(-20,70)/1000 -> -0.017 | M30: 5.25 | N30: =+M30+O30 -> 5.2554 | O30: =RANDBETWEEN(-105,115)/10000 -> 0.0054 | P30: =G30 -> 2.223 | Q30: =P30+R30 -> 2.244 | R30: =RANDBETWEEN(-20,70)/1000 -> 0.021 | T30: 20 | W30: 2.09
A31: 9 | B31: 18 | C31: =+C30+T30 -> 349.25 | D31: -5.25 | E31: =+D31+F31 -> -5.2505 | F31: =RANDBETWEEN(-105,115)/10000 -> -0.0005 | G31: =J31-4.95*2%-0.3*6% -> 2.211 | H31: =G31+I31 -> 2.204 | I31: =RANDBETWEEN(-20,70)/1000 -> -0.007 | J31: =W31+0.25 -> 2.328 | K31: =J31+L31 -> 2.356 | L31: =RANDBETWEEN(-20,70)/1000 -> 0.028 | M31: 5.25 | N31: =+M31+O31 -> 5.2436 | O31: =RANDBETWEEN(-105,115)/10000 -> -0.0064 | P31: =G31 -> 2.211 | Q31: =P31+R31 -> 2.281 | R31: =RANDBETWEEN(-20,70)/1000 -> 0.07 | T31: 19 | W31: 2.078
A32: 10 | B32: 19 | C32: =+C31+T31 -> 368.25 | D32: -5.25 | E32: =+D32+F32 -> -5.2583 | F32: =RANDBETWEEN(-105,115)/10000 -> -0.0083 | G32: =J32-4.95*2%-0.3*6% -> 2.2 | H32: =G32+I32 -> 2.249 | I32: =RANDBETWEEN(-20,70)/1000 -> 0.049 | J32: =W32+0.25 -> 2.317 | K32: =J32+L32 -> 2.382 | L32: =RANDBETWEEN(-20,70)/1000 -> 0.065 | M32: 5.25 | N32: =+M32+O32 -> 5.2535 | O32: =RANDBETWEEN(-105,115)/10000 -> 0.0035 | P32: =G32 -> 2.2 | Q32: =P32+R32 -> 2.247 | R32: =RANDBETWEEN(-20,70)/1000 -> 0.047 | T32: 13.25 | W32: 2.067
A33: 11 | B33: C2 | C33: =+C32+T32 -> 381.5 | D33: -5.25 | E33: =+D33+F33 -> -5.2573 | F33: =RANDBETWEEN(-105,115)/10000 -> -0.0073 | G33: =J33-4.95*2%-0.3*6% -> 2.192 | H33: =G33+I33 -> 2.199 | I33: =RANDBETWEEN(-20,70)/1000 -> 0.007 | J33: =W33+0.25 -> 2.309 | K33: =J33+L33 -> 2.314 | L33: =RANDBETWEEN(-20,70)/1000 -> 0.005 | M33: 5.25 | N33: =+M33+O33 -> 5.2406 | O33: =RANDBETWEEN(-105,115)/10000 -> -0.0094 | P33: =G33 -> 2.192 | Q33: =P33+R33 -> 2.262 | R33: =RANDBETWEEN(-20,70)/1000 -> 0.07 | T33: 13.25 | W33: 2.059
A34: 12 | B34: 20 | C34: =+C33+T33 -> 394.75 | D34: -5.25 | E34: =+D34+F34 -> -5.252 | F34: =RANDBETWEEN(-105,115)/10000 -> -0.002 | G34: =J34-4.95*2%-0.3*6% -> 2.184 | H34: =G34+I34 -> 2.218 | I34: =RANDBETWEEN(-20,70)/1000 -> 0.034 | J34: =W34+0.25 -> 2.301 | K34: =J34+L34 -> 2.288 | L34: =RANDBETWEEN(-20,70)/1000 -> -0.013 | M34: 5.25 | N34: =+M34+O34 -> 5.2453 | O34: =RANDBETWEEN(-105,115)/10000 -> -0.0047 | P34: =G34 -> 2.184 | Q34: =P34+R34 -> 2.187 | R34: =RANDBETWEEN(-20,70)/1000 -> 0.003 | T34: 20 | W34: 2.051
A35: 13 | B35: 21 | C35: =+C34+T34 -> 414.75 | D35: -5.25 | E35: =+D35+F35 -> -5.2544 | F35: =RANDBETWEEN(-105,115)/10000 -> -0.0044 | G35: =J35-4.95*2%-0.3*6% -> 2.171 | H35: =G35+I35 -> 2.173 | I35: =RANDBETWEEN(-20,70)/1000 -> 0.002 | J35: =W35+0.25 -> 2.288 | K35: =J35+L35 -> 2.311 | L35: =RANDBETWEEN(-20,70)/1000 -> 0.023 | M35: 5.25 | N35: =+M35+O35 -> 5.2568 | O35: =RANDBETWEEN(-105,115)/10000 -> 0.0068 | P35: =G35 -> 2.171 | Q35: =P35+R35 -> 2.225 | R35: =RANDBETWEEN(-20,70)/1000 -> 0.054 | T35: 20 | W35: 2.038
... A57: 35 | B57: 37 | C57: =+C56+T56 -> 724.11 | D57: -5.25 | E57: =+D57+F57 -> -5.2559 | F57: =RANDBETWEEN(-105,115)/10000 -> -0.0059 | G57: =J57-4.95*2%-0.3*6% -> 2.102 | H57: =G57+I57 -> 2.167 | I57: =RANDBETWEEN(-20,70)/1000 -> 0.065 | J57: =W57+0.25 -> 2.219 | K57: =J57+L57 -> 2.285 | L57: =RANDBETWEEN(-20,70)/1000 -> 0.066 | M57: 5.25 | N57: =+M57+O57 -> 5.2576 | O57: =RANDBETWEEN(-105,115)/10000 -> 0.0076 | P57: =G57 -> 2.102 | Q57: =P57+R57 -> 2.151 | R57: =RANDBETWEEN(-20,70)/1000 -> 0.049 | T57: 13.25 | W57: 1.969
A58: 36 | B58: G6 | C58: =+C57+T57 -> 737.36 | D58: -5.25 | E58: =+D58+F58 -> -5.2497 | F58: =RANDBETWEEN(-105,115)/10000 -> 0.0003 | G58: =J58-4.95*2%-0.3*6% -> 2.106 | H58: =G58+I58 -> 2.17 | I58: =RANDBETWEEN(-20,70)/1000 -> 0.064 | J58: =W58+0.25 -> 2.223 | K58: =J58+L58 -> 2.234 | L58: =RANDBETWEEN(-20,70)/1000 -> 0.011 | M58: 5.25 | N58: =+M58+O58 -> 5.2421 | O58: =RANDBETWEEN(-105,115)/10000 -> -0.0079 | P58: =G58 -> 2.106 | Q58: =P58+R58 -> 2.173 | R58: =RANDBETWEEN(-20,70)/1000 -> 0.067 | W58: 1.973
C62: NHÀ THẦU THI CÔNG | O62: TƯ VẤN GIÁM SÁT
C67: Nguyễn Xuân Hưng | O67: Trần Mạnh Tùng

Sheet KL lớp 1
A1: PHỤ LỤC KHỐI LƯỢNG
A2: Kèm theo BBNT số: 17.NĐXD8/CVXD ngày 24 tháng 08 năm 2026
A3: Dự án: Xây dựng HTKT Khu tái định cư phục vụ di dân xã Hải Hà, thị xã Nghi Sơn, tỉnh Thanh Hóa.
A4: Gói thầu số 12: Xây dựng HTKT khu vực Hải Bình và Xuân Lâm (bao gồm cả bảo hiểm xây dựng công trình)
A5: Nhà thầu thi công: Công ty TNHH Hoàng Tuấn
A6: Hạng mục: Móng đường tuyến XD8
A7: - Đối tượng nghiệm thu: | D7: Đắp đất nền đường lớp 1, độ chặt K>=0,98 đoạn từ Km0+211,00 - Km0+737,36
A9: STT | B9: Tên cọc | C9: Lý trình | D9: K/c lẻ | M9: Đào xử lý nền đường | O9: Diện tích | W9: Khối lượng | AB9: Ghi chú
N10: Diện tích | P10: Diện tích | Q10: Diện tích | U10: Khối lượng | V10: Khối lượng | X10: Khối lượng | Y10: Khối lượng
A11: 1 | B11: ='KTHH Lớp 1'!B23 -> B4 | C11: ='KTHH Lớp 1'!C23 -> 211 | D11: ='KTHH Lớp 1'!T23 -> 13.25 | O11: =10.5*0.25 -> 2.625 | W11: =(O11+O12)*D11/2 -> 34.78125
A12: 2 | B12: ='KTHH Lớp 1'!B24 -> 12 | C12: ='KTHH Lớp 1'!C24 -> 224.25 | D12: ='KTHH Lớp 1'!T24 -> 21.5 | O12: =10.5*0.25 -> 2.625 | W12: =(O12+O13)*D12/2 -> 56.4375
A13: 3 | B13: ='KTHH Lớp 1'!B25 -> 13 | C13: ='KTHH Lớp 1'!C25 -> 245.75 | D13: ='KTHH Lớp 1'!T25 -> 11.75 | O13: =10.5*0.25 -> 2.625 | W13: =(O13+O14)*D13/2 -> 30.84375
A14: 4 | B14: ='KTHH Lớp 1'!B26 -> B5 | C14: ='KTHH Lớp 1'!C26 -> 257.5 | D14: ='KTHH Lớp 1'!T26 -> 11.75 | O14: =10.5*0.25 -> 2.625 | W14: =(O14+O15)*D14/2 -> 30.84375
A15: 5 | B15: ='KTHH Lớp 1'!B27 -> 14 | C15: ='KTHH Lớp 1'!C27 -> 269.25 | D15: ='KTHH Lớp 1'!T27 -> 20 | O15: =10.5*0.25 -> 2.625 | W15: =(O15+O16)*D15/2 -> 52.5
A16: 6 | B16: ='KTHH Lớp 1'!B28 -> 15 | C16: ='KTHH Lớp 1'!C28 -> 289.25 | D16: ='KTHH Lớp 1'!T28 -> 20 | O16: =10.5*0.25 -> 2.625 | W16: =(O16+O17)*D16/2 -> 52.5
A17: 7 | B17: ='KTHH Lớp 1'!B29 -> 16 | C17: ='KTHH Lớp 1'!C29 -> 309.25 | D17: ='KTHH Lớp 1'!T29 -> 20 | O17: =10.5*0.25 -> 2.625 | W17: =(O17+O18)*D17/2 -> 52.5
A18: 8 | B18: ='KTHH Lớp 1'!B30 -> 17 | C18: ='KTHH Lớp 1'!C30 -> 329.25 | D18: ='KTHH Lớp 1'!T30 -> 20 | O18: =10.5*0.25 -> 2.625 | W18: =(O18+O19)*D18/2 -> 52.5
A19: 9 | B19: ='KTHH Lớp 1'!B31 -> 18 | C19: ='KTHH Lớp 1'!C31 -> 349.25 | D19: ='KTHH Lớp 1'!T31 -> 19 | O19: =10.5*0.25 -> 2.625 | W19: =(O19+O20)*D19/2 -> 49.875
A20: 10 | B20: ='KTHH Lớp 1'!B32 -> 19 | C20: ='KTHH Lớp 1'!C32 -> 368.25 | D20: ='KTHH Lớp 1'!T32 -> 13.25 | O20: =10.5*0.25 -> 2.625 | W20: =(O20+O21)*D20/2 -> 34.78125
A21: 11 | B21: ='KTHH Lớp 1'!B33 -> C2 | C21: ='KTHH Lớp 1'!C33 -> 381.5 | D21: ='KTHH Lớp 1'!T33 -> 13.25 | O21: =10.5*0.25 -> 2.625 | W21: =(O21+O22)*D21/2 -> 34.78125
A22: 12 | B22: ='KTHH Lớp 1'!B34 -> 20 | C22: ='KTHH Lớp 1'!C34 -> 394.75 | D22: ='KTHH Lớp 1'!T34 -> 20 | O22: =10.5*0.25 -> 2.625 | W22: =(O22+O23)*D22/2 -> 52.5
... A45: 35 | B45: ='KTHH Lớp 1'!B57 -> 37 | C45: ='KTHH Lớp 1'!C57 -> 724.11 | D45: ='KTHH Lớp 1'!T57 -> 13.25 | O45: =10.5*0.25 -> 2.625 | W45: =(O45+O46)*D45/2 -> 34.78125
A46: 36 | B46: ='KTHH Lớp 1'!B58 -> G6 | C46: ='KTHH Lớp 1'!C58 -> 737.36 | O46: =10.5*0.25 -> 2.625
A49: Tổng cộng (m3) | R49: =SUM(R11:R34) -> 0 | S49: =SUM(S11:S34) -> 0 | U49: =SUM(U11:U34) -> 0 | V49: =SUM(V11:V34) -> 0 | W49: =SUM(W11:W46) -> 1381.695 | X49: =SUM(X11:X34) -> 0 | Y49: =SUM(Y11:Y34) -> 0 | Z49: =SUM(Z11:Z34) -> 0 | AA49: =SUM(AA11:AA34) -> 0
A51: NHÀ THẦU THI CÔNG | E51: TƯ VẤN GIÁM SÁT
A57: Nguyễn Xuân Hưng | M57: Trần Mạnh Tùng

Sheet KTHH Lớp 2
A1: PHỤ LỤC KIỂM TRA CAO ĐỘ, KÍCH THƯỚC HÌNH HỌC
A2: Kèm theo BBNT số: 19.NĐXD8/CVXD ngày 25 tháng 08 năm 2026
A3: Dự án: Xây dựng HTKT Khu tái định cư phục vụ di dân xã Hải Hà, thị xã Nghi Sơn, tỉnh Thanh Hóa.
A4: Gói thầu số 12: Xây dựng HTKT khu vực Hải Bình và Xuân Lâm (bao gồm cả bảo hiểm xây dựng công trình)
A5: Nhà thầu thi công: Công ty TNHH Hoàng Tuấn
A6: Hạng mục: Móng đường tuyến XD8
A7: - Đối tượng nghiệm thu: | G7: Đắp đất nền đường lớp 2, độ chặt K>=0,98 đoạn từ Km0+211,00 - Km0+737,36
A8: Sơ họa:
A21: TT | B21: Tên cọc | C21: Lý trình | D21: Bên trái (H1) | J21: Tim (H2) | M21: Bên phải (H3) | S21: Ghi chú
D22: KCTK | E22: KCTC | F22: Chênh KC (m) | G22: CDTK (m) | H22: CDTC (m) | I22: Chênh CD (m) | J22: CDTK (m) | K22: CDTC (m) | L22: Chênh CD (m) | M22: KCTK | N22: KCTC | O22: Chênh KC (m) | P22: CDTK (m) | Q22: CDTC (m) | R22: Chênh CD (m)
A23: 1 | B23: B4 | C23: 211 | D23: -5.25 | E23: =+D23+F23 -> -5.2458 | F23: =RANDBETWEEN(-105,115)/10000 -> 0.0042 | G23: =W23+0.25 -> 2.55 | H23: =G23+I23 -> 2.536 | I23: =RANDBETWEEN(-20,70)/1000 -> -0.014 | J23: =X23+0.25 -> 2.667 | K23: =J23+L23 -> 2.736 | L23: =RANDBETWEEN(-20,70)/1000 -> 0.069 | M23: 5.25 | N23: =+M23+O23 -> 5.253 | O23: =RANDBETWEEN(-105,115)/10000 -> 0.003 | P23: =Y23+0.25 -> 2.55 | Q23: =P23+R23 -> 2.544 | R23: =RANDBETWEEN(-20,70)/1000 -> -0.006 | T23: 13.25 | W23: ='KTHH Lớp 1'!G23 -> 2.3 | X23: ='KTHH Lớp 1'!J23 -> 2.417 | Y23: ='KTHH Lớp 1'!P23 -> 2.3
A24: 2 | B24: 12 | C24: =+C23+T23 -> 224.25 | D24: -5.25 | E24: =+D24+F24 -> -5.2585 | F24: =RANDBETWEEN(-105,115)/10000 -> -0.0085 | G24: =W24+0.25 -> 2.542 | H24: =G24+I24 -> 2.582 | I24: =RANDBETWEEN(-20,70)/1000 -> 0.04 | J24: =X24+0.25 -> 2.659 | K24: =J24+L24 -> 2.658 | L24: =RANDBETWEEN(-20,70)/1000 -> -0.001 | M24: 5.25 | N24: =+M24+O24 -> 5.242 | O24: =RANDBETWEEN(-105,115)/10000 -> -0.008 | P24: =Y24+0.25 -> 2.542 | Q24: =P24+R24 -> 2.612 | R24: =RANDBETWEEN(-20,70)/1000 -> 0.07 | T24: 21.5 | W24: ='KTHH Lớp 1'!G24 -> 2.292 | X24: ='KTHH Lớp 1'!J24 -> 2.409 | Y24: ='KTHH Lớp 1'!P24 -> 2.292
A25: 3 | B25: 13 | C25: =+C24+T24 -> 245.75 | D25: -5.25 | E25: =+D25+F25 -> -5.2429 | F25: =RANDBETWEEN(-105,115)/10000 -> 0.0071 | G25: =W25+0.25 -> 2.523 | H25: =G25+I25 -> 2.565 | I25: =RANDBETWEEN(-20,70)/1000 -> 0.042 | J25: =X25+0.25 -> 2.64 | K25: =J25+L25 -> 2.673 | L25: =RANDBETWEEN(-20,70)/1000 -> 0.033 | M25: 5.25 | N25: =+M25+O25 -> 5.2415 | O25: =RANDBETWEEN(-105,115)/10000 -> -0.0085 | P25: =Y25+0.25 -> 2.523 | Q25: =P25+R25 -> 2.577 | R25: =RANDBETWEEN(-20,70)/1000 -> 0.054 | T25: 11.75 | W25: ='KTHH Lớp 1'!G25 -> 2.273 | X25: ='KTHH Lớp 1'!J25 -> 2.39 | Y25: ='KTHH Lớp 1'!P25 -> 2.273
A26: 4 | B26: B5 | C26: =+C25+T25 -> 257.5 | D26: -5.25 | E26: =+D26+F26 -> -5.2576 | F26: =RANDBETWEEN(-105,115)/10000 -> -0.0076 | G26: =W26+0.25 -> 2.515 | H26: =G26+I26 -> 2.561 | I26: =RANDBETWEEN(-20,70)/1000 -> 0.046 | J26: =X26+0.25 -> 2.632 | K26: =J26+L26 -> 2.68 | L26: =RANDBETWEEN(-20,70)/1000 -> 0.048 | M26: 5.25 | N26: =+M26+O26 -> 5.2601 | O26: =RANDBETWEEN(-105,115)/10000 -> 0.0101 | P26: =Y26+0.25 -> 2.515 | Q26: =P26+R26 -> 2.521 | R26: =RANDBETWEEN(-20,70)/1000 -> 0.006 | T26: 11.75 | W26: ='KTHH Lớp 1'!G26 -> 2.265 | X26: ='KTHH Lớp 1'!J26 -> 2.382 | Y26: ='KTHH Lớp 1'!P26 -> 2.265
A27: 5 | B27: 14 | C27: =+C26+T26 -> 269.25 | D27: -5.25 | E27: =+D27+F27 -> -5.2551 | F27: =RANDBETWEEN(-105,115)/10000 -> -0.0051 | G27: =W27+0.25 -> 2.506 | H27: =G27+I27 -> 2.543 | I27: =RANDBETWEEN(-20,70)/1000 -> 0.037 | J27: =X27+0.25 -> 2.623 | K27: =J27+L27 -> 2.631 | L27: =RANDBETWEEN(-20,70)/1000 -> 0.008 | M27: 5.25 | N27: =+M27+O27 -> 5.2567 | O27: =RANDBETWEEN(-105,115)/10000 -> 0.0067 | P27: =Y27+0.25 -> 2.506 | Q27: =P27+R27 -> 2.524 | R27: =RANDBETWEEN(-20,70)/1000 -> 0.018 | T27: 20 | W27: ='KTHH Lớp 1'!G27 -> 2.256 | X27: ='KTHH Lớp 1'!J27 -> 2.373 | Y27: ='KTHH Lớp 1'!P27 -> 2.256
A28: 6 | B28: 15 | C28: =+C27+T27 -> 289.25 | D28: -5.25 | E28: =+D28+F28 -> -5.2534 | F28: =RANDBETWEEN(-105,115)/10000 -> -0.0034 | G28: =W28+0.25 -> 2.495 | H28: =G28+I28 -> 2.552 | I28: =RANDBETWEEN(-20,70)/1000 -> 0.057 | J28: =X28+0.25 -> 2.612 | K28: =J28+L28 -> 2.669 | L28: =RANDBETWEEN(-20,70)/1000 -> 0.057 | M28: 5.25 | N28: =+M28+O28 -> 5.261 | O28: =RANDBETWEEN(-105,115)/10000 -> 0.011 | P28: =Y28+0.25 -> 2.495 | Q28: =P28+R28 -> 2.549 | R28: =RANDBETWEEN(-20,70)/1000 -> 0.054 | T28: 20 | W28: ='KTHH Lớp 1'!G28 -> 2.245 | X28: ='KTHH Lớp 1'!J28 -> 2.362 | Y28: ='KTHH Lớp 1'!P28 -> 2.245
A29: 7 | B29: 16 | C29: =+C28+T28 -> 309.25 | D29: -5.25 | E29: =+D29+F29 -> -5.2585 | F29: =RANDBETWEEN(-105,115)/10000 -> -0.0085 | G29: =W29+0.25 -> 2.484 | H29: =G29+I29 -> 2.495 | I29: =RANDBETWEEN(-20,70)/1000 -> 0.011 | J29: =X29+0.25 -> 2.601 | K29: =J29+L29 -> 2.583 | L29: =RANDBETWEEN(-20,70)/1000 -> -0.018 | M29: 5.25 | N29: =+M29+O29 -> 5.2477 | O29: =RANDBETWEEN(-105,115)/10000 -> -0.0023 | P29: =Y29+0.25 -> 2.484 | Q29: =P29+R29 -> 2.544 | R29: =RANDBETWEEN(-20,70)/1000 -> 0.06 | T29: 20 | W29: ='KTHH Lớp 1'!G29 -> 2.234 | X29: ='KTHH Lớp 1'!J29 -> 2.351 | Y29: ='KTHH Lớp 1'!P29 -> 2.234
A30: 8 | B30: 17 | C30: =+C29+T29 -> 329.25 | D30: -5.25 | E30: =+D30+F30 -> -5.243 | F30: =RANDBETWEEN(-105,115)/10000 -> 0.007 | G30: =W30+0.25 -> 2.473 | H30: =G30+I30 -> 2.537 | I30: =RANDBETWEEN(-20,70)/1000 -> 0.064 | J30: =X30+0.25 -> 2.59 | K30: =J30+L30 -> 2.652 | L30: =RANDBETWEEN(-20,70)/1000 -> 0.062 | M30: 5.25 | N30: =+M30+O30 -> 5.2412 | O30: =RANDBETWEEN(-105,115)/10000 -> -0.0088 | P30: =Y30+0.25 -> 2.473 | Q30: =P30+R30 -> 2.53 | R30: =RANDBETWEEN(-20,70)/1000 -> 0.057 | T30: 20 | W30: ='KTHH Lớp 1'!G30 -> 2.223 | X30: ='KTHH Lớp 1'!J30 -> 2.34 | Y30: ='KTHH Lớp 1'!P30 -> 2.223
A31: 9 | B31: 18 | C31: =+C30+T30 -> 349.25 | D31: -5.25 | E31: =+D31+F31 -> -5.2437 | F31: =RANDBETWEEN(-105,115)/10000 -> 0.0063 | G31: =W31+0.25 -> 2.461 | H31: =G31+I31 -> 2.48 | I31: =RANDBETWEEN(-20,70)/1000 -> 0.019 | J31: =X31+0.25 -> 2.578 | K31: =J31+L31 -> 2.584 | L31: =RANDBETWEEN(-20,70)/1000 -> 0.006 | M31: 5.25 | N31: =+M31+O31 -> 5.2615 | O31: =RANDBETWEEN(-105,115)/10000 -> 0.0115 | P31: =Y31+0.25 -> 2.461 | Q31: =P31+R31 -> 2.478 | R31: =RANDBETWEEN(-20,70)/1000 -> 0.017 | T31: 19 | W31: ='KTHH Lớp 1'!G31 -> 2.211 | X31: ='KTHH Lớp 1'!J31 -> 2.328 | Y31: ='KTHH Lớp 1'!P31 -> 2.211
A32: 10 | B32: 19 | C32: =+C31+T31 -> 368.25 | D32: -5.25 | E32: =+D32+F32 -> -5.2573 | F32: =RANDBETWEEN(-105,115)/10000 -> -0.0073 | G32: =W32+0.25 -> 2.45 | H32: =G32+I32 -> 2.496 | I32: =RANDBETWEEN(-20,70)/1000 -> 0.046 | J32: =X32+0.25 -> 2.567 | K32: =J32+L32 -> 2.596 | L32: =RANDBETWEEN(-20,70)/1000 -> 0.029 | M32: 5.25 | N32: =+M32+O32 -> 5.2503 | O32: =RANDBETWEEN(-105,115)/10000 -> 0.0003 | P32: =Y32+0.25 -> 2.45 | Q32: =P32+R32 -> 2.488 | R32: =RANDBETWEEN(-20,70)/1000 -> 0.038 | T32: 13.25 | W32: ='KTHH Lớp 1'!G32 -> 2.2 | X32: ='KTHH Lớp 1'!J32 -> 2.317 | Y32: ='KTHH Lớp 1'!P32 -> 2.2
A33: 11 | B33: C2 | C33: =+C32+T32 -> 381.5 | D33: -5.25 | E33: =+D33+F33 -> -5.2515 | F33: =RANDBETWEEN(-105,115)/10000 -> -0.0015 | G33: =W33+0.25 -> 2.442 | H33: =G33+I33 -> 2.495 | I33: =RANDBETWEEN(-20,70)/1000 -> 0.053 | J33: =X33+0.25 -> 2.559 | K33: =J33+L33 -> 2.549 | L33: =RANDBETWEEN(-20,70)/1000 -> -0.01 | M33: 5.25 | N33: =+M33+O33 -> 5.2584 | O33: =RANDBETWEEN(-105,115)/10000 -> 0.0084 | P33: =Y33+0.25 -> 2.442 | Q33: =P33+R33 -> 2.484 | R33: =RANDBETWEEN(-20,70)/1000 -> 0.042 | T33: 13.25 | W33: ='KTHH Lớp 1'!G33 -> 2.192 | X33: ='KTHH Lớp 1'!J33 -> 2.309 | Y33: ='KTHH Lớp 1'!P33 -> 2.192
A34: 12 | B34: 20 | C34: =+C33+T33 -> 394.75 | D34: -5.25 | E34: =+D34+F34 -> -5.2385 | F34: =RANDBETWEEN(-105,115)/10000 -> 0.0115 | G34: =W34+0.25 -> 2.434 | H34: =G34+I34 -> 2.437 | I34: =RANDBETWEEN(-20,70)/1000 -> 0.003 | J34: =X34+0.25 -> 2.551 | K34: =J34+L34 -> 2.555 | L34: =RANDBETWEEN(-20,70)/1000 -> 0.004 | M34: 5.25 | N34: =+M34+O34 -> 5.2401 | O34: =RANDBETWEEN(-105,115)/10000 -> -0.0099 | P34: =Y34+0.25 -> 2.434 | Q34: =P34+R34 -> 2.448 | R34: =RANDBETWEEN(-20,70)/1000 -> 0.014 | T34: 20 | W34: ='KTHH Lớp 1'!G34 -> 2.184 | X34: ='KTHH Lớp 1'!J34 -> 2.301 | Y34: ='KTHH Lớp 1'!P34 -> 2.184
A35: 13 | B35: 21 | C35: =+C34+T34 -> 414.75 | D35: -5.25 | E35: =+D35+F35 -> -5.2458 | F35: =RANDBETWEEN(-105,115)/10000 -> 0.0042 | G35: =W35+0.25 -> 2.421 | H35: =G35+I35 -> 2.422 | I35: =RANDBETWEEN(-20,70)/1000 -> 0.001 | J35: =X35+0.25 -> 2.538 | K35: =J35+L35 -> 2.537 | L35: =RANDBETWEEN(-20,70)/1000 -> -0.001 | M35: 5.25 | N35: =+M35+O35 -> 5.2531 | O35: =RANDBETWEEN(-105,115)/10000 -> 0.0031 | P35: =Y35+0.25 -> 2.421 | Q35: =P35+R35 -> 2.461 | R35: =RANDBETWEEN(-20,70)/1000 -> 0.04 | T35: 20 | W35: ='KTHH Lớp 1'!G35 -> 2.171 | X35: ='KTHH Lớp 1'!J35 -> 2.288 | Y35: ='KTHH Lớp 1'!P35 -> 2.171
... A57: 35 | B57: 37 | C57: =+C56+T56 -> 724.11 | D57: -5.25 | E57: =+D57+F57 -> -5.2512 | F57: =RANDBETWEEN(-105,115)/10000 -> -0.0012 | G57: =W57+0.25 -> 2.352 | H57: =G57+I57 -> 2.338 | I57: =RANDBETWEEN(-20,70)/1000 -> -0.014 | J57: =X57+0.25 -> 2.469 | K57: =J57+L57 -> 2.48 | L57: =RANDBETWEEN(-20,70)/1000 -> 0.011 | M57: 5.25 | N57: =+M57+O57 -> 5.2506 | O57: =RANDBETWEEN(-105,115)/10000 -> 0.0006 | P57: =Y57+0.25 -> 2.352 | Q57: =P57+R57 -> 2.338 | R57: =RANDBETWEEN(-20,70)/1000 -> -0.014 | T57: 13.25 | W57: ='KTHH Lớp 1'!G57 -> 2.102 | X57: ='KTHH Lớp 1'!J57 -> 2.219 | Y57: ='KTHH Lớp 1'!P57 -> 2.102
A58: 36 | B58: G6 | C58: =+C57+T57 -> 737.36 | D58: -5.25 | E58: =+D58+F58 -> -5.2442 | F58: =RANDBETWEEN(-105,115)/10000 -> 0.0058 | G58: =W58+0.25 -> 2.356 | H58: =G58+I58 -> 2.347 | I58: =RANDBETWEEN(-20,70)/1000 -> -0.009 | J58: =X58+0.25 -> 2.473 | K58: =J58+L58 -> 2.483 | L58: =RANDBETWEEN(-20,70)/1000 -> 0.01 | M58: 5.25 | N58: =+M58+O58 -> 5.2462 | O58: =RANDBETWEEN(-105,115)/10000 -> -0.0038 | P58: =Y58+0.25 -> 2.356 | Q58: =P58+R58 -> 2.391 | R58: =RANDBETWEEN(-20,70)/1000 -> 0.035 | W58: ='KTHH Lớp 1'!G58 -> 2.106 | X58: ='KTHH Lớp 1'!J58 -> 2.223 | Y58: ='KTHH Lớp 1'!P58 -> 2.106
C62: NHÀ THẦU THI CÔNG | O62: TƯ VẤN GIÁM SÁT
C67: Nguyễn Xuân Hưng | O67: Trần Mạnh Tùng

Sheet KL lớp 2
A1: PHỤ LỤC KHỐI LƯỢNG
A2: Kèm theo BBNT số: 19.NĐXD8/CVXD ngày 25 tháng 08 năm 2026
A3: Dự án: Xây dựng HTKT Khu tái định cư phục vụ di dân xã Hải Hà, thị xã Nghi Sơn, tỉnh Thanh Hóa.
A4: Gói thầu số 12: Xây dựng HTKT khu vực Hải Bình và Xuân Lâm (bao gồm cả bảo hiểm xây dựng công trình)
A5: Nhà thầu thi công: Công ty TNHH Hoàng Tuấn
A6: Hạng mục: Móng đường tuyến XD8
A7: - Đối tượng nghiệm thu: | D7: Đắp đất nền đường lớp 2, độ chặt K>=0,98 đoạn từ Km0+211,00 - Km0+737,36
A9: STT | B9: Tên cọc | C9: Lý trình | D9: K/c lẻ | M9: Đào xử lý nền đường | O9: Diện tích | W9: Khối lượng | AB9: Ghi chú
N10: Diện tích | P10: Diện tích | Q10: Diện tích | U10: Khối lượng | V10: Khối lượng | X10: Khối lượng | Y10: Khối lượng
A11: 1 | B11: ='KTHH Lớp 2'!B23 -> B4 | C11: ='KTHH Lớp 2'!C23 -> 211 | D11: ='KTHH Lớp 2'!T23 -> 13.25 | O11: =10.5*0.25 -> 2.625 | W11: =(O11+O12)*D11/2 -> 34.78125
A12: 2 | B12: ='KTHH Lớp 2'!B24 -> 12 | C12: ='KTHH Lớp 2'!C24 -> 224.25 | D12: ='KTHH Lớp 2'!T24 -> 21.5 | O12: =10.5*0.25 -> 2.625 | W12: =(O12+O13)*D12/2 -> 56.4375
A13: 3 | B13: ='KTHH Lớp 2'!B25 -> 13 | C13: ='KTHH Lớp 2'!C25 -> 245.75 | D13: ='KTHH Lớp 2'!T25 -> 11.75 | O13: =10.5*0.25 -> 2.625 | W13: =(O13+O14)*D13/2 -> 30.84375
A14: 4 | B14: ='KTHH Lớp 2'!B26 -> B5 | C14: ='KTHH Lớp 2'!C26 -> 257.5 | D14: ='KTHH Lớp 2'!T26 -> 11.75 | O14: =10.5*0.25 -> 2.625 | W14: =(O14+O15)*D14/2 -> 30.84375
A15: 5 | B15: ='KTHH Lớp 2'!B27 -> 14 | C15: ='KTHH Lớp 2'!C27 -> 269.25 | D15: ='KTHH Lớp 2'!T27 -> 20 | O15: =10.5*0.25 -> 2.625 | W15: =(O15+O16)*D15/2 -> 52.5
A16: 6 | B16: ='KTHH Lớp 2'!B28 -> 15 | C16: ='KTHH Lớp 2'!C28 -> 289.25 | D16: ='KTHH Lớp 2'!T28 -> 20 | O16: =10.5*0.25 -> 2.625 | W16: =(O16+O17)*D16/2 -> 52.5
A17: 7 | B17: ='KTHH Lớp 2'!B29 -> 16 | C17: ='KTHH Lớp 2'!C29 -> 309.25 | D17: ='KTHH Lớp 2'!T29 -> 20 | O17: =10.5*0.25 -> 2.625 | W17: =(O17+O18)*D17/2 -> 52.5
A18: 8 | B18: ='KTHH Lớp 2'!B30 -> 17 | C18: ='KTHH Lớp 2'!C30 -> 329.25 | D18: ='KTHH Lớp 2'!T30 -> 20 | O18: =10.5*0.25 -> 2.625 | W18: =(O18+O19)*D18/2 -> 52.5
A19: 9 | B19: ='KTHH Lớp 2'!B31 -> 18 | C19: ='KTHH Lớp 2'!C31 -> 349.25 | D19: ='KTHH Lớp 2'!T31 -> 19 | O19: =10.5*0.25 -> 2.625 | W19: =(O19+O20)*D19/2 -> 49.875
A20: 10 | B20: ='KTHH Lớp 2'!B32 -> 19 | C20: ='KTHH Lớp 2'!C32 -> 368.25 | D20: ='KTHH Lớp 2'!T32 -> 13.25 | O20: =10.5*0.25 -> 2.625 | W20: =(O20+O21)*D20/2 -> 34.78125
A21: 11 | B21: ='KTHH Lớp 2'!B33 -> C2 | C21: ='KTHH Lớp 2'!C33 -> 381.5 | D21: ='KTHH Lớp 2'!T33 -> 13.25 | O21: =10.5*0.25 -> 2.625 | W21: =(O21+O22)*D21/2 -> 34.78125
A22: 12 | B22: ='KTHH Lớp 2'!B34 -> 20 | C22: ='KTHH Lớp 2'!C34 -> 394.75 | D22: ='KTHH Lớp 2'!T34 -> 20 | O22: =10.5*0.25 -> 2.625 | W22: =(O22+O23)*D22/2 -> 52.5
... A45: 35 | B45: ='KTHH Lớp 2'!B57 -> 37 | C45: ='KTHH Lớp 2'!C57 -> 724.11 | D45: ='KTHH Lớp 2'!T57 -> 13.25 | O45: =10.5*0.25 -> 2.625 | W45: =(O45+O46)*D45/2 -> 34.78125
A46: 36 | B46: ='KTHH Lớp 2'!B58 -> G6 | C46: ='KTHH Lớp 2'!C58 -> 737.36 | O46: =10.5*0.25 -> 2.625
A49: Tổng cộng (m3) | R49: =SUM(R11:R34) -> 0 | S49: =SUM(S11:S34) -> 0 | U49: =SUM(U11:U34) -> 0 | V49: =SUM(V11:V34) -> 0 | W49: =SUM(W11:W46) -> 1381.695 | X49: =SUM(X11:X34) -> 0 | Y49: =SUM(Y11:Y34) -> 0 | Z49: =SUM(Z11:Z34) -> 0 | AA49: =SUM(AA11:AA34) -> 0
A51: NHÀ THẦU THI CÔNG | E51: TƯ VẤN GIÁM SÁT
A57: Nguyễn Xuân Hưng | M57: Trần Mạnh Tùng

Sheet Base A
A1: PHỤ LỤC KIỂM TRA CAO ĐỘ, KÍCH THƯỚC HÌNH HỌC
A2: Kèm theo BBNT số: 21.NĐXD8/CVXD ngày 26 tháng 08 năm 2026
A3: Dự án: Xây dựng HTKT Khu tái định cư phục vụ di dân xã Hải Hà, thị xã Nghi Sơn, tỉnh Thanh Hóa.
A4: Gói thầu số 12: Xây dựng HTKT khu vực Hải Bình và Xuân Lâm (bao gồm cả bảo hiểm xây dựng công trình)
A5: Nhà thầu thi công: Công ty TNHH Hoàng Tuấn
A6: Hạng mục: Móng đường tuyến XD8
A7: - Đối tượng nghiệm thu: | G7: Đắp cấp phối đá dăm loại 2 đoạn từ Km0+211,00 - Km0+737,36
A8: Sơ họa:
A21: TT | B21: Tên cọc | C21: Lý trình | D21: Bên trái (H1) | J21: Tim (H2) | M21: Bên phải (H3) | S21: Ghi chú
D22: KCTK | E22: KCTC | F22: Chênh KC (m) | G22: CDTK (m) | H22: CDTC (m) | I22: Chênh CD (m) | J22: CDTK (m) | K22: CDTC (m) | L22: Chênh CD (m) | M22: KCTK | N22: KCTC | O22: Chênh KC (m) | P22: CDTK (m) | Q22: CDTC (m) | R22: Chênh CD (m)
A23: 1 | B23: B4 | C23: 211 | D23: -5.25 | E23: =+D23+F23 -> -5.246 | F23: =RANDBETWEEN(-105,115)/10000 -> 0.004 | G23: =W23+0.18 -> 2.73 | H23: =G23+I23 -> 2.782 | I23: =RANDBETWEEN(-20,70)/1000 -> 0.052 | J23: =X23+0.18 -> 2.847 | K23: =J23+L23 -> 2.86 | L23: =RANDBETWEEN(-20,70)/1000 -> 0.013 | M23: 5.25 | N23: =+M23+O23 -> 5.2456 | O23: =RANDBETWEEN(-105,115)/10000 -> -0.0044 | P23: =Y23+0.18 -> 2.73 | Q23: =P23+R23 -> 2.728 | R23: =RANDBETWEEN(-20,70)/1000 -> -0.002 | T23: 13.25 | W23: ='KTHH Lớp 2'!G23 -> 2.55 | X23: ='KTHH Lớp 2'!J23 -> 2.667 | Y23: ='KTHH Lớp 2'!P23 -> 2.55
A24: 2 | B24: 12 | C24: =+C23+T23 -> 224.25 | D24: -5.25 | E24: =+D24+F24 -> -5.2422 | F24: =RANDBETWEEN(-105,115)/10000 -> 0.0078 | G24: =W24+0.18 -> 2.722 | H24: =G24+I24 -> 2.761 | I24: =RANDBETWEEN(-20,70)/1000 -> 0.039 | J24: =X24+0.18 -> 2.839 | K24: =J24+L24 -> 2.819 | L24: =RANDBETWEEN(-20,70)/1000 -> -0.02 | M24: 5.25 | N24: =+M24+O24 -> 5.2493 | O24: =RANDBETWEEN(-105,115)/10000 -> -0.0007 | P24: =Y24+0.18 -> 2.722 | Q24: =P24+R24 -> 2.753 | R24: =RANDBETWEEN(-20,70)/1000 -> 0.031 | T24: 21.5 | W24: ='KTHH Lớp 2'!G24 -> 2.542 | X24: ='KTHH Lớp 2'!J24 -> 2.659 | Y24: ='KTHH Lớp 2'!P24 -> 2.542
A25: 3 | B25: 13 | C25: =+C24+T24 -> 245.75 | D25: -5.25 | E25: =+D25+F25 -> -5.2404 | F25: =RANDBETWEEN(-105,115)/10000 -> 0.0096 | G25: =W25+0.18 -> 2.703 | H25: =G25+I25 -> 2.685 | I25: =RANDBETWEEN(-20,70)/1000 -> -0.018 | J25: =X25+0.18 -> 2.82 | K25: =J25+L25 -> 2.853 | L25: =RANDBETWEEN(-20,70)/1000 -> 0.033 | M25: 5.25 | N25: =+M25+O25 -> 5.258 | O25: =RANDBETWEEN(-105,115)/10000 -> 0.008 | P25: =Y25+0.18 -> 2.703 | Q25: =P25+R25 -> 2.708 | R25: =RANDBETWEEN(-20,70)/1000 -> 0.005 | T25: 11.75 | W25: ='KTHH Lớp 2'!G25 -> 2.523 | X25: ='KTHH Lớp 2'!J25 -> 2.64 | Y25: ='KTHH Lớp 2'!P25 -> 2.523
A26: 4 | B26: B5 | C26: =+C25+T25 -> 257.5 | D26: -5.25 | E26: =+D26+F26 -> -5.241 | F26: =RANDBETWEEN(-105,115)/10000 -> 0.009 | G26: =W26+0.18 -> 2.695 | H26: =G26+I26 -> 2.685 | I26: =RANDBETWEEN(-20,70)/1000 -> -0.01 | J26: =X26+0.18 -> 2.812 | K26: =J26+L26 -> 2.855 | L26: =RANDBETWEEN(-20,70)/1000 -> 0.043 | M26: 5.25 | N26: =+M26+O26 -> 5.2525 | O26: =RANDBETWEEN(-105,115)/10000 -> 0.0025 | P26: =Y26+0.18 -> 2.695 | Q26: =P26+R26 -> 2.68 | R26: =RANDBETWEEN(-20,70)/1000 -> -0.015 | T26: 11.75 | W26: ='KTHH Lớp 2'!G26 -> 2.515 | X26: ='KTHH Lớp 2'!J26 -> 2.632 | Y26: ='KTHH Lớp 2'!P26 -> 2.515
A27: 5 | B27: 14 | C27: =+C26+T26 -> 269.25 | D27: -5.25 | E27: =+D27+F27 -> -5.249 | F27: =RANDBETWEEN(-105,115)/10000 -> 0.001 | G27: =W27+0.18 -> 2.686 | H27: =G27+I27 -> 2.741 | I27: =RANDBETWEEN(-20,70)/1000 -> 0.055 | J27: =X27+0.18 -> 2.803 | K27: =J27+L27 -> 2.838 | L27: =RANDBETWEEN(-20,70)/1000 -> 0.035 | M27: 5.25 | N27: =+M27+O27 -> 5.2606 | O27: =RANDBETWEEN(-105,115)/10000 -> 0.0106 | P27: =Y27+0.18 -> 2.686 | Q27: =P27+R27 -> 2.738 | R27: =RANDBETWEEN(-20,70)/1000 -> 0.052 | T27: 20 | W27: ='KTHH Lớp 2'!G27 -> 2.506 | X27: ='KTHH Lớp 2'!J27 -> 2.623 | Y27: ='KTHH Lớp 2'!P27 -> 2.506
A28: 6 | B28: 15 | C28: =+C27+T27 -> 289.25 | D28: -5.25 | E28: =+D28+F28 -> -5.256 | F28: =RANDBETWEEN(-105,115)/10000 -> -0.006 | G28: =W28+0.18 -> 2.675 | H28: =G28+I28 -> 2.739 | I28: =RANDBETWEEN(-20,70)/1000 -> 0.064 | J28: =X28+0.18 -> 2.792 | K28: =J28+L28 -> 2.797 | L28: =RANDBETWEEN(-20,70)/1000 -> 0.005 | M28: 5.25 | N28: =+M28+O28 -> 5.2482 | O28: =RANDBETWEEN(-105,115)/10000 -> -0.0018 | P28: =Y28+0.18 -> 2.675 | Q28: =P28+R28 -> 2.662 | R28: =RANDBETWEEN(-20,70)/1000 -> -0.013 | T28: 20 | W28: ='KTHH Lớp 2'!G28 -> 2.495 | X28: ='KTHH Lớp 2'!J28 -> 2.612 | Y28: ='KTHH Lớp 2'!P28 -> 2.495
A29: 7 | B29: 16 | C29: =+C28+T28 -> 309.25 | D29: -5.25 | E29: =+D29+F29 -> -5.2453 | F29: =RANDBETWEEN(-105,115)/10000 -> 0.0047 | G29: =W29+0.18 -> 2.664 | H29: =G29+I29 -> 2.664 | I29: =RANDBETWEEN(-20,70)/1000 -> 0 | J29: =X29+0.18 -> 2.781 | K29: =J29+L29 -> 2.807 | L29: =RANDBETWEEN(-20,70)/1000 -> 0.026 | M29: 5.25 | N29: =+M29+O29 -> 5.244 | O29: =RANDBETWEEN(-105,115)/10000 -> -0.006 | P29: =Y29+0.18 -> 2.664 | Q29: =P29+R29 -> 2.677 | R29: =RANDBETWEEN(-20,70)/1000 -> 0.013 | T29: 20 | W29: ='KTHH Lớp 2'!G29 -> 2.484 | X29: ='KTHH Lớp 2'!J29 -> 2.601 | Y29: ='KTHH Lớp 2'!P29 -> 2.484
A30: 8 | B30: 17 | C30: =+C29+T29 -> 329.25 | D30: -5.25 | E30: =+D30+F30 -> -5.2517 | F30: =RANDBETWEEN(-105,115)/10000 -> -0.0017 | G30: =W30+0.18 -> 2.653 | H30: =G30+I30 -> 2.704 | I30: =RANDBETWEEN(-20,70)/1000 -> 0.051 | J30: =X30+0.18 -> 2.77 | K30: =J30+L30 -> 2.762 | L30: =RANDBETWEEN(-20,70)/1000 -> -0.008 | M30: 5.25 | N30: =+M30+O30 -> 5.2473 | O30: =RANDBETWEEN(-105,115)/10000 -> -0.0027 | P30: =Y30+0.18 -> 2.653 | Q30: =P30+R30 -> 2.711 | R30: =RANDBETWEEN(-20,70)/1000 -> 0.058 | T30: 20 | W30: ='KTHH Lớp 2'!G30 -> 2.473 | X30: ='KTHH Lớp 2'!J30 -> 2.59 | Y30: ='KTHH Lớp 2'!P30 -> 2.473
A31: 9 | B31: 18 | C31: =+C30+T30 -> 349.25 | D31: -5.25 | E31: =+D31+F31 -> -5.2468 | F31: =RANDBETWEEN(-105,115)/10000 -> 0.0032 | G31: =W31+0.18 -> 2.641 | H31: =G31+I31 -> 2.674 | I31: =RANDBETWEEN(-20,70)/1000 -> 0.033 | J31: =X31+0.18 -> 2.758 | K31: =J31+L31 -> 2.765 | L31: =RANDBETWEEN(-20,70)/1000 -> 0.007 | M31: 5.25 | N31: =+M31+O31 -> 5.2608 | O31: =RANDBETWEEN(-105,115)/10000 -> 0.0108 | P31: =Y31+0.18 -> 2.641 | Q31: =P31+R31 -> 2.663 | R31: =RANDBETWEEN(-20,70)/1000 -> 0.022 | T31: 19 | W31: ='KTHH Lớp 2'!G31 -> 2.461 | X31: ='KTHH Lớp 2'!J31 -> 2.578 | Y31: ='KTHH Lớp 2'!P31 -> 2.461
A32: 10 | B32: 19 | C32: =+C31+T31 -> 368.25 | D32: -5.25 | E32: =+D32+F32 -> -5.2508 | F32: =RANDBETWEEN(-105,115)/10000 -> -0.0008 | G32: =W32+0.18 -> 2.63 | H32: =G32+I32 -> 2.678 | I32: =RANDBETWEEN(-20,70)/1000 -> 0.048 | J32: =X32+0.18 -> 2.747 | K32: =J32+L32 -> 2.796 | L32: =RANDBETWEEN(-20,70)/1000 -> 0.049 | M32: 5.25 | N32: =+M32+O32 -> 5.2447 | O32: =RANDBETWEEN(-105,115)/10000 -> -0.0053 | P32: =Y32+0.18 -> 2.63 | Q32: =P32+R32 -> 2.689 | R32: =RANDBETWEEN(-20,70)/1000 -> 0.059 | T32: 13.25 | W32: ='KTHH Lớp 2'!G32 -> 2.45 | X32: ='KTHH Lớp 2'!J32 -> 2.567 | Y32: ='KTHH Lớp 2'!P32 -> 2.45
A33: 11 | B33: C2 | C33: =+C32+T32 -> 381.5 | D33: -5.25 | E33: =+D33+F33 -> -5.2526 | F33: =RANDBETWEEN(-105,115)/10000 -> -0.0026 | G33: =W33+0.18 -> 2.622 | H33: =G33+I33 -> 2.611 | I33: =RANDBETWEEN(-20,70)/1000 -> -0.011 | J33: =X33+0.18 -> 2.739 | K33: =J33+L33 -> 2.808 | L33: =RANDBETWEEN(-20,70)/1000 -> 0.069 | M33: 5.25 | N33: =+M33+O33 -> 5.2577 | O33: =RANDBETWEEN(-105,115)/10000 -> 0.0077 | P33: =Y33+0.18 -> 2.622 | Q33: =P33+R33 -> 2.605 | R33: =RANDBETWEEN(-20,70)/1000 -> -0.017 | T33: 13.25 | W33: ='KTHH Lớp 2'!G33 -> 2.442 | X33: ='KTHH Lớp 2'!J33 -> 2.559 | Y33: ='KTHH Lớp 2'!P33 -> 2.442
A34: 12 | B34: 20 | C34: =+C33+T33 -> 394.75 | D34: -5.25 | E34: =+D34+F34 -> -5.2433 | F34: =RANDBETWEEN(-105,115)/10000 -> 0.0067 | G34: =W34+0.18 -> 2.614 | H34: =G34+I34 -> 2.654 | I34: =RANDBETWEEN(-20,70)/1000 -> 0.04 | J34: =X34+0.18 -> 2.731 | K34: =J34+L34 -> 2.766 | L34: =RANDBETWEEN(-20,70)/1000 -> 0.035 | M34: 5.25 | N34: =+M34+O34 -> 5.2401 | O34: =RANDBETWEEN(-105,115)/10000 -> -0.0099 | P34: =Y34+0.18 -> 2.614 | Q34: =P34+R34 -> 2.619 | R34: =RANDBETWEEN(-20,70)/1000 -> 0.005 | T34: 20 | W34: ='KTHH Lớp 2'!G34 -> 2.434 | X34: ='KTHH Lớp 2'!J34 -> 2.551 | Y34: ='KTHH Lớp 2'!P34 -> 2.434
A35: 13 | B35: 21 | C35: =+C34+T34 -> 414.75 | D35: -5.25 | E35: =+D35+F35 -> -5.2449 | F35: =RANDBETWEEN(-105,115)/10000 -> 0.0051 | G35: =W35+0.18 -> 2.601 | H35: =G35+I35 -> 2.617 | I35: =RANDBETWEEN(-20,70)/1000 -> 0.016 | J35: =X35+0.18 -> 2.718 | K35: =J35+L35 -> 2.716 | L35: =RANDBETWEEN(-20,70)/1000 -> -0.002 | M35: 5.25 | N35: =+M35+O35 -> 5.2527 | O35: =RANDBETWEEN(-105,115)/10000 -> 0.0027 | P35: =Y35+0.18 -> 2.601 | Q35: =P35+R35 -> 2.59 | R35: =RANDBETWEEN(-20,70)/1000 -> -0.011 | T35: 20 | W35: ='KTHH Lớp 2'!G35 -> 2.421 | X35: ='KTHH Lớp 2'!J35 -> 2.538 | Y35: ='KTHH Lớp 2'!P35 -> 2.421
... A57: 35 | B57: 37 | C57: =+C56+T56 -> 724.11 | D57: -5.25 | E57: =+D57+F57 -> -5.2511 | F57: =RANDBETWEEN(-105,115)/10000 -> -0.0011 | G57: =W57+0.18 -> 2.532 | H57: =G57+I57 -> 2.519 | I57: =RANDBETWEEN(-20,70)/1000 -> -0.013 | J57: =X57+0.18 -> 2.649 | K57: =J57+L57 -> 2.701 | L57: =RANDBETWEEN(-20,70)/1000 -> 0.052 | M57: 5.25 | N57: =+M57+O57 -> 5.2594 | O57: =RANDBETWEEN(-105,115)/10000 -> 0.0094 | P57: =Y57+0.18 -> 2.532 | Q57: =P57+R57 -> 2.554 | R57: =RANDBETWEEN(-20,70)/1000 -> 0.022 | T57: 13.25 | W57: ='KTHH Lớp 2'!G57 -> 2.352 | X57: ='KTHH Lớp 2'!J57 -> 2.469 | Y57: ='KTHH Lớp 2'!P57 -> 2.352
A58: 36 | B58: G6 | C58: =+C57+T57 -> 737.36 | D58: -5.25 | E58: =+D58+F58 -> -5.2581 | F58: =RANDBETWEEN(-105,115)/10000 -> -0.0081 | G58: =W58+0.18 -> 2.536 | H58: =G58+I58 -> 2.516 | I58: =RANDBETWEEN(-20,70)/1000 -> -0.02 | J58: =X58+0.18 -> 2.653 | K58: =J58+L58 -> 2.713 | L58: =RANDBETWEEN(-20,70)/1000 -> 0.06 | M58: 5.25 | N58: =+M58+O58 -> 5.2434 | O58: =RANDBETWEEN(-105,115)/10000 -> -0.0066 | P58: =Y58+0.18 -> 2.536 | Q58: =P58+R58 -> 2.531 | R58: =RANDBETWEEN(-20,70)/1000 -> -0.005 | W58: ='KTHH Lớp 2'!G58 -> 2.356 | X58: ='KTHH Lớp 2'!J58 -> 2.473 | Y58: ='KTHH Lớp 2'!P58 -> 2.356
C62: NHÀ THẦU THI CÔNG | O62: TƯ VẤN GIÁM SÁT
C67: Nguyễn Xuân Hưng | O67: Trần Mạnh Tùng

Sheet KL Basa A
A1: PHỤ LỤC KHỐI LƯỢNG
A2: Kèm theo BBNT số: 21.NĐXD8/CVXD ngày 26 tháng 08 năm 2026
A3: Dự án: Xây dựng HTKT Khu tái định cư phục vụ di dân xã Hải Hà, thị xã Nghi Sơn, tỉnh Thanh Hóa.
A4: Gói thầu số 12: Xây dựng HTKT khu vực Hải Bình và Xuân Lâm (bao gồm cả bảo hiểm xây dựng công trình)
A5: Nhà thầu thi công: Công ty TNHH Hoàng Tuấn
A6: Hạng mục: Móng đường tuyến XD8
A7: - Đối tượng nghiệm thu: | D7: Đắp cấp phối đá dăm loại 2 đoạn từ Km0+211,00 - Km0+737,36
A9: STT | B9: Tên cọc | C9: Lý trình | D9: K/c lẻ | M9: Đào xử lý nền đường | O9: Diện tích | W9: Khối lượng | AB9: Ghi chú
N10: Diện tích | P10: Diện tích | Q10: Diện tích | U10: Khối lượng | V10: Khối lượng | X10: Khối lượng | Y10: Khối lượng
A11: 1 | B11: ='Base A'!B23 -> B4 | C11: ='Base A'!C23 -> 211 | D11: ='Base A'!T23 -> 13.25 | O11: =10.5*0.18 -> 1.89 | W11: =(O11+O12)*D11/2 -> 25.0425
A12: 2 | B12: ='Base A'!B24 -> 12 | C12: ='Base A'!C24 -> 224.25 | D12: ='Base A'!T24 -> 21.5 | O12: =10.5*0.18 -> 1.89 | W12: =(O12+O13)*D12/2 -> 40.635
A13: 3 | B13: ='Base A'!B25 -> 13 | C13: ='Base A'!C25 -> 245.75 | D13: ='Base A'!T25 -> 11.75 | O13: =10.5*0.18 -> 1.89 | W13: =(O13+O14)*D13/2 -> 22.2075
A14: 4 | B14: ='Base A'!B26 -> B5 | C14: ='Base A'!C26 -> 257.5 | D14: ='Base A'!T26 -> 11.75 | O14: =10.5*0.18 -> 1.89 | W14: =(O14+O15)*D14/2 -> 22.2075
A15: 5 | B15: ='Base A'!B27 -> 14 | C15: ='Base A'!C27 -> 269.25 | D15: ='Base A'!T27 -> 20 | O15: =10.5*0.18 -> 1.89 | W15: =(O15+O16)*D15/2 -> 37.8
A16: 6 | B16: ='Base A'!B28 -> 15 | C16: ='Base A'!C28 -> 289.25 | D16: ='Base A'!T28 -> 20 | O16: =10.5*0.18 -> 1.89 | W16: =(O16+O17)*D16/2 -> 37.8
A17: 7 | B17: ='Base A'!B29 -> 16 | C17: ='Base A'!C29 -> 309.25 | D17: ='Base A'!T29 -> 20 | O17: =10.5*0.18 -> 1.89 | W17: =(O17+O18)*D17/2 -> 37.8
A18: 8 | B18: ='Base A'!B30 -> 17 | C18: ='Base A'!C30 -> 329.25 | D18: ='Base A'!T30 -> 20 | O18: =10.5*0.18 -> 1.89 | W18: =(O18+O19)*D18/2 -> 37.8
A19: 9 | B19: ='Base A'!B31 -> 18 | C19: ='Base A'!C31 -> 349.25 | D19: ='Base A'!T31 -> 19 | O19: =10.5*0.18 -> 1.89 | W19: =(O19+O20)*D19/2 -> 35.91
A20: 10 | B20: ='Base A'!B32 -> 19 | C20: ='Base A'!C32 -> 368.25 | D20: ='Base A'!T32 -> 13.25 | O20: =10.5*0.18 -> 1.89 | W20: =(O20+O21)*D20/2 -> 25.0425
A21: 11 | B21: ='Base A'!B33 -> C2 | C21: ='Base A'!C33 -> 381.5 | D21: ='Base A'!T33 -> 13.25 | O21: =10.5*0.18 -> 1.89 | W21: =(O21+O22)*D21/2 -> 25.0425
A22: 12 | B22: ='Base A'!B34 -> 20 | C22: ='Base A'!C34 -> 394.75 | D22: ='Base A'!T34 -> 20 | O22: =10.5*0.18 -> 1.89 | W22: =(O22+O23)*D22/2 -> 37.8
... A45: 35 | B45: ='Base A'!B57 -> 37 | C45: ='Base A'!C57 -> 724.11 | D45: ='Base A'!T57 -> 13.25 | O45: =10.5*0.18 -> 1.89 | W45: =(O45+O46)*D45/2 -> 25.0425
A46: 36 | B46: ='Base A'!B58 -> G6 | C46: ='Base A'!C58 -> 737.36 | O46: =10.5*0.18 -> 1.89
A49: Tổng cộng (m3) | R49: =SUM(R11:R34) -> 0 | S49: =SUM(S11:S34) -> 0 | U49: =SUM(U11:U34) -> 0 | V49: =SUM(V11:V34) -> 0 | W49: =SUM(W11:W46) -> 994.8204 | X49: =SUM(X11:X34) -> 0 | Y49: =SUM(Y11:Y34) -> 0 | Z49: =SUM(Z11:Z34) -> 0 | AA49: =SUM(AA11:AA34) -> 0
A51: NHÀ THẦU THI CÔNG | E51: TƯ VẤN GIÁM SÁT
A57: Nguyễn Xuân Hưng | M57: Trần Mạnh Tùng

Sheet Base B
A1: PHỤ LỤC KIỂM TRA CAO ĐỘ, KÍCH THƯỚC HÌNH HỌC
A2: Kèm theo BBNT số: 24.NĐXD8/CVXD ngày 27 tháng 08 năm 2026
A3: Dự án: Xây dựng HTKT Khu tái định cư phục vụ di dân xã Hải Hà, thị xã Nghi Sơn, tỉnh Thanh Hóa.
A4: Gói thầu số 12: Xây dựng HTKT khu vực Hải Bình và Xuân Lâm (bao gồm cả bảo hiểm xây dựng công trình)
A5: Nhà thầu thi công: Công ty TNHH Hoàng Tuấn
A6: Hạng mục: Móng đường tuyến XD8
A7: - Đối tượng nghiệm thu: | G7: Đắp cấp phối đá dăm loại 1 đoạn từ Km0+211,00 - Km0+737,36
A8: Sơ họa:
A21: TT | B21: Tên cọc | C21: Lý trình | D21: Bên trái (H1) | J21: Tim (H2) | M21: Bên phải (H3) | S21: Ghi chú
D22: KCTK | E22: KCTC | F22: Chênh KC (m) | G22: CDTK (m) | H22: CDTC (m) | I22: Chênh CD (m) | J22: CDTK (m) | K22: CDTC (m) | L22: Chênh CD (m) | M22: KCTK | N22: KCTC | O22: Chênh KC (m) | P22: CDTK (m) | Q22: CDTC (m) | R22: Chênh CD (m)
A23: 1 | B23: B4 | C23: 211 | D23: -5.25 | E23: =+D23+F23 -> -5.2593 | F23: =RANDBETWEEN(-105,115)/10000 -> -0.0093 | G23: =W23+0.15 -> 2.88 | H23: =G23+I23 -> 2.946 | I23: =RANDBETWEEN(-20,70)/1000 -> 0.066 | J23: =X23+0.15 -> 2.997 | K23: =J23+L23 -> 3.031 | L23: =RANDBETWEEN(-20,70)/1000 -> 0.034 | M23: 5.25 | N23: =+M23+O23 -> 5.2497 | O23: =RANDBETWEEN(-105,115)/10000 -> -0.0003 | P23: =Y23+0.15 -> 2.88 | Q23: =P23+R23 -> 2.902 | R23: =RANDBETWEEN(-20,70)/1000 -> 0.022 | T23: 13.25 | W23: ='Base A'!G23 -> 2.73 | X23: ='Base A'!J23 -> 2.847 | Y23: ='Base A'!P23 -> 2.73
A24: 2 | B24: 12 | C24: =+C23+T23 -> 224.25 | D24: -5.25 | E24: =+D24+F24 -> -5.255 | F24: =RANDBETWEEN(-105,115)/10000 -> -0.005 | G24: =W24+0.15 -> 2.872 | H24: =G24+I24 -> 2.931 | I24: =RANDBETWEEN(-20,70)/1000 -> 0.059 | J24: =X24+0.15 -> 2.989 | K24: =J24+L24 -> 3.01 | L24: =RANDBETWEEN(-20,70)/1000 -> 0.021 | M24: 5.25 | N24: =+M24+O24 -> 5.247 | O24: =RANDBETWEEN(-105,115)/10000 -> -0.003 | P24: =Y24+0.15 -> 2.872 | Q24: =P24+R24 -> 2.887 | R24: =RANDBETWEEN(-20,70)/1000 -> 0.015 | T24: 21.5 | W24: ='Base A'!G24 -> 2.722 | X24: ='Base A'!J24 -> 2.839 | Y24: ='Base A'!P24 -> 2.722
A25: 3 | B25: 13 | C25: =+C24+T24 -> 245.75 | D25: -5.25 | E25: =+D25+F25 -> -5.2523 | F25: =RANDBETWEEN(-105,115)/10000 -> -0.0023 | G25: =W25+0.15 -> 2.853 | H25: =G25+I25 -> 2.898 | I25: =RANDBETWEEN(-20,70)/1000 -> 0.045 | J25: =X25+0.15 -> 2.97 | K25: =J25+L25 -> 2.965 | L25: =RANDBETWEEN(-20,70)/1000 -> -0.005 | M25: 5.25 | N25: =+M25+O25 -> 5.2581 | O25: =RANDBETWEEN(-105,115)/10000 -> 0.0081 | P25: =Y25+0.15 -> 2.853 | Q25: =P25+R25 -> 2.838 | R25: =RANDBETWEEN(-20,70)/1000 -> -0.015 | T25: 11.75 | W25: ='Base A'!G25 -> 2.703 | X25: ='Base A'!J25 -> 2.82 | Y25: ='Base A'!P25 -> 2.703
A26: 4 | B26: B5 | C26: =+C25+T25 -> 257.5 | D26: -5.25 | E26: =+D26+F26 -> -5.2585 | F26: =RANDBETWEEN(-105,115)/10000 -> -0.0085 | G26: =W26+0.15 -> 2.845 | H26: =G26+I26 -> 2.894 | I26: =RANDBETWEEN(-20,70)/1000 -> 0.049 | J26: =X26+0.15 -> 2.962 | K26: =J26+L26 -> 2.994 | L26: =RANDBETWEEN(-20,70)/1000 -> 0.032 | M26: 5.25 | N26: =+M26+O26 -> 5.2403 | O26: =RANDBETWEEN(-105,115)/10000 -> -0.0097 | P26: =Y26+0.15 -> 2.845 | Q26: =P26+R26 -> 2.85 | R26: =RANDBETWEEN(-20,70)/1000 -> 0.005 | T26: 11.75 | W26: ='Base A'!G26 -> 2.695 | X26: ='Base A'!J26 -> 2.812 | Y26: ='Base A'!P26 -> 2.695
A27: 5 | B27: 14 | C27: =+C26+T26 -> 269.25 | D27: -5.25 | E27: =+D27+F27 -> -5.2482 | F27: =RANDBETWEEN(-105,115)/10000 -> 0.0018 | G27: =W27+0.15 -> 2.836 | H27: =G27+I27 -> 2.849 | I27: =RANDBETWEEN(-20,70)/1000 -> 0.013 | J27: =X27+0.15 -> 2.953 | K27: =J27+L27 -> 2.972 | L27: =RANDBETWEEN(-20,70)/1000 -> 0.019 | M27: 5.25 | N27: =+M27+O27 -> 5.2438 | O27: =RANDBETWEEN(-105,115)/10000 -> -0.0062 | P27: =Y27+0.15 -> 2.836 | Q27: =P27+R27 -> 2.902 | R27: =RANDBETWEEN(-20,70)/1000 -> 0.066 | T27: 20 | W27: ='Base A'!G27 -> 2.686 | X27: ='Base A'!J27 -> 2.803 | Y27: ='Base A'!P27 -> 2.686
A28: 6 | B28: 15 | C28: =+C27+T27 -> 289.25 | D28: -5.25 | E28: =+D28+F28 -> -5.2448 | F28: =RANDBETWEEN(-105,115)/10000 -> 0.0052 | G28: =W28+0.15 -> 2.825 | H28: =G28+I28 -> 2.869 | I28: =RANDBETWEEN(-20,70)/1000 -> 0.044 | J28: =X28+0.15 -> 2.942 | K28: =J28+L28 -> 2.939 | L28: =RANDBETWEEN(-20,70)/1000 -> -0.003 | M28: 5.25 | N28: =+M28+O28 -> 5.2553 | O28: =RANDBETWEEN(-105,115)/10000 -> 0.0053 | P28: =Y28+0.15 -> 2.825 | Q28: =P28+R28 -> 2.895 | R28: =RANDBETWEEN(-20,70)/1000 -> 0.07 | T28: 20 | W28: ='Base A'!G28 -> 2.675 | X28: ='Base A'!J28 -> 2.792 | Y28: ='Base A'!P28 -> 2.675
A29: 7 | B29: 16 | C29: =+C28+T28 -> 309.25 | D29: -5.25 | E29: =+D29+F29 -> -5.2425 | F29: =RANDBETWEEN(-105,115)/10000 -> 0.0075 | G29: =W29+0.15 -> 2.814 | H29: =G29+I29 -> 2.843 | I29: =RANDBETWEEN(-20,70)/1000 -> 0.029 | J29: =X29+0.15 -> 2.931 | K29: =J29+L29 -> 2.964 | L29: =RANDBETWEEN(-20,70)/1000 -> 0.033 | M29: 5.25 | N29: =+M29+O29 -> 5.242 | O29: =RANDBETWEEN(-105,115)/10000 -> -0.008 | P29: =Y29+0.15 -> 2.814 | Q29: =P29+R29 -> 2.878 | R29: =RANDBETWEEN(-20,70)/1000 -> 0.064 | T29: 20 | W29: ='Base A'!G29 -> 2.664 | X29: ='Base A'!J29 -> 2.781 | Y29: ='Base A'!P29 -> 2.664
A30: 8 | B30: 17 | C30: =+C29+T29 -> 329.25 | D30: -5.25 | E30: =+D30+F30 -> -5.2589 | F30: =RANDBETWEEN(-105,115)/10000 -> -0.0089 | G30: =W30+0.15 -> 2.803 | H30: =G30+I30 -> 2.848 | I30: =RANDBETWEEN(-20,70)/1000 -> 0.045 | J30: =X30+0.15 -> 2.92 | K30: =J30+L30 -> 2.982 | L30: =RANDBETWEEN(-20,70)/1000 -> 0.062 | M30: 5.25 | N30: =+M30+O30 -> 5.2507 | O30: =RANDBETWEEN(-105,115)/10000 -> 0.0007 | P30: =Y30+0.15 -> 2.803 | Q30: =P30+R30 -> 2.857 | R30: =RANDBETWEEN(-20,70)/1000 -> 0.054 | T30: 20 | W30: ='Base A'!G30 -> 2.653 | X30: ='Base A'!J30 -> 2.77 | Y30: ='Base A'!P30 -> 2.653
A31: 9 | B31: 18 | C31: =+C30+T30 -> 349.25 | D31: -5.25 | E31: =+D31+F31 -> -5.2572 | F31: =RANDBETWEEN(-105,115)/10000 -> -0.0072 | G31: =W31+0.15 -> 2.791 | H31: =G31+I31 -> 2.806 | I31: =RANDBETWEEN(-20,70)/1000 -> 0.015 | J31: =X31+0.15 -> 2.908 | K31: =J31+L31 -> 2.939 | L31: =RANDBETWEEN(-20,70)/1000 -> 0.031 | M31: 5.25 | N31: =+M31+O31 -> 5.2604 | O31: =RANDBETWEEN(-105,115)/10000 -> 0.0104 | P31: =Y31+0.15 -> 2.791 | Q31: =P31+R31 -> 2.853 | R31: =RANDBETWEEN(-20,70)/1000 -> 0.062 | T31: 19 | W31: ='Base A'!G31 -> 2.641 | X31: ='Base A'!J31 -> 2.758 | Y31: ='Base A'!P31 -> 2.641
A32: 10 | B32: 19 | C32: =+C31+T31 -> 368.25 | D32: -5.25 | E32: =+D32+F32 -> -5.243 | F32: =RANDBETWEEN(-105,115)/10000 -> 0.007 | G32: =W32+0.15 -> 2.78 | H32: =G32+I32 -> 2.806 | I32: =RANDBETWEEN(-20,70)/1000 -> 0.026 | J32: =X32+0.15 -> 2.897 | K32: =J32+L32 -> 2.914 | L32: =RANDBETWEEN(-20,70)/1000 -> 0.017 | M32: 5.25 | N32: =+M32+O32 -> 5.2497 | O32: =RANDBETWEEN(-105,115)/10000 -> -0.0003 | P32: =Y32+0.15 -> 2.78 | Q32: =P32+R32 -> 2.778 | R32: =RANDBETWEEN(-20,70)/1000 -> -0.002 | T32: 13.25 | W32: ='Base A'!G32 -> 2.63 | X32: ='Base A'!J32 -> 2.747 | Y32: ='Base A'!P32 -> 2.63
A33: 11 | B33: C2 | C33: =+C32+T32 -> 381.5 | D33: -5.25 | E33: =+D33+F33 -> -5.2519 | F33: =RANDBETWEEN(-105,115)/10000 -> -0.0019 | G33: =W33+0.15 -> 2.772 | H33: =G33+I33 -> 2.802 | I33: =RANDBETWEEN(-20,70)/1000 -> 0.03 | J33: =X33+0.15 -> 2.889 | K33: =J33+L33 -> 2.871 | L33: =RANDBETWEEN(-20,70)/1000 -> -0.018 | M33: 5.25 | N33: =+M33+O33 -> 5.2504 | O33: =RANDBETWEEN(-105,115)/10000 -> 0.0004 | P33: =Y33+0.15 -> 2.772 | Q33: =P33+R33 -> 2.836 | R33: =RANDBETWEEN(-20,70)/1000 -> 0.064 | T33: 13.25 | W33: ='Base A'!G33 -> 2.622 | X33: ='Base A'!J33 -> 2.739 | Y33: ='Base A'!P33 -> 2.622
A34: 12 | B34: 20 | C34: =+C33+T33 -> 394.75 | D34: -5.25 | E34: =+D34+F34 -> -5.2474 | F34: =RANDBETWEEN(-105,115)/10000 -> 0.0026 | G34: =W34+0.15 -> 2.764 | H34: =G34+I34 -> 2.762 | I34: =RANDBETWEEN(-20,70)/1000 -> -0.002 | J34: =X34+0.15 -> 2.881 | K34: =J34+L34 -> 2.87 | L34: =RANDBETWEEN(-20,70)/1000 -> -0.011 | M34: 5.25 | N34: =+M34+O34 -> 5.2413 | O34: =RANDBETWEEN(-105,115)/10000 -> -0.0087 | P34: =Y34+0.15 -> 2.764 | Q34: =P34+R34 -> 2.774 | R34: =RANDBETWEEN(-20,70)/1000 -> 0.01 | T34: 20 | W34: ='Base A'!G34 -> 2.614 | X34: ='Base A'!J34 -> 2.731 | Y34: ='Base A'!P34 -> 2.614
A35: 13 | B35: 21 | C35: =+C34+T34 -> 414.75 | D35: -5.25 | E35: =+D35+F35 -> -5.2412 | F35: =RANDBETWEEN(-105,115)/10000 -> 0.0088 | G35: =W35+0.15 -> 2.751 | H35: =G35+I35 -> 2.78 | I35: =RANDBETWEEN(-20,70)/1000 -> 0.029 | J35: =X35+0.15 -> 2.868 | K35: =J35+L35 -> 2.92 | L35: =RANDBETWEEN(-20,70)/1000 -> 0.052 | M35: 5.25 | N35: =+M35+O35 -> 5.25 | O35: =RANDBETWEEN(-105,115)/10000 -> 0 | P35: =Y35+0.15 -> 2.751 | Q35: =P35+R35 -> 2.799 | R35: =RANDBETWEEN(-20,70)/1000 -> 0.048 | T35: 20 | W35: ='Base A'!G35 -> 2.601 | X35: ='Base A'!J35 -> 2.718 | Y35: ='Base A'!P35 -> 2.601
... A57: 35 | B57: 37 | C57: =+C56+T56 -> 724.11 | D57: -5.25 | E57: =+D57+F57 -> -5.2511 | F57: =RANDBETWEEN(-105,115)/10000 -> -0.0011 | G57: =W57+0.15 -> 2.682 | H57: =G57+I57 -> 2.672 | I57: =RANDBETWEEN(-20,70)/1000 -> -0.01 | J57: =X57+0.15 -> 2.799 | K57: =J57+L57 -> 2.841 | L57: =RANDBETWEEN(-20,70)/1000 -> 0.042 | M57: 5.25 | N57: =+M57+O57 -> 5.2522 | O57: =RANDBETWEEN(-105,115)/10000 -> 0.0022 | P57: =Y57+0.15 -> 2.682 | Q57: =P57+R57 -> 2.679 | R57: =RANDBETWEEN(-20,70)/1000 -> -0.003 | T57: 13.25 | W57: ='Base A'!G57 -> 2.532 | X57: ='Base A'!J57 -> 2.649 | Y57: ='Base A'!P57 -> 2.532
A58: 36 | B58: G6 | C58: =+C57+T57 -> 737.36 | D58: -5.25 | E58: =+D58+F58 -> -5.243 | F58: =RANDBETWEEN(-105,115)/10000 -> 0.007 | G58: =W58+0.15 -> 2.686 | H58: =G58+I58 -> 2.714 | I58: =RANDBETWEEN(-20,70)/1000 -> 0.028 | J58: =X58+0.15 -> 2.803 | K58: =J58+L58 -> 2.843 | L58: =RANDBETWEEN(-20,70)/1000 -> 0.04 | M58: 5.25 | N58: =+M58+O58 -> 5.2567 | O58: =RANDBETWEEN(-105,115)/10000 -> 0.0067 | P58: =Y58+0.15 -> 2.686 | Q58: =P58+R58 -> 2.74 | R58: =RANDBETWEEN(-20,70)/1000 -> 0.054 | W58: ='Base A'!G58 -> 2.536 | X58: ='Base A'!J58 -> 2.653 | Y58: ='Base A'!P58 -> 2.536
C62: NHÀ THẦU THI CÔNG | O62: TƯ VẤN GIÁM SÁT
C67: Nguyễn Xuân Hưng | O67: Lê Minh Hải

Sheet KL Basa B
A1: PHỤ LỤC KHỐI LƯỢNG
A2: Kèm theo BBNT số: 24.NĐXD8/CVXD ngày 27 tháng 08 năm 2026
A3: Dự án: Xây dựng HTKT Khu tái định cư phục vụ di dân xã Hải Hà, thị xã Nghi Sơn, tỉnh Thanh Hóa.
A4: Gói thầu số 12: Xây dựng HTKT khu vực Hải Bình và Xuân Lâm (bao gồm cả bảo hiểm xây dựng công trình)
A5: Nhà thầu thi công: Công ty TNHH Hoàng Tuấn
A6: Hạng mục: Móng đường tuyến XD8
A7: - Đối tượng nghiệm thu: | D7: Đắp cấp phối đá dăm loại 1 đoạn từ Km0+211,00 - Km0+737,36
A9: STT | B9: Tên cọc | C9: Lý trình | D9: K/c lẻ | M9: Đào xử lý nền đường | O9: Diện tích | W9: Khối lượng | AB9: Ghi chú
N10: Diện tích | P10: Diện tích | Q10: Diện tích | U10: Khối lượng | V10: Khối lượng | X10: Khối lượng | Y10: Khối lượng
A11: 1 | B11: ='Base B'!B23 -> B4 | C11: ='Base B'!C23 -> 211 | D11: ='Base B'!T23 -> 13.25 | O11: =10.5*0.15 -> 1.575 | W11: =(O11+O12)*D11/2 -> 20.86875
A12: 2 | B12: ='Base B'!B24 -> 12 | C12: ='Base B'!C24 -> 224.25 | D12: ='Base B'!T24 -> 21.5 | O12: =10.5*0.15 -> 1.575 | W12: =(O12+O13)*D12/2 -> 33.8625
A13: 3 | B13: ='Base B'!B25 -> 13 | C13: ='Base B'!C25 -> 245.75 | D13: ='Base B'!T25 -> 11.75 | O13: =10.5*0.15 -> 1.575 | W13: =(O13+O14)*D13/2 -> 18.50625
A14: 4 | B14: ='Base B'!B26 -> B5 | C14: ='Base B'!C26 -> 257.5 | D14: ='Base B'!T26 -> 11.75 | O14: =10.5*0.15 -> 1.575 | W14: =(O14+O15)*D14/2 -> 18.50625
A15: 5 | B15: ='Base B'!B27 -> 14 | C15: ='Base B'!C27 -> 269.25 | D15: ='Base B'!T27 -> 20 | O15: =10.5*0.15 -> 1.575 | W15: =(O15+O16)*D15/2 -> 31.5
A16: 6 | B16: ='Base B'!B28 -> 15 | C16: ='Base B'!C28 -> 289.25 | D16: ='Base B'!T28 -> 20 | O16: =10.5*0.15 -> 1.575 | W16: =(O16+O17)*D16/2 -> 31.5
A17: 7 | B17: ='Base B'!B29 -> 16 | C17: ='Base B'!C29 -> 309.25 | D17: ='Base B'!T29 -> 20 | O17: =10.5*0.15 -> 1.575 | W17: =(O17+O18)*D17/2 -> 31.5
A18: 8 | B18: ='Base B'!B30 -> 17 | C18: ='Base B'!C30 -> 329.25 | D18: ='Base B'!T30 -> 20 | O18: =10.5*0.15 -> 1.575 | W18: =(O18+O19)*D18/2 -> 31.5
A19: 9 | B19: ='Base B'!B31 -> 18 | C19: ='Base B'!C31 -> 349.25 | D19: ='Base B'!T31 -> 19 | O19: =10.5*0.15 -> 1.575 | W19: =(O19+O20)*D19/2 -> 29.925
A20: 10 | B20: ='Base B'!B32 -> 19 | C20: ='Base B'!C32 -> 368.25 | D20: ='Base B'!T32 -> 13.25 | O20: =10.5*0.15 -> 1.575 | W20: =(O20+O21)*D20/2 -> 20.86875
A21: 11 | B21: ='Base B'!B33 -> C2 | C21: ='Base B'!C33 -> 381.5 | D21: ='Base B'!T33 -> 13.25 | O21: =10.5*0.15 -> 1.575 | W21: =(O21+O22)*D21/2 -> 20.86875
A22: 12 | B22: ='Base B'!B34 -> 20 | C22: ='Base B'!C34 -> 394.75 | D22: ='Base B'!T34 -> 20 | O22: =10.5*0.15 -> 1.575 | W22: =(O22+O23)*D22/2 -> 31.5
... A45: 35 | B45: ='Base B'!B57 -> 37 | C45: ='Base B'!C57 -> 724.11 | D45: ='Base B'!T57 -> 13.25 | O45: =10.5*0.15 -> 1.575 | W45: =(O45+O46)*D45/2 -> 20.86875
A46: 36 | B46: ='Base B'!B58 -> G6 | C46: ='Base B'!C58 -> 737.36 | O46: =10.5*0.15 -> 1.575
A49: Tổng cộng (m3) | R49: =SUM(R11:R34) -> 0 | S49: =SUM(S11:S34) -> 0 | U49: =SUM(U11:U34) -> 0 | V49: =SUM(V11:V34) -> 0 | W49: =SUM(W11:W46) -> 829.017 | X49: =SUM(X11:X34) -> 0 | Y49: =SUM(Y11:Y34) -> 0 | Z49: =SUM(Z11:Z34) -> 0 | AA49: =SUM(AA11:AA34) -> 0
A51: NHÀ THẦU THI CÔNG | E51: TƯ VẤN GIÁM SÁT
A57: Nguyễn Xuân Hưng | M57: ='Base B'!O67 -> Lê Minh Hải
