Workbook

Sheet IN
A1: DANH MỤC NGHIỆM THU
A2: Dự án: Xây dựng hạ tầng kỹ thuật Khu tái định cư phục vụ di dân xã Hải Hà, thị xã Nghi Sơn, tỉnh Thanh Hóa
A3: Gói thầu số 12: Xây dựng hạ tầng kỹ thuật khu vực Hải Bình và Xuân Lâm (bao gồm cả bảo hiểm xây dựng công trình)
A4: Nhà thầu thi công : Công ty TNHH Hoàng Tuấn
A5: Hạng mục: Nền đường tuyến XB6A đoạn từ Km0+000,00-:-Km0+126,46
A7: STT | B7: Nội dung nghiệm thu | C7: Thời gian nghiệm thu | D7: Thời gian bắt đầu | F7: Thời gian kết thúc
D8: ='Tuyến XB6A'!H2 -> 0 | E8: ='Tuyến XB6A'!I2 -> 0 | F8: ='Tuyến XB6A'!K2 -> 0 | G8: ='Tuyến XB6A'!L2 -> 0
A9: ='Tuyến XB6A'!A3 -> 1 | B9: ='Tuyến XB6A'!B3 -> Kiểm tra cao độ đường đen đoạn từ Km0+000,00 -:- Km0+126,46 | C9: ='Tuyến XB6A'!C3 -> 46254 | D9: ='Tuyến XB6A'!H3 -> 9 | E9: ='Tuyến XB6A'!I3 -> 00 | F9: ='Tuyến XB6A'!K3 -> 9 | G9: ='Tuyến XB6A'!L3 -> 30
A10: ='Tuyến XB6A'!A4 -> 2 | B10: ='Tuyến XB6A'!B4 -> Đào đất xử lý nền đường đoạn từ Km0+000,00 - Km0+126,46 | C10: ='Tuyến XB6A'!C4 -> 46258 | D10: ='Tuyến XB6A'!H4 -> 9 | E10: ='Tuyến XB6A'!I4 -> 00 | F10: ='Tuyến XB6A'!K4 -> 9 | G10: ='Tuyến XB6A'!L4 -> 30
A11: ='Tuyến XB6A'!A5 -> 3 | B11: ='Tuyến XB6A'!B5 -> Rải vải địa kỹ thuật đoạn từ Km0+000,00 - Km0+126,46 | C11: ='Tuyến XB6A'!C5 -> 46258 | D11: ='Tuyến XB6A'!H5 -> 15 | E11: ='Tuyến XB6A'!I5 -> 00 | F11: ='Tuyến XB6A'!K5 -> 15 | G11: ='Tuyến XB6A'!L5 -> 30
A12: ='Tuyến XB6A'!A6 -> 4 | B12: ='Tuyến XB6A'!B6 -> Đắp cát nền đường lớp 1 đoạn từ Km0+000,00 - Km0+126,46, độ chặt K>=0,95 | C12: ='Tuyến XB6A'!C6 -> 46259 | D12: ='Tuyến XB6A'!H6 -> 9 | E12: ='Tuyến XB6A'!I6 -> 00 | F12: ='Tuyến XB6A'!K6 -> 9 | G12: ='Tuyến XB6A'!L6 -> 30
A13: ='Tuyến XB6A'!A7 -> 5 | B13: ='Tuyến XB6A'!B7 -> Đắp cát nền đường lớp 2 đoạn từ Km0+000,00 - Km0+126,46, độ chặt K>=0,95 | C13: ='Tuyến XB6A'!C7 -> 46260 | D13: ='Tuyến XB6A'!H7 -> 9 | E13: ='Tuyến XB6A'!I7 -> 00 | F13: ='Tuyến XB6A'!K7 -> 9 | G13: ='Tuyến XB6A'!L7 -> 30
A14: ='Tuyến XB6A'!A8 -> 6 | B14: ='Tuyến XB6A'!B8 -> Đắp cát nền đường lớp 3 đoạn từ Km0+000,00 - Km0+126,46, độ chặt K>=0,95 | C14: ='Tuyến XB6A'!C8 -> 46261 | D14: ='Tuyến XB6A'!H8 -> 9 | E14: ='Tuyến XB6A'!I8 -> 00 | F14: ='Tuyến XB6A'!K8 -> 9 | G14: ='Tuyến XB6A'!L8 -> 30
A15: ='Tuyến XB6A'!A9 -> 7 | B15: ='Tuyến XB6A'!B9 -> Đắp cát nền đường lớp 4 đoạn từ Km0+000,00 - Km0+126,46, độ chặt K>=0,95 | C15: ='Tuyến XB6A'!C9 -> 46262 | D15: ='Tuyến XB6A'!H9 -> 9 | E15: ='Tuyến XB6A'!I9 -> 00 | F15: ='Tuyến XB6A'!K9 -> 9 | G15: ='Tuyến XB6A'!L9 -> 30
A16: ='Tuyến XB6A'!A10 -> 8 | B16: ='Tuyến XB6A'!B10 -> Đắp đất nền đường lớp 1 đoạn từ Km0+000,00 - Km0+126,46, độ chặt K>=0,95 | C16: ='Tuyến XB6A'!C10 -> 46263 | D16: ='Tuyến XB6A'!H10 -> 9 | E16: ='Tuyến XB6A'!I10 -> 00 | F16: ='Tuyến XB6A'!K10 -> 9 | G16: ='Tuyến XB6A'!L10 -> 30
A17: ='Tuyến XB6A'!A11 -> 9 | B17: ='Tuyến XB6A'!B11 -> Đắp đất nền đường lớp 2 đoạn từ Km0+000,00 - Km0+126,46, độ chặt K>=0,95 | C17: ='Tuyến XB6A'!C11 -> 46263 | D17: ='Tuyến XB6A'!H11 -> 15 | E17: ='Tuyến XB6A'!I11 -> 00 | F17: ='Tuyến XB6A'!K11 -> 15 | G17: ='Tuyến XB6A'!L11 -> 30
A18: ='Tuyến XB6A'!A12 -> 10 | B18: ='Tuyến XB6A'!B12 -> Đắp đất nền đường lớp 3 đoạn từ Km0+000,00 - Km0+126,46, độ chặt K>=0,95 | C18: ='Tuyến XB6A'!C12 -> 46264 | D18: ='Tuyến XB6A'!H12 -> 9 | E18: ='Tuyến XB6A'!I12 -> 00 | F18: ='Tuyến XB6A'!K12 -> 9 | G18: ='Tuyến XB6A'!L12 -> 30
A19: ='Tuyến XB6A'!A13 -> 11 | B19: ='Tuyến XB6A'!B13 -> Đắp đất nền đường lớp 4 đoạn từ Km0+000,00 - Km0+126,46, độ chặt K>=0,95 | C19: ='Tuyến XB6A'!C13 -> 46264 | D19: ='Tuyến XB6A'!H13 -> 15 | E19: ='Tuyến XB6A'!I13 -> 00 | F19: ='Tuyến XB6A'!K13 -> 15 | G19: ='Tuyến XB6A'!L13 -> 30
A20: ='Tuyến XB6A'!A14 -> 12 | B20: ='Tuyến XB6A'!B14 -> Đắp đất nền đường lớp 5 đoạn từ Km0+000,00 - Km0+126,46, độ chặt K>=0,95 | C20: ='Tuyến XB6A'!C14 -> 46268 | D20: ='Tuyến XB6A'!H14 -> 9 | E20: ='Tuyến XB6A'!I14 -> 00 | F20: ='Tuyến XB6A'!K14 -> 9 | G20: ='Tuyến XB6A'!L14 -> 30
... A36: ='Tuyến XB6A'!A30 -> 28 | B36: ='Tuyến XB6A'!B30 -> Bê tông nhựa C16 - Chiều dày mặt đường đã lèn ép 6cm | C36: ='Tuyến XB6A'!C30 -> 46286 | D36: ='Tuyến XB6A'!H30 -> 9 | E36: ='Tuyến XB6A'!I30 -> 00 | F36: ='Tuyến XB6A'!K30 -> 9 | G36: ='Tuyến XB6A'!L30 -> 30

Sheet Tuyến XB6A
A1: STT | B1: Nội dung nghiệm thu | C1: Thời gian nghiệm thu | D1: Thời gian bằng chữ | E1: Bản vẽ | F1: Số PYC | G1: Số BBNT | H1: Giờ bắt đầu | I1: Phút bắt đầu | J1: Tiêu chuẩn | K1: Giờ kết thúc | L1: Phút kết thúc | M1: Ngày | N1: Tháng | O1: Năm | P1: Kỹ thuật TC | Q1: Giám sát | R1: Số BBNT vật liệu, thiết bị | S1: Thời gian nghiệm thu vật liệu
A3: 1 | B3: Kiểm tra cao độ đường đen đoạn từ Km0+000,00 -:- Km0+126,46 | C3: 46254 | D3: =CONCATENATE("ngày ",TEXT(C3,"dd")," tháng ",TEXT(C3,"mm")," năm ",TEXT(C3,"yyyy")) -> ngày 20 tháng 08 năm 2026 | E3: Tuyến XB6A | F3: =TEXT(A3,"00") & ".NĐ/YCNT" -> 01.NĐ/YCNT | G3: =TEXT(A3,"00") & ".NĐXB6A/CVXD " -> 01.NĐXB6A/CVXD | H3: 9 | I3: 00 | K3: =+H3 -> 9 | L3: 30 | M3: =CONCATENATE(TEXT(C3,"dd")) -> 20 | N3: =CONCATENATE(TEXT(C3,"mm")) -> 08 | O3: =CONCATENATE(TEXT(C3,"yyyy")) -> 2026 | P3: Nguyễn Xuân Hưng | Q3: Lê Quốc Huy
A4: =+A3+1 -> 2 | B4: Đào đất xử lý nền đường đoạn từ Km0+000,00 - Km0+126,46 | C4: =+C3+4 -> 46258 | D4: =CONCATENATE("ngày ",TEXT(C4,"dd")," tháng ",TEXT(C4,"mm")," năm ",TEXT(C4,"yyyy")) -> ngày 24 tháng 08 năm 2026 | E4: Tuyến XB6A | F4: =TEXT(A4,"00") & ".NĐ/YCNT" -> 02.NĐ/YCNT | G4: =TEXT(A4,"00") & ".NĐXB6A/CVXD " -> 02.NĐXB6A/CVXD | H4: 9 | I4: 00 | J4: TCVN 4447-2012: Công tác đất. Thi công và nghiệm thu. | K4: =+H4 -> 9 | L4: 30 | M4: =CONCATENATE(TEXT(C4,"dd")) -> 24 | N4: =CONCATENATE(TEXT(C4,"mm")) -> 08 | O4: =CONCATENATE(TEXT(C4,"yyyy")) -> 2026 | P4: Nguyễn Xuân Hưng | Q4: Lê Quốc Huy
A5: =+A4+1 -> 3 | B5: Rải vải địa kỹ thuật đoạn từ Km0+000,00 - Km0+126,46 | C5: =+C4 -> 46258 | D5: =CONCATENATE("ngày ",TEXT(C5,"dd")," tháng ",TEXT(C5,"mm")," năm ",TEXT(C5,"yyyy")) -> ngày 24 tháng 08 năm 2026 | E5: Tuyến XB6A | F5: =TEXT(A5,"00") & ".NĐ/YCNT" -> 03.NĐ/YCNT | G5: =TEXT(A5,"00") & ".NĐXB6A/CVXD " -> 03.NĐXB6A/CVXD | H5: 15 | I5: 00 | J5: TCVN 9844 : 2013 Vải địa kỹ thuật trong xây dựng nền đắp trên đất yếu - Tiêu chuẩn thiết kế, thi công và nghiệm thu | K5: =+H5 -> 15 | L5: 30 | M5: =CONCATENATE(TEXT(C5,"dd")) -> 24 | N5: =CONCATENATE(TEXT(C5,"mm")) -> 08 | O5: =CONCATENATE(TEXT(C5,"yyyy")) -> 2026 | P5: Nguyễn Xuân Hưng | Q5: Lê Quốc Huy
A6: =+A5+1 -> 4 | B6: Đắp cát nền đường lớp 1 đoạn từ Km0+000,00 - Km0+126,46, độ chặt K>=0,95 | C6: =+C5+1 -> 46259 | D6: =CONCATENATE("ngày ",TEXT(C6,"dd")," tháng ",TEXT(C6,"mm")," năm ",TEXT(C6,"yyyy")) -> ngày 25 tháng 08 năm 2026 | E6: Tuyến XB6A | F6: =TEXT(A6,"00") & ".NĐ/YCNT" -> 04.NĐ/YCNT | G6: =TEXT(A6,"00") & ".NĐXB6A/CVXD " -> 04.NĐXB6A/CVXD | H6: 9 | I6: 00 | J6: TCVN 4447-2012: Công tác đất. Thi công và nghiệm thu. | K6: =+H6 -> 9 | L6: 30 | M6: =CONCATENATE(TEXT(C6,"dd")) -> 25 | N6: =CONCATENATE(TEXT(C6,"mm")) -> 08 | O6: =CONCATENATE(TEXT(C6,"yyyy")) -> 2026 | P6: Nguyễn Xuân Hưng | Q6: Lê Quốc Huy
A7: =+A6+1 -> 5 | B7: Đắp cát nền đường lớp 2 đoạn từ Km0+000,00 - Km0+126,46, độ chặt K>=0,95 | C7: =+C6+1 -> 46260 | D7: =CONCATENATE("ngày ",TEXT(C7,"dd")," tháng ",TEXT(C7,"mm")," năm ",TEXT(C7,"yyyy")) -> ngày 26 tháng 08 năm 2026 | E7: Tuyến XB6A | F7: =TEXT(A7,"00") & ".NĐ/YCNT" -> 05.NĐ/YCNT | G7: =TEXT(A7,"00") & ".NĐXB6A/CVXD " -> 05.NĐXB6A/CVXD | H7: 9 | I7: 00 | J7: TCVN 4447-2012: Công tác đất. Thi công và nghiệm thu. | K7: =+H7 -> 9 | L7: 30 | M7: =CONCATENATE(TEXT(C7,"dd")) -> 26 | N7: =CONCATENATE(TEXT(C7,"mm")) -> 08 | O7: =CONCATENATE(TEXT(C7,"yyyy")) -> 2026 | P7: Nguyễn Xuân Hưng | Q7: Lê Quốc Huy
A8: =+A7+1 -> 6 | B8: Đắp cát nền đường lớp 3 đoạn từ Km0+000,00 - Km0+126,46, độ chặt K>=0,95 | C8: =+C7+1 -> 46261 | D8: =CONCATENATE("ngày ",TEXT(C8,"dd")," tháng ",TEXT(C8,"mm")," năm ",TEXT(C8,"yyyy")) -> ngày 27 tháng 08 năm 2026 | E8: Tuyến XB6A | F8: =TEXT(A8,"00") & ".NĐ/YCNT" -> 06.NĐ/YCNT | G8: =TEXT(A8,"00") & ".NĐXB6A/CVXD " -> 06.NĐXB6A/CVXD | H8: 9 | I8: 00 | J8: TCVN 4447-2012: Công tác đất. Thi công và nghiệm thu. | K8: =+H8 -> 9 | L8: 30 | M8: =CONCATENATE(TEXT(C8,"dd")) -> 27 | N8: =CONCATENATE(TEXT(C8,"mm")) -> 08 | O8: =CONCATENATE(TEXT(C8,"yyyy")) -> 2026 | P8: Nguyễn Xuân Hưng | Q8: Lê Quốc Huy
A9: =+A8+1 -> 7 | B9: Đắp cát nền đường lớp 4 đoạn từ Km0+000,00 - Km0+126,46, độ chặt K>=0,95 | C9: =+C8+1 -> 46262 | D9: =CONCATENATE("ngày ",TEXT(C9,"dd")," tháng ",TEXT(C9,"mm")," năm ",TEXT(C9,"yyyy")) -> ngày 28 tháng 08 năm 2026 | E9: Tuyến XB6A | F9: =TEXT(A9,"00") & ".NĐ/YCNT" -> 07.NĐ/YCNT | G9: =TEXT(A9,"00") & ".NĐXB6A/CVXD " -> 07.NĐXB6A/CVXD | H9: 9 | I9: 00 | J9: TCVN 4447-2012: Công tác đất. Thi công và nghiệm thu. | K9: =+H9 -> 9 | L9: 30 | M9: =CONCATENATE(TEXT(C9,"dd")) -> 28 | N9: =CONCATENATE(TEXT(C9,"mm")) -> 08 | O9: =CONCATENATE(TEXT(C9,"yyyy")) -> 2026 | P9: Nguyễn Xuân Hưng | Q9: Lê Quốc Huy
A10: =+A9+1 -> 8 | B10: Đắp đất nền đường lớp 1 đoạn từ Km0+000,00 - Km0+126,46, độ chặt K>=0,95 | C10: =+C9+1 -> 46263 | D10: =CONCATENATE("ngày ",TEXT(C10,"dd")," tháng ",TEXT(C10,"mm")," năm ",TEXT(C10,"yyyy")) -> ngày 29 tháng 08 năm 2026 | E10: Tuyến XB6A | F10: =TEXT(A10,"00") & ".NĐ/YCNT" -> 08.NĐ/YCNT | G10: =TEXT(A10,"00") & ".NĐXB6A/CVXD " -> 08.NĐXB6A/CVXD | H10: 9 | I10: 00 | J10: TCVN 4447-2012: Công tác đất. Thi công và nghiệm thu. | K10: =+H10 -> 9 | L10: 30 | M10: =CONCATENATE(TEXT(C10,"dd")) -> 29 | N10: =CONCATENATE(TEXT(C10,"mm")) -> 08 | O10: =CONCATENATE(TEXT(C10,"yyyy")) -> 2026 | P10: Nguyễn Xuân Hưng | Q10: Lê Quốc Huy
A11: =+A10+1 -> 9 | B11: Đắp đất nền đường lớp 2 đoạn từ Km0+000,00 - Km0+126,46, độ chặt K>=0,95 | C11: =+C10 -> 46263 | D11: =CONCATENATE("ngày ",TEXT(C11,"dd")," tháng ",TEXT(C11,"mm")," năm ",TEXT(C11,"yyyy")) -> ngày 29 tháng 08 năm 2026 | E11: Tuyến XB6A | F11: =TEXT(A11,"00") & ".NĐ/YCNT" -> 09.NĐ/YCNT | G11: =TEXT(A11,"00") & ".NĐXB6A/CVXD " -> 09.NĐXB6A/CVXD | H11: 15 | I11: 00 | J11: TCVN 4447-2012: Công tác đất. Thi công và nghiệm thu. | K11: =+H11 -> 15 | L11: 30 | M11: =CONCATENATE(TEXT(C11,"dd")) -> 29 | N11: =CONCATENATE(TEXT(C11,"mm")) -> 08 | O11: =CONCATENATE(TEXT(C11,"yyyy")) -> 2026 | P11: Nguyễn Xuân Hưng | Q11: Lê Quốc Huy
A12: =+A11+1 -> 10 | B12: Đắp đất nền đường lớp 3 đoạn từ Km0+000,00 - Km0+126,46, độ chặt K>=0,95 | C12: =+C11+1 -> 46264 | D12: =CONCATENATE("ngày ",TEXT(C12,"dd")," tháng ",TEXT(C12,"mm")," năm ",TEXT(C12,"yyyy")) -> ngày 30 tháng 08 năm 2026 | E12: Tuyến XB6A | F12: =TEXT(A12,"00") & ".NĐ/YCNT" -> 10.NĐ/YCNT | G12: =TEXT(A12,"00") & ".NĐXB6A/CVXD " -> 10.NĐXB6A/CVXD | H12: 9 | I12: 00 | J12: TCVN 4447-2012: Công tác đất. Thi công và nghiệm thu. | K12: =+H12 -> 9 | L12: 30 | M12: =CONCATENATE(TEXT(C12,"dd")) -> 30 | N12: =CONCATENATE(TEXT(C12,"mm")) -> 08 | O12: =CONCATENATE(TEXT(C12,"yyyy")) -> 2026 | P12: Nguyễn Xuân Hưng | Q12: Lê Quốc Huy
A13: =+A12+1 -> 11 | B13: Đắp đất nền đường lớp 4 đoạn từ Km0+000,00 - Km0+126,46, độ chặt K>=0,95 | C13: =+C12 -> 46264 | D13: =CONCATENATE("ngày ",TEXT(C13,"dd")," tháng ",TEXT(C13,"mm")," năm ",TEXT(C13,"yyyy")) -> ngày 30 tháng 08 năm 2026 | E13: Tuyến XB6A | F13: =TEXT(A13,"00") & ".NĐ/YCNT" -> 11.NĐ/YCNT | G13: =TEXT(A13,"00") & ".NĐXB6A/CVXD " -> 11.NĐXB6A/CVXD | H13: 15 | I13: 00 | J13: TCVN 4447-2012: Công tác đất. Thi công và nghiệm thu. | K13: =+H13 -> 15 | L13: 30 | M13: =CONCATENATE(TEXT(C13,"dd")) -> 30 | N13: =CONCATENATE(TEXT(C13,"mm")) -> 08 | O13: =CONCATENATE(TEXT(C13,"yyyy")) -> 2026 | P13: Nguyễn Xuân Hưng | Q13: Lê Quốc Huy
A14: =+A13+1 -> 12 | B14: Đắp đất nền đường lớp 5 đoạn từ Km0+000,00 - Km0+126,46, độ chặt K>=0,95 | C14: =+C13+4 -> 46268 | D14: =CONCATENATE("ngày ",TEXT(C14,"dd")," tháng ",TEXT(C14,"mm")," năm ",TEXT(C14,"yyyy")) -> ngày 03 tháng 09 năm 2026 | E14: Tuyến XB6A | F14: =TEXT(A14,"00") & ".NĐ/YCNT" -> 12.NĐ/YCNT | G14: =TEXT(A14,"00") & ".NĐXB6A/CVXD " -> 12.NĐXB6A/CVXD | H14: 9 | I14: 00 | J14: TCVN 4447-2012: Công tác đất. Thi công và nghiệm thu. | K14: =+H14 -> 9 | L14: 30 | M14: =CONCATENATE(TEXT(C14,"dd")) -> 03 | N14: =CONCATENATE(TEXT(C14,"mm")) -> 09 | O14: =CONCATENATE(TEXT(C14,"yyyy")) -> 2026 | P14: Nguyễn Xuân Hưng | Q14: Lê Quốc Huy
A15: =+A14+1 -> 13 | B15: Đắp đất nền đường lớp 6 đoạn từ Km0+000,00 - Km0+126,46, độ chặt K>=0,95 | C15: =+C14 -> 46268 | D15: =CONCATENATE("ngày ",TEXT(C15,"dd")," tháng ",TEXT(C15,"mm")," năm ",TEXT(C15,"yyyy")) -> ngày 03 tháng 09 năm 2026 | E15: Tuyến XB6A | F15: =TEXT(A15,"00") & ".NĐ/YCNT" -> 13.NĐ/YCNT | G15: =TEXT(A15,"00") & ".NĐXB6A/CVXD " -> 13.NĐXB6A/CVXD | H15: 15 | I15: 00 | J15: TCVN 4447-2012: Công tác đất. Thi công và nghiệm thu. | K15: =+H15 -> 15 | L15: 30 | M15: =CONCATENATE(TEXT(C15,"dd")) -> 03 | N15: =CONCATENATE(TEXT(C15,"mm")) -> 09 | O15: =CONCATENATE(TEXT(C15,"yyyy")) -> 2026 | P15: Nguyễn Xuân Hưng | Q15: Lê Quốc Huy
A16: =+A15+1 -> 14 | B16: Đắp đất nền đường lớp 7 đoạn từ Km0+000,00 - Km0+126,46, độ chặt K>=0,95 | C16: =+C15+1 -> 46269 | D16: =CONCATENATE("ngày ",TEXT(C16,"dd")," tháng ",TEXT(C16,"mm")," năm ",TEXT(C16,"yyyy")) -> ngày 04 tháng 09 năm 2026 | E16: Tuyến XB6A | F16: =TEXT(A16,"00") & ".NĐ/YCNT" -> 14.NĐ/YCNT | G16: =TEXT(A16,"00") & ".NĐXB6A/CVXD " -> 14.NĐXB6A/CVXD | H16: 9 | I16: 00 | J16: TCVN 4447-2012: Công tác đất. Thi công và nghiệm thu. | K16: =+H16 -> 9 | L16: 30 | M16: =CONCATENATE(TEXT(C16,"dd")) -> 04 | N16: =CONCATENATE(TEXT(C16,"mm")) -> 09 | O16: =CONCATENATE(TEXT(C16,"yyyy")) -> 2026 | P16: Nguyễn Xuân Hưng | Q16: Lê Quốc Huy
A17: =+A16+1 -> 15 | B17: Đắp đất nền đường lớp 8 đoạn từ Km0+000,00 - Km0+126,46, độ chặt K>=0,95 | C17: =+C16 -> 46269 | D17: =CONCATENATE("ngày ",TEXT(C17,"dd")," tháng ",TEXT(C17,"mm")," năm ",TEXT(C17,"yyyy")) -> ngày 04 tháng 09 năm 2026 | E17: Tuyến XB6A | F17: =TEXT(A17,"00") & ".NĐ/YCNT" -> 15.NĐ/YCNT | G17: =TEXT(A17,"00") & ".NĐXB6A/CVXD " -> 15.NĐXB6A/CVXD | H17: 15 | I17: 00 | J17: TCVN 4447-2012: Công tác đất. Thi công và nghiệm thu. | K17: =+H17 -> 15 | L17: 30 | M17: =CONCATENATE(TEXT(C17,"dd")) -> 04 | N17: =CONCATENATE(TEXT(C17,"mm")) -> 09 | O17: =CONCATENATE(TEXT(C17,"yyyy")) -> 2026 | P17: Nguyễn Xuân Hưng | Q17: Lê Quốc Huy
A18: =+A17+1 -> 16 | B18: Đắp đất nền đường lớp 9 đoạn từ Km0+000,00 - Km0+126,46, độ chặt K>=0,95 | C18: =+C17+1 -> 46270 | D18: =CONCATENATE("ngày ",TEXT(C18,"dd")," tháng ",TEXT(C18,"mm")," năm ",TEXT(C18,"yyyy")) -> ngày 05 tháng 09 năm 2026 | E18: Tuyến XB6A | F18: =TEXT(A18,"00") & ".NĐ/YCNT" -> 16.NĐ/YCNT | G18: =TEXT(A18,"00") & ".NĐXB6A/CVXD " -> 16.NĐXB6A/CVXD | H18: 9 | I18: 00 | J18: TCVN 4447-2012: Công tác đất. Thi công và nghiệm thu. | K18: =+H18 -> 9 | L18: 30 | M18: =CONCATENATE(TEXT(C18,"dd")) -> 05 | N18: =CONCATENATE(TEXT(C18,"mm")) -> 09 | O18: =CONCATENATE(TEXT(C18,"yyyy")) -> 2026 | P18: Nguyễn Xuân Hưng | Q18: Lê Quốc Huy
A19: =+A18+1 -> 17 | B19: Đắp đất nền đường lớp 1, độ chặt K>=0,98 đoạn từ Km0+000,00 - Km0+126,46 | C19: =+C18+1 -> 46271 | D19: =CONCATENATE("ngày ",TEXT(C19,"dd")," tháng ",TEXT(C19,"mm")," năm ",TEXT(C19,"yyyy")) -> ngày 06 tháng 09 năm 2026 | E19: Tuyến XB6A | F19: =TEXT(A19,"00") & ".NĐ/YCNT" -> 17.NĐ/YCNT | G19: =TEXT(A19,"00") & ".NĐXB6A/CVXD " -> 17.NĐXB6A/CVXD | H19: 9 | I19: 00 | J19: TCVN 4447-2012: Công tác đất. Thi công và nghiệm thu. | K19: =+H19 -> 9 | L19: 30 | M19: =CONCATENATE(TEXT(C19,"dd")) -> 06 | N19: =CONCATENATE(TEXT(C19,"mm")) -> 09 | O19: =CONCATENATE(TEXT(C19,"yyyy")) -> 2026 | P19: Nguyễn Xuân Hưng | Q19: Lê Quốc Huy
A20: =+A19+1 -> 18 | B20: Đắp đất lề đường lớp 1, độ chặt K>=0,95 đoạn từ Km0+000,00 - Km0+126,46 | C20: =+C19 -> 46271 | D20: =CONCATENATE("ngày ",TEXT(C20,"dd")," tháng ",TEXT(C20,"mm")," năm ",TEXT(C20,"yyyy")) -> ngày 06 tháng 09 năm 2026 | E20: Tuyến XB6A | F20: =TEXT(A20,"00") & ".NĐ/YCNT" -> 18.NĐ/YCNT | G20: =TEXT(A20,"00") & ".NĐXB6A/CVXD " -> 18.NĐXB6A/CVXD | H20: 15 | I20: 00 | J20: TCVN 4447-2012: Công tác đất. Thi công và nghiệm thu. | K20: =+H20 -> 15 | L20: 30 | M20: =CONCATENATE(TEXT(C20,"dd")) -> 06 | N20: =CONCATENATE(TEXT(C20,"mm")) -> 09 | O20: =CONCATENATE(TEXT(C20,"yyyy")) -> 2026 | P20: Nguyễn Xuân Hưng | Q20: Lê Quốc Huy
A21: =+A20+1 -> 19 | B21: Đắp đất nền đường lớp 2, độ chặt K>=0,98 đoạn từ Km0+000,00 - Km0+126,46 | C21: =+C20+1 -> 46272 | D21: =CONCATENATE("ngày ",TEXT(C21,"dd")," tháng ",TEXT(C21,"mm")," năm ",TEXT(C21,"yyyy")) -> ngày 07 tháng 09 năm 2026 | E21: Tuyến XB6A | F21: =TEXT(A21,"00") & ".NĐ/YCNT" -> 19.NĐ/YCNT | G21: =TEXT(A21,"00") & ".NĐXB6A/CVXD " -> 19.NĐXB6A/CVXD | H21: 9 | I21: 00 | J21: TCVN 4447-2012: Công tác đất. Thi công và nghiệm thu. | K21: =+H21 -> 9 | L21: 30 | M21: =CONCATENATE(TEXT(C21,"dd")) -> 07 | N21: =CONCATENATE(TEXT(C21,"mm")) -> 09 | O21: =CONCATENATE(TEXT(C21,"yyyy")) -> 2026 | P21: Nguyễn Xuân Hưng | Q21: Lê Quốc Huy
A22: =+A21+1 -> 20 | B22: Đắp đất lề đường lớp 2, độ chặt K>=0,95 đoạn từ Km0+000,00 - Km0+126,46 | C22: =+C21 -> 46272 | D22: =CONCATENATE("ngày ",TEXT(C22,"dd")," tháng ",TEXT(C22,"mm")," năm ",TEXT(C22,"yyyy")) -> ngày 07 tháng 09 năm 2026 | E22: Tuyến XB6A | F22: =TEXT(A22,"00") & ".NĐ/YCNT" -> 20.NĐ/YCNT | G22: =TEXT(A22,"00") & ".NĐXB6A/CVXD " -> 20.NĐXB6A/CVXD | H22: 15 | I22: 00 | J22: TCVN 4447-2012: Công tác đất. Thi công và nghiệm thu. | K22: =+H22 -> 15 | L22: 30 | M22: =CONCATENATE(TEXT(C22,"dd")) -> 07 | N22: =CONCATENATE(TEXT(C22,"mm")) -> 09 | O22: =CONCATENATE(TEXT(C22,"yyyy")) -> 2026 | P22: Nguyễn Xuân Hưng | Q22: Lê Quốc Huy
A23: =+A22+1 -> 21 | B23: Đắp cấp phối đá dăm loại 2 đoạn từ Km0+000,00 - Km0+126,46 | C23: =+C22+1 -> 46273 | D23: =CONCATENATE("ngày ",TEXT(C23,"dd")," tháng ",TEXT(C23,"mm")," năm ",TEXT(C23,"yyyy")) -> ngày 08 tháng 09 năm 2026 | E23: Tuyến XB6A | F23: =TEXT(A23,"00") & ".NĐ/YCNT" -> 21.NĐ/YCNT | G23: =TEXT(A23,"00") & ".NĐXB6A/CVXD " -> 21.NĐXB6A/CVXD | H23: 9 | I23: 00 | J23: TCVN 8859:2023 Lớp móng cấp phối đá dăm trong kết cấu áo đường | K23: =+H23 -> 9 | L23: 30 | M23: =CONCATENATE(TEXT(C23,"dd")) -> 08 | N23: =CONCATENATE(TEXT(C23,"mm")) -> 09 | O23: =CONCATENATE(TEXT(C23,"yyyy")) -> 2026 | P23: Nguyễn Xuân Hưng | Q23: Lê Quốc Huy
A24: =+A23+1 -> 22 | B24: Đắp đất lề đường lớp 3, độ chặt K>=0,95 đoạn từ Km0+000,00 - Km0+126,46 | C24: =+C23 -> 46273 | D24: =CONCATENATE("ngày ",TEXT(C24,"dd")," tháng ",TEXT(C24,"mm")," năm ",TEXT(C24,"yyyy")) -> ngày 08 tháng 09 năm 2026 | E24: Tuyến XB6A | F24: =TEXT(A24,"00") & ".NĐ/YCNT" -> 22.NĐ/YCNT | G24: =TEXT(A24,"00") & ".NĐXB6A/CVXD " -> 22.NĐXB6A/CVXD | H24: 15 | I24: 00 | J24: TCVN 4447-2012: Công tác đất. Thi công và nghiệm thu. | K24: =+H24 -> 15 | L24: 30 | M24: =CONCATENATE(TEXT(C24,"dd")) -> 08 | N24: =CONCATENATE(TEXT(C24,"mm")) -> 09 | O24: =CONCATENATE(TEXT(C24,"yyyy")) -> 2026 | P24: Nguyễn Xuân Hưng | Q24: Lê Quốc Huy
A25: =+A24+1 -> 23 | B25: Đắp đất lề đường lớp 4, độ chặt K>=0,95 đoạn từ Km0+000,00 - Km0+126,46 | C25: =+C24+1 -> 46274 | D25: =CONCATENATE("ngày ",TEXT(C25,"dd")," tháng ",TEXT(C25,"mm")," năm ",TEXT(C25,"yyyy")) -> ngày 09 tháng 09 năm 2026 | E25: Tuyến XB6A | F25: =TEXT(A25,"00") & ".NĐ/YCNT" -> 23.NĐ/YCNT | G25: =TEXT(A25,"00") & ".NĐXB6A/CVXD " -> 23.NĐXB6A/CVXD | H25: 9 | I25: 00 | J25: TCVN 4447-2012: Công tác đất. Thi công và nghiệm thu. | K25: =+H25 -> 9 | L25: 30 | M25: =CONCATENATE(TEXT(C25,"dd")) -> 09 | N25: =CONCATENATE(TEXT(C25,"mm")) -> 09 | O25: =CONCATENATE(TEXT(C25,"yyyy")) -> 2026 | P25: Nguyễn Xuân Hưng | Q25: Lê Quốc Huy
A26: =+A25+1 -> 24 | B26: Đắp cấp phối đá dăm loại 1 đoạn từ Km0+000,00 - Km0+126,46 | C26: =+C25 -> 46274 | D26: =CONCATENATE("ngày ",TEXT(C26,"dd")," tháng ",TEXT(C26,"mm")," năm ",TEXT(C26,"yyyy")) -> ngày 09 tháng 09 năm 2026 | E26: Tuyến XB6A | F26: =TEXT(A26,"00") & ".NĐ/YCNT" -> 24.NĐ/YCNT | G26: =TEXT(A26,"00") & ".NĐXB6A/CVXD " -> 24.NĐXB6A/CVXD | H26: 15 | I26: 00 | J26: TCVN 8859:2023 Lớp móng cấp phối đá dăm trong kết cấu áo đường | K26: =+H26 -> 15 | L26: 30 | M26: =CONCATENATE(TEXT(C26,"dd")) -> 09 | N26: =CONCATENATE(TEXT(C26,"mm")) -> 09 | O26: =CONCATENATE(TEXT(C26,"yyyy")) -> 2026 | P26: Nguyễn Xuân Hưng | Q26: Lê Quốc Huy
A27: =+A26+1 -> 25 | B27: Vệ sinh, thổi bụi mặt đường | C27: =+C26+2 -> 46276 | D27: =CONCATENATE("ngày ",TEXT(C27,"dd")," tháng ",TEXT(C27,"mm")," năm ",TEXT(C27,"yyyy")) -> ngày 11 tháng 09 năm 2026 | E27: Tuyến XB6A | F27: =TEXT(A27,"00") & ".NĐ/YCNT" -> 25.NĐ/YCNT | G27: =TEXT(A27,"00") & ".NĐXB6A/CVXD " -> 25.NĐXB6A/CVXD | H27: 9 | I27: 00 | K27: =+H27 -> 9 | L27: 30 | M27: =CONCATENATE(TEXT(C27,"dd")) -> 11 | N27: =CONCATENATE(TEXT(C27,"mm")) -> 09 | O27: =CONCATENATE(TEXT(C27,"yyyy")) -> 2026 | P27: Nguyễn Xuân Hưng | Q27: Lê Quốc Huy
A28: =+A27+1 -> 26 | B28: Tưới lớp thấm bám mặt đường, nhựa MC70, lượng nhựa 1kg/m2 | C28: =+C27+2 -> 46278 | D28: =CONCATENATE("ngày ",TEXT(C28,"dd")," tháng ",TEXT(C28,"mm")," năm ",TEXT(C28,"yyyy")) -> ngày 13 tháng 09 năm 2026 | E28: Tuyến XB6A | F28: =TEXT(A28,"00") & ".NĐ/YCNT" -> 26.NĐ/YCNT | G28: =TEXT(A28,"00") & ".NĐXB6A/CVXD " -> 26.NĐXB6A/CVXD | H28: 9 | I28: 00 | J28: + TCVN 13567-1: 2022. Lớp mặt đường bằng hỗn hợp nhựa nóng. Thi công và nghiệm thu. | K28: =+H28 -> 9 | L28: 30 | M28: =CONCATENATE(TEXT(C28,"dd")) -> 13 | N28: =CONCATENATE(TEXT(C28,"mm")) -> 09 | O28: =CONCATENATE(TEXT(C28,"yyyy")) -> 2026 | P28: Nguyễn Xuân Hưng | Q28: Lê Quốc Huy
A29: =+A28+1 -> 27 | B29: Rải thảm mặt đường bê tông nhựa C16 - Chiều dày mặt đường đã lèn ép 6cm | C29: =+C28+6 -> 46284 | D29: =CONCATENATE("ngày ",TEXT(C29,"dd")," tháng ",TEXT(C29,"mm")," năm ",TEXT(C29,"yyyy")) -> ngày 19 tháng 09 năm 2026 | E29: Tuyến XB6A | F29: =TEXT(A29,"00") & ".NĐ/YCNT" -> 27.NĐ/YCNT | G29: =TEXT(A29,"00") & ".NĐXB6A/CVXD " -> 27.NĐXB6A/CVXD | H29: 9 | I29: 00 | J29: + TCVN 13567-1: 2022. Lớp mặt đường bằng hỗn hợp nhựa nóng. Thi công và nghiệm thu. | K29: =+H29 -> 9 | L29: 30 | M29: =CONCATENATE(TEXT(C29,"dd")) -> 19 | N29: =CONCATENATE(TEXT(C29,"mm")) -> 09 | O29: =CONCATENATE(TEXT(C29,"yyyy")) -> 2026 | P29: Nguyễn Xuân Hưng | Q29: Lê Quốc Huy
A30: =+A29+1 -> 28 | B30: Bê tông nhựa C16 - Chiều dày mặt đường đã lèn ép 6cm | C30: =+C29+2 -> 46286 | D30: =CONCATENATE("ngày ",TEXT(C30,"dd")," tháng ",TEXT(C30,"mm")," năm ",TEXT(C30,"yyyy")) -> ngày 21 tháng 09 năm 2026 | E30: Tuyến XB6A | F30: =TEXT(A30,"00") & ".NĐ/YCNT" -> 28.NĐ/YCNT | G30: =TEXT(A30,"00") & ".NĐXB6A/CVXD " -> 28.NĐXB6A/CVXD | H30: 9 | I30: 00 | J30: + TCVN 13567-1: 2022. Lớp mặt đường bằng hỗn hợp nhựa nóng. Thi công và nghiệm thu. | K30: =+H30 -> 9 | L30: 30 | M30: =CONCATENATE(TEXT(C30,"dd")) -> 21 | N30: =CONCATENATE(TEXT(C30,"mm")) -> 09 | O30: =CONCATENATE(TEXT(C30,"yyyy")) -> 2026 | P30: Nguyễn Xuân Hưng | Q30: Lê Quốc Huy

Sheet 1. PL đường đen
A1: PHỤ LỤC KIỂM TRA CAO ĐỘ ĐƯỜNG ĐEN
A2: ="Kèm theo BBNT số: "&VLOOKUP(T2,'Tuyến XB6A'!$A$2:$G$29,7,0)&VLOOKUP(T2,'Tuyến XB6A'!$A$2:$G$29,4,0) -> Kèm theo BBNT số: 01.NĐXB6A/CVXD ngày 20 tháng 08 năm 2026 | T2: 1
A3: Dự án: Xây dựng HTKT Khu tái định cư phục vụ di dân xã Hải Hà, thị xã Nghi Sơn, tỉnh Thanh Hóa.
A4: Gói thầu số 12: Xây dựng HTKT khu vực Hải Bình và Xuân Lâm (bao gồm cả bảo hiểm xây dựng công trình)
A5: Nhà thầu thi công: Công ty TNHH Hoàng Tuấn
A6: Hạng mục: Nền đường tuyến XB6A
A7: - Đối tượng nghiệm thu: | D7: =VLOOKUP(T2,'Tuyến XB6A'!$A$2:$B$29,2,0) -> Kiểm tra cao độ đường đen đoạn từ Km0+000,00 -:- Km0+126,46
A8: Sơ họa:
A10: TT | B10: Tên cọc | C10: Lý trình | D10: Bên trái (H1) | G10: Bên trái (H2) | J10: Tim (H3) | M10: Bên phải (H4) | P10: Bên phải (H5) | S10: Ghi chú
D11: CDTK | E11: CDTC | F11: Chênh CD | G11: CDTK | H11: CDTC | I11: Chênh CD | J11: CDTK | K11: CDTC | L11: Chênh CD | M11: CDTK | N11: CDTC | O11: Chênh CD | P11: CDTK | Q11: CDTC | R11: Chênh CD
A12: 1 | B12: D3 | C12: 0 | D12: 0.05 | E12: =D12+F12 -> -0.02 | F12: =RANDBETWEEN(-105,125)/1000 -> -0.07 | G12: 0.07 | H12: =G12+I12 -> 0.031 | I12: =RANDBETWEEN(-105,125)/1000 -> -0.039 | J12: 0.09 | K12: =J12+L12 -> 0.029 | L12: =RANDBETWEEN(-105,125)/1000 -> -0.061 | M12: 0.06 | N12: =M12+O12 -> -0.005 | O12: =RANDBETWEEN(-105,125)/1000 -> -0.065 | P12: 0.02 | Q12: =P12+R12 -> 0.034 | R12: =RANDBETWEEN(-105,125)/1000 -> 0.014 | T12: 19.63
A13: 2 | B13: 1 | C13: =C12+T12 -> 19.63 | D13: 0.04 | E13: =D13+F13 -> 0.029 | F13: =RANDBETWEEN(-105,125)/1000 -> -0.011 | G13: 0.05 | H13: =G13+I13 -> -0.04 | I13: =RANDBETWEEN(-105,125)/1000 -> -0.09 | J13: 0.05 | K13: =J13+L13 -> 0.15 | L13: =RANDBETWEEN(-105,125)/1000 -> 0.1 | M13: 0.03 | N13: =M13+O13 -> 0.117 | O13: =RANDBETWEEN(-105,125)/1000 -> 0.087 | P13: 0.01 | Q13: =P13+R13 -> 0.039 | R13: =RANDBETWEEN(-105,125)/1000 -> 0.029 | T13: 17.17
A14: 3 | B14: 2 | C14: =C13+T13 -> 36.8 | D14: 0 | E14: =D14+F14 -> 0.027 | F14: =RANDBETWEEN(-105,125)/1000 -> 0.027 | G14: 0.02 | H14: =G14+I14 -> -0.043 | I14: =RANDBETWEEN(-105,125)/1000 -> -0.063 | J14: 0.03 | K14: =J14+L14 -> -0.07 | L14: =RANDBETWEEN(-105,125)/1000 -> -0.1 | M14: 0.01 | N14: =M14+O14 -> 0.122 | O14: =RANDBETWEEN(-105,125)/1000 -> 0.112 | P14: -0.01 | Q14: =P14+R14 -> 0.026 | R14: =RANDBETWEEN(-105,125)/1000 -> 0.036 | T14: 17.18
A15: 4 | B15: 3 | C15: =C14+T14 -> 53.98 | D15: -0.1 | E15: =D15+F15 -> -0.111 | F15: =RANDBETWEEN(-105,125)/1000 -> -0.011 | G15: -0.16 | H15: =G15+I15 -> -0.052 | I15: =RANDBETWEEN(-105,125)/1000 -> 0.108 | J15: -0.21 | K15: =J15+L15 -> -0.221 | L15: =RANDBETWEEN(-105,125)/1000 -> -0.011 | M15: -0.16 | N15: =M15+O15 -> -0.14 | O15: =RANDBETWEEN(-105,125)/1000 -> 0.02 | P15: -0.09 | Q15: =P15+R15 -> -0.117 | R15: =RANDBETWEEN(-105,125)/1000 -> -0.027 | T15: 12.97
A16: 5 | B16: D2 | C16: =C15+T15 -> 66.95 | D16: 1.63 | E16: =D16+F16 -> 1.645 | F16: =RANDBETWEEN(-105,125)/1000 -> 0.015 | G16: 0.76 | H16: =G16+I16 -> 0.794 | I16: =RANDBETWEEN(-105,125)/1000 -> 0.034 | J16: 0.85 | K16: =J16+L16 -> 0.975 | L16: =RANDBETWEEN(-105,125)/1000 -> 0.125 | M16: 0.82 | N16: =M16+O16 -> 0.743 | O16: =RANDBETWEEN(-105,125)/1000 -> -0.077 | P16: 1.54 | Q16: =P16+R16 -> 1.51 | R16: =RANDBETWEEN(-105,125)/1000 -> -0.03 | T16: 10.68
A17: 6 | B17: 4 | C17: =C16+T16 -> 77.63 | D17: 1.76 | E17: =D17+F17 -> 1.846 | F17: =RANDBETWEEN(-105,125)/1000 -> 0.086 | G17: -0.25 | H17: =G17+I17 -> -0.125 | I17: =RANDBETWEEN(-105,125)/1000 -> 0.125 | J17: -0.24 | K17: =J17+L17 -> -0.288 | L17: =RANDBETWEEN(-105,125)/1000 -> -0.048 | M17: -0.25 | N17: =M17+O17 -> -0.247 | O17: =RANDBETWEEN(-105,125)/1000 -> 0.003 | P17: -0.26 | Q17: =P17+R17 -> -0.181 | R17: =RANDBETWEEN(-105,125)/1000 -> 0.079 | T17: 17.17
A18: 7 | B18: 5 | C18: =C17+T17 -> 94.8 | D18: -0.26 | E18: =D18+F18 -> -0.319 | F18: =RANDBETWEEN(-105,125)/1000 -> -0.059 | G18: -0.24 | H18: =G18+I18 -> -0.169 | I18: =RANDBETWEEN(-105,125)/1000 -> 0.071 | J18: -0.23 | K18: =J18+L18 -> -0.311 | L18: =RANDBETWEEN(-105,125)/1000 -> -0.081 | M18: -0.19 | N18: =M18+O18 -> -0.101 | O18: =RANDBETWEEN(-105,125)/1000 -> 0.089 | P18: -0.14 | Q18: =P18+R18 -> -0.096 | R18: =RANDBETWEEN(-105,125)/1000 -> 0.044 | T18: 17.17
A19: 8 | B19: 6 | C19: =C18+T18 -> 111.97 | D19: -0.26 | E19: =D19+F19 -> -0.34 | F19: =RANDBETWEEN(-105,125)/1000 -> -0.08 | G19: -0.23 | H19: =G19+I19 -> -0.213 | I19: =RANDBETWEEN(-105,125)/1000 -> 0.017 | J19: -0.2 | K19: =J19+L19 -> -0.125 | L19: =RANDBETWEEN(-105,125)/1000 -> 0.075 | M19: -0.15 | N19: =M19+O19 -> -0.164 | O19: =RANDBETWEEN(-105,125)/1000 -> -0.014 | P19: -0.09 | Q19: =P19+R19 -> -0.052 | R19: =RANDBETWEEN(-105,125)/1000 -> 0.038 | T19: 14.49
A20: 9 | B20: D1 | C20: =C19+T19 -> 126.46 | D20: -0.29 | E20: =D20+F20 -> -0.192 | F20: =RANDBETWEEN(-105,125)/1000 -> 0.098 | G20: -0.28 | H20: =G20+I20 -> -0.272 | I20: =RANDBETWEEN(-105,125)/1000 -> 0.008 | J20: -0.27 | K20: =J20+L20 -> -0.283 | L20: =RANDBETWEEN(-105,125)/1000 -> -0.013 | M20: -0.2 | N20: =M20+O20 -> -0.282 | O20: =RANDBETWEEN(-105,125)/1000 -> -0.082 | P20: -0.11 | Q20: =P20+R20 -> -0.09 | R20: =RANDBETWEEN(-105,125)/1000 -> 0.02
A22: NHÀ THẦU THI CÔNG | K22: TƯ VẤN GIÁM SÁT
A26: Nguyễn Xuân Hưng | K26: ='Tuyến XB6A'!Q3 -> Lê Quốc Huy

Sheet 2. Cao độ đào nền
A1: PHỤ LỤC KIỂM TRA CAO ĐỘ ĐÀO NỀN ĐƯỜNG
A2: ="Kèm theo BBNT số: "&VLOOKUP(W2,'Tuyến XB6A'!$A$2:$G$31,7,0)&VLOOKUP(W2,'Tuyến XB6A'!$A$2:$G$31,4,0) -> Kèm theo BBNT số: 02.NĐXB6A/CVXD ngày 24 tháng 08 năm 2026 | W2: 2
A3: Dự án: Xây dựng HTKT Khu tái định cư phục vụ di dân xã Hải Hà, thị xã Nghi Sơn, tỉnh Thanh Hóa.
A4: Gói thầu số 12: Xây dựng HTKT khu vực Hải Bình và Xuân Lâm (bao gồm cả bảo hiểm xây dựng công trình)
A5: Nhà thầu thi công: Công ty TNHH Hoàng Tuấn
A6: Hạng mục: Nền đường tuyến XB6A
A7: - Đối tượng nghiệm thu: | E7: =VLOOKUP(W2,'Tuyến XB6A'!$A$2:$B$31,2,0) -> Đào đất xử lý nền đường đoạn từ Km0+000,00 - Km0+126,46
A8: Sơ họa:
A20: TT | B20: Tên cọc | C20: Lý trình | D20: Bên trái (H1) | J20: Tim (H2) | M20: Bên phải (H3) | S20: Chiều rộng đáy đào | V20: Ghi chú
D21: KCTK | E21: KCTC | F21: Chênh KC (m) | G21: CDTK (m) | H21: CDTC (m) | I21: Chênh CD (m) | J21: CDTK (m) | K21: CDTC (m) | L21: Chênh CD (m) | M21: KCTK | N21: KCTC | O21: Chênh KC (m) | P21: CDTK (m) | Q21: CDTC (m) | R21: Chênh CD (m) | S21: CRTK (m) | T21: CRTC (m) | U21: Chênh CR (m)
A24: =+'1. PL đường đen'!A12 -> 1 | B24: =+'1. PL đường đen'!B12 -> D3 | C24: =+'1. PL đường đen'!C12 -> 0
A25: =+'1. PL đường đen'!A13 -> 2 | B25: =+'1. PL đường đen'!B13 -> 1 | C25: =+'1. PL đường đen'!C13 -> 19.63 | D25: -6.97 | E25: =D25+F25 -> -6.968 | F25: =RANDBETWEEN(-105,115)/1000 -> 0.002 | G25: -1.47 | H25: =G25+I25 -> -1.477 | I25: =RANDBETWEEN(-105,115)/1000 -> -0.007 | J25: -1.47 | K25: =J25+L25 -> -1.44 | L25: =RANDBETWEEN(-105,115)/1000 -> 0.03 | M25: 7.05 | N25: =M25+O25 -> 6.947 | O25: =RANDBETWEEN(-105,115)/1000 -> -0.103 | P25: -1.47 | Q25: =P25+R25 -> -1.51 | R25: =RANDBETWEEN(-105,115)/1000 -> -0.04 | S25: =ABS(D25)+ABS(M25) -> 14.02 | T25: =S25+U25 -> 14.084 | U25: =RANDBETWEEN(-105,135)/1000 -> 0.064
A26: =+'1. PL đường đen'!A14 -> 3 | B26: =+'1. PL đường đen'!B14 -> 2 | C26: =+'1. PL đường đen'!C14 -> 36.8 | D26: -7.04 | E26: =D26+F26 -> -6.962 | F26: =RANDBETWEEN(-105,115)/1000 -> 0.078 | G26: -1.51 | H26: =G26+I26 -> -1.455 | I26: =RANDBETWEEN(-105,115)/1000 -> 0.055 | J26: -1.51 | K26: =J26+L26 -> -1.477 | L26: =RANDBETWEEN(-105,115)/1000 -> 0.033 | M26: 7.09 | N26: =M26+O26 -> 7.091 | O26: =RANDBETWEEN(-105,115)/1000 -> 0.001 | P26: -1.51 | Q26: =P26+R26 -> -1.467 | R26: =RANDBETWEEN(-105,115)/1000 -> 0.043 | S26: =ABS(D26)+ABS(M26) -> 14.13 | T26: =S26+U26 -> 14.233 | U26: =RANDBETWEEN(-105,135)/1000 -> 0.103
A27: =+'1. PL đường đen'!A15 -> 4 | B27: =+'1. PL đường đen'!B15 -> 3 | C27: =+'1. PL đường đen'!C15 -> 53.98 | D27: -7.28 | E27: =D27+F27 -> -7.211 | F27: =RANDBETWEEN(-105,115)/1000 -> 0.069 | G27: -1.56 | H27: =G27+I27 -> -1.538 | I27: =RANDBETWEEN(-105,115)/1000 -> 0.022 | J27: -1.56 | K27: =J27+L27 -> -1.643 | L27: =RANDBETWEEN(-105,115)/1000 -> -0.083 | M27: 7.26 | N27: =M27+O27 -> 7.23 | O27: =RANDBETWEEN(-105,115)/1000 -> -0.03 | P27: -1.56 | Q27: =P27+R27 -> -1.571 | R27: =RANDBETWEEN(-105,115)/1000 -> -0.011 | S27: =ABS(D27)+ABS(M27) -> 14.54 | T27: =S27+U27 -> 14.559 | U27: =RANDBETWEEN(-105,135)/1000 -> 0.019
A28: =+'1. PL đường đen'!A16 -> 5 | B28: =+'1. PL đường đen'!B16 -> D2 | C28: =+'1. PL đường đen'!C16 -> 66.95
A29: =+'1. PL đường đen'!A17 -> 6 | B29: =+'1. PL đường đen'!B17 -> 4 | C29: =+'1. PL đường đen'!C17 -> 77.63 | D29: -4.82 | E29: =D29+F29 -> -4.836 | F29: =RANDBETWEEN(-105,115)/1000 -> -0.016 | G29: -1.63 | H29: =G29+I29 -> -1.669 | I29: =RANDBETWEEN(-105,115)/1000 -> -0.039 | J29: -1.63 | K29: =J29+L29 -> -1.522 | L29: =RANDBETWEEN(-105,115)/1000 -> 0.108 | M29: 7.68 | N29: =M29+O29 -> 7.692 | O29: =RANDBETWEEN(-105,115)/1000 -> 0.012 | P29: -1.63 | Q29: =P29+R29 -> -1.697 | R29: =RANDBETWEEN(-105,115)/1000 -> -0.067 | S29: =ABS(D29)+ABS(M29) -> 12.5 | T29: =S29+U29 -> 12.56 | U29: =RANDBETWEEN(-105,135)/1000 -> 0.06
A30: =+'1. PL đường đen'!A18 -> 7 | B30: =+'1. PL đường đen'!B18 -> 5 | C30: =+'1. PL đường đen'!C18 -> 94.8 | D30: -7.65 | E30: =D30+F30 -> -7.748 | F30: =RANDBETWEEN(-105,115)/1000 -> -0.098 | G30: -1.68 | H30: =G30+I30 -> -1.752 | I30: =RANDBETWEEN(-105,115)/1000 -> -0.072 | J30: -1.68 | K30: =J30+L30 -> -1.709 | L30: =RANDBETWEEN(-105,115)/1000 -> -0.029 | M30: 7.32 | N30: =M30+O30 -> 7.276 | O30: =RANDBETWEEN(-105,115)/1000 -> -0.044 | P30: -1.68 | Q30: =P30+R30 -> -1.65 | R30: =RANDBETWEEN(-105,115)/1000 -> 0.03 | S30: =ABS(D30)+ABS(M30) -> 14.97 | T30: =S30+U30 -> 14.865 | U30: =RANDBETWEEN(-105,135)/1000 -> -0.105
A31: =+'1. PL đường đen'!A19 -> 8 | B31: =+'1. PL đường đen'!B19 -> 6 | C31: =+'1. PL đường đen'!C19 -> 111.97 | D31: -7.63 | E31: =D31+F31 -> -7.698 | F31: =RANDBETWEEN(-105,115)/1000 -> -0.068 | G31: -1.73 | H31: =G31+I31 -> -1.804 | I31: =RANDBETWEEN(-105,115)/1000 -> -0.074 | J31: -1.73 | K31: =J31+L31 -> -1.757 | L31: =RANDBETWEEN(-105,115)/1000 -> -0.027 | M31: 7.15 | N31: =M31+O31 -> 7.239 | O31: =RANDBETWEEN(-105,115)/1000 -> 0.089 | P31: -1.73 | Q31: =P31+R31 -> -1.762 | R31: =RANDBETWEEN(-105,115)/1000 -> -0.032 | S31: =ABS(D31)+ABS(M31) -> 14.78 | T31: =S31+U31 -> 14.899 | U31: =RANDBETWEEN(-105,135)/1000 -> 0.119
A32: =+'1. PL đường đen'!A20 -> 9 | B32: =+'1. PL đường đen'!B20 -> D1 | C32: =+'1. PL đường đen'!C20 -> 126.46
E34: NHÀ THẦU THI CÔNG | O34: TƯ VẤN GIÁM SÁT
E39: Nguyễn Xuân Hưng | O39: ='1. PL đường đen'!K26 -> Lê Quốc Huy

Sheet 2. KL đào nền
A1: PHỤ LỤC KHỐI LƯỢNG
A2: ="Kèm theo BBNT số: "&VLOOKUP(N2,'Tuyến XB6A'!$A$2:$G$29,7,0)&VLOOKUP(N2,'Tuyến XB6A'!$A$2:$G$29,4,0) -> Kèm theo BBNT số: 02.NĐXB6A/CVXD ngày 24 tháng 08 năm 2026 | N2: 2
A3: ='2. Cao độ đào nền'!A3 -> Dự án: Xây dựng HTKT Khu tái định cư phục vụ di dân xã Hải Hà, thị xã Nghi Sơn, tỉnh Thanh Hóa.
A4: ='2. Cao độ đào nền'!A4 -> Gói thầu số 12: Xây dựng HTKT khu vực Hải Bình và Xuân Lâm (bao gồm cả bảo hiểm xây dựng công trình)
A5: Nhà thầu thi công: Công ty TNHH Hoàng Tuấn
A6: ='2. Cao độ đào nền'!A6 -> Hạng mục: Nền đường tuyến XB6A
A7: - Đối tượng nghiệm thu: | D7: =VLOOKUP(N2,'Tuyến XB6A'!$A$2:$B$29,2,0) -> Đào đất xử lý nền đường đoạn từ Km0+000,00 - Km0+126,46
A9: STT | B9: Tên cọc | C9: Lý trình | D9: K/c lẻ | F9: Đào xử lý nền đường | G9: Diện tích (m2) | J9: Khối lượng (m3) | M9: Ghi chú
F10: Diện tích | G10: Đào xử lý nền | H10: Đào đánh cấp | I10: Đào khuôn | J10: Đào xử lý nền | K10: Đào đánh cấp | L10: Đào khuôn
A11: 1 | B11: ='1. PL đường đen'!B12 -> D3 | C11: ='1. PL đường đen'!C12 -> 0 | D11: ='1. PL đường đen'!T12 -> 19.63 | G11: 0 | J11: =(G11+G12)*D11/2 -> 229.76915
A12: 2 | B12: ='1. PL đường đen'!B13 -> 1 | C12: ='1. PL đường đen'!C13 -> 19.63 | D12: ='1. PL đường đen'!T13 -> 17.17 | E12: =RANDBETWEEN(1,7)/100 -> 0.05 | F12: 23.36 | G12: =+F12+E12 -> 23.41 | J12: =(G12+G13)*D12/2 -> 406.67145
A13: 3 | B13: ='1. PL đường đen'!B14 -> 2 | C13: ='1. PL đường đen'!C14 -> 36.8 | D13: ='1. PL đường đen'!T14 -> 17.18 | E13: =RANDBETWEEN(1,7)/100 -> 0.05 | F13: 23.91 | G13: =+F13+E13 -> 23.96 | J13: =(G13+G14)*D13/2 -> 399.7786
A14: 4 | B14: ='1. PL đường đen'!B15 -> 3 | C14: ='1. PL đường đen'!C15 -> 53.98 | D14: ='1. PL đường đen'!T15 -> 12.97 | E14: =RANDBETWEEN(1,7)/100 -> 0.05 | F14: 22.53 | G14: =+F14+E14 -> 22.58 | J14: =(G14+G15)*D14/2 -> 146.4313
A15: 5 | B15: ='1. PL đường đen'!B16 -> D2 | C15: ='1. PL đường đen'!C16 -> 66.95 | D15: ='1. PL đường đen'!T16 -> 10.68 | G15: 0 | J15: =(G15+G16)*D15/2 -> 109.6302
A16: 6 | B16: ='1. PL đường đen'!B17 -> 4 | C16: ='1. PL đường đen'!C17 -> 77.63 | D16: ='1. PL đường đen'!T17 -> 17.17 | E16: =RANDBETWEEN(1,7)/100 -> 0.02 | F16: 20.51 | G16: =+F16+E16 -> 20.53 | J16: =(G16+G17)*D16/2 -> 382.97685
A17: 7 | B17: ='1. PL đường đen'!B18 -> 5 | C17: ='1. PL đường đen'!C18 -> 94.8 | D17: ='1. PL đường đen'!T18 -> 17.17 | E17: =RANDBETWEEN(1,7)/100 -> 0.02 | F17: 24.06 | G17: =+F17+E17 -> 24.08 | J17: =(G17+G18)*D17/2 -> 422.382
A18: 8 | B18: ='1. PL đường đen'!B19 -> 6 | C18: ='1. PL đường đen'!C19 -> 111.97 | D18: ='1. PL đường đen'!T19 -> 14.49 | E18: =RANDBETWEEN(1,7)/100 -> 0.01 | F18: 25.11 | G18: =+F18+E18 -> 25.12 | J18: =(G18+G19)*D18/2 -> 181.9944
A19: 9 | B19: ='1. PL đường đen'!B20 -> D1 | C19: ='1. PL đường đen'!C20 -> 126.46 | G19: 0
A20: Tổng cộng (m3) | J20: =SUM(J11:J19) -> 2279.6339
A22: NHÀ THẦU THI CÔNG | E22: TƯ VẤN GIÁM SÁT
A27: ='2. Cao độ đào nền'!E39 -> Nguyễn Xuân Hưng | E27: =+'2. Cao độ đào nền'!O39 -> Lê Quốc Huy

Sheet 3. KTHH vải lọc
A1: PHỤ LỤC KIỂM TRA KÍCH THƯỚC HÌNH HỌC
A2: ="Kèm theo BBNT số: "&VLOOKUP(W2,'Tuyến XB6A'!$A$2:$G$31,7,0)&VLOOKUP(W2,'Tuyến XB6A'!$A$2:$G$31,4,0) -> Kèm theo BBNT số: 03.NĐXB6A/CVXD ngày 24 tháng 08 năm 2026 | W2: 3
A3: Dự án: Xây dựng HTKT Khu tái định cư phục vụ di dân xã Hải Hà, thị xã Nghi Sơn, tỉnh Thanh Hóa.
A4: Gói thầu số 12: Xây dựng HTKT khu vực Hải Bình và Xuân Lâm (bao gồm cả bảo hiểm xây dựng công trình)
A5: Nhà thầu thi công: Công ty TNHH Hoàng Tuấn
A6: Hạng mục: Nền đường tuyến XB6A
A7: - Đối tượng nghiệm thu: | E7: =VLOOKUP(W2,'Tuyến XB6A'!$A$2:$B$31,2,0) -> Rải vải địa kỹ thuật đoạn từ Km0+000,00 - Km0+126,46
A8: Sơ họa:
A20: TT | B20: Tên cọc | C20: Lý trình | D20: L1 (m) | G20: L2 (m) | J20: L3 (m) | M20: L4 (m) | P20: L5 (m) | S20: L6 (m) | V20: Ghi chú
D21: Thiết kế (m) | E21: Thi công (m) | F21: Chênh lệch (m) | G21: Thiết kế (m) | H21: Thi công (m) | I21: Chênh lệch (m) | J21: Thiết kế (m) | K21: Thi công (m) | L21: Chênh lệch (m) | M21: Thiết kế (m) | N21: Thi công (m) | O21: Chênh lệch (m) | P21: Thiết kế (m) | Q21: Thi công (m) | R21: Chênh lệch (m) | S21: Thiết kế (m) | T21: Thi công (m) | U21: Chênh lệch (m)
A24: =+'1. PL đường đen'!A12 -> 1 | B24: =+'1. PL đường đen'!B12 -> D3 | C24: =+'1. PL đường đen'!C12 -> 0
A25: =+'1. PL đường đen'!A13 -> 2 | B25: =+'1. PL đường đen'!B13 -> 1 | C25: =+'1. PL đường đen'!C13 -> 19.63 | D25: 2 | E25: =+D25+F25 -> 2.09 | F25: =RANDBETWEEN(5,10)/100 -> 0.09 | G25: 1.41 | H25: =+G25+I25 -> 1.51 | I25: =RANDBETWEEN(5,10)/100 -> 0.1 | J25: 6.97 | K25: =+J25+L25 -> 7.05 | L25: =RANDBETWEEN(5,10)/100 -> 0.08 | M25: 7.05 | N25: =+M25+O25 -> 7.1 | O25: =RANDBETWEEN(5,10)/100 -> 0.05 | P25: 1.41 | Q25: =+P25+R25 -> 1.47 | R25: =RANDBETWEEN(5,10)/100 -> 0.06 | S25: 2 | T25: =+S25+U25 -> 2.07 | U25: =RANDBETWEEN(5,10)/100 -> 0.07
A26: =+'1. PL đường đen'!A14 -> 3 | B26: =+'1. PL đường đen'!B14 -> 2 | C26: =+'1. PL đường đen'!C14 -> 36.8 | D26: 2 | E26: =+D26+F26 -> 2.05 | F26: =RANDBETWEEN(5,10)/100 -> 0.05 | G26: 1.41 | H26: =+G26+I26 -> 1.5 | I26: =RANDBETWEEN(5,10)/100 -> 0.09 | J26: 7.04 | K26: =+J26+L26 -> 7.13 | L26: =RANDBETWEEN(5,10)/100 -> 0.09 | M26: 7.09 | N26: =+M26+O26 -> 7.15 | O26: =RANDBETWEEN(5,10)/100 -> 0.06 | P26: 1.41 | Q26: =+P26+R26 -> 1.46 | R26: =RANDBETWEEN(5,10)/100 -> 0.05 | S26: 2 | T26: =+S26+U26 -> 2.07 | U26: =RANDBETWEEN(5,10)/100 -> 0.07
A27: =+'1. PL đường đen'!A15 -> 4 | B27: =+'1. PL đường đen'!B15 -> 3 | C27: =+'1. PL đường đen'!C15 -> 53.98 | D27: 2 | E27: =+D27+F27 -> 2.1 | F27: =RANDBETWEEN(5,10)/100 -> 0.1 | G27: 1.41 | H27: =+G27+I27 -> 1.47 | I27: =RANDBETWEEN(5,10)/100 -> 0.06 | J27: 7.28 | K27: =+J27+L27 -> 7.33 | L27: =RANDBETWEEN(5,10)/100 -> 0.05 | M27: 7.26 | N27: =+M27+O27 -> 7.32 | O27: =RANDBETWEEN(5,10)/100 -> 0.06 | P27: 1.41 | Q27: =+P27+R27 -> 1.49 | R27: =RANDBETWEEN(5,10)/100 -> 0.08 | S27: 2 | T27: =+S27+U27 -> 2.09 | U27: =RANDBETWEEN(5,10)/100 -> 0.09
A28: =+'1. PL đường đen'!A16 -> 5 | B28: =+'1. PL đường đen'!B16 -> D2 | C28: =+'1. PL đường đen'!C16 -> 66.95
A29: =+'1. PL đường đen'!A17 -> 6 | B29: =+'1. PL đường đen'!B17 -> 4 | C29: =+'1. PL đường đen'!C17 -> 77.63 | D29: 2 | E29: =+D29+F29 -> 2.09 | F29: =RANDBETWEEN(5,10)/100 -> 0.09 | G29: 1.41 | H29: =+G29+I29 -> 1.47 | I29: =RANDBETWEEN(5,10)/100 -> 0.06 | J29: 4.82 | K29: =+J29+L29 -> 4.89 | L29: =RANDBETWEEN(5,10)/100 -> 0.07 | M29: 7.68 | N29: =+M29+O29 -> 7.77 | O29: =RANDBETWEEN(5,10)/100 -> 0.09 | P29: 1.41 | Q29: =+P29+R29 -> 1.51 | R29: =RANDBETWEEN(5,10)/100 -> 0.1 | S29: 2 | T29: =+S29+U29 -> 2.05 | U29: =RANDBETWEEN(5,10)/100 -> 0.05
A30: =+'1. PL đường đen'!A18 -> 7 | B30: =+'1. PL đường đen'!B18 -> 5 | C30: =+'1. PL đường đen'!C18 -> 94.8 | D30: 2 | E30: =+D30+F30 -> 2.05 | F30: =RANDBETWEEN(5,10)/100 -> 0.05 | G30: 1.41 | H30: =+G30+I30 -> 1.48 | I30: =RANDBETWEEN(5,10)/100 -> 0.07 | J30: 7.65 | K30: =+J30+L30 -> 7.74 | L30: =RANDBETWEEN(5,10)/100 -> 0.09 | M30: 7.32 | N30: =+M30+O30 -> 7.42 | O30: =RANDBETWEEN(5,10)/100 -> 0.1 | P30: 1.41 | Q30: =+P30+R30 -> 1.48 | R30: =RANDBETWEEN(5,10)/100 -> 0.07 | S30: 2 | T30: =+S30+U30 -> 2.06 | U30: =RANDBETWEEN(5,10)/100 -> 0.06
A31: =+'1. PL đường đen'!A19 -> 8 | B31: =+'1. PL đường đen'!B19 -> 6 | C31: =+'1. PL đường đen'!C19 -> 111.97 | D31: 2 | E31: =+D31+F31 -> 2.05 | F31: =RANDBETWEEN(5,10)/100 -> 0.05 | G31: 1.41 | H31: =+G31+I31 -> 1.49 | I31: =RANDBETWEEN(5,10)/100 -> 0.08 | J31: 7.63 | K31: =+J31+L31 -> 7.71 | L31: =RANDBETWEEN(5,10)/100 -> 0.08 | M31: 7.15 | N31: =+M31+O31 -> 7.2 | O31: =RANDBETWEEN(5,10)/100 -> 0.05 | P31: 1.41 | Q31: =+P31+R31 -> 1.5 | R31: =RANDBETWEEN(5,10)/100 -> 0.09 | S31: 2 | T31: =+S31+U31 -> 2.06 | U31: =RANDBETWEEN(5,10)/100 -> 0.06
A32: =+'1. PL đường đen'!A20 -> 9 | B32: =+'1. PL đường đen'!B20 -> D1 | C32: =+'1. PL đường đen'!C20 -> 126.46
E34: NHÀ THẦU THI CÔNG | O34: TƯ VẤN GIÁM SÁT
E39: Nguyễn Xuân Hưng | O39: Lê Quốc Huy

Sheet 3. KL vải lọc
A1: PHỤ LỤC KHỐI LƯỢNG
A2: ="Kèm theo BBNT số: "&VLOOKUP(O2,'Tuyến XB6A'!$A$2:$G$29,7,0)&VLOOKUP(O2,'Tuyến XB6A'!$A$2:$G$29,4,0) -> Kèm theo BBNT số: 03.NĐXB6A/CVXD ngày 24 tháng 08 năm 2026 | O2: 3
A3: ='2. Cao độ đào nền'!A3 -> Dự án: Xây dựng HTKT Khu tái định cư phục vụ di dân xã Hải Hà, thị xã Nghi Sơn, tỉnh Thanh Hóa.
A4: ='2. Cao độ đào nền'!A4 -> Gói thầu số 12: Xây dựng HTKT khu vực Hải Bình và Xuân Lâm (bao gồm cả bảo hiểm xây dựng công trình)
A5: Nhà thầu thi công: Công ty TNHH Hoàng Tuấn
A6: ='2. Cao độ đào nền'!A6 -> Hạng mục: Nền đường tuyến XB6A
A7: - Đối tượng nghiệm thu: | D7: =VLOOKUP(O2,'Tuyến XB6A'!$A$2:$B$29,2,0) -> Rải vải địa kỹ thuật đoạn từ Km0+000,00 - Km0+126,46
A9: STT | B9: Tên cọc | C9: Lý trình | D9: K/c lẻ | K9: Khối lượng vải địa kỹ thuật | M9: Ghi chú
E10: Khối lượng thi công | K10: Chiều dài (m) | L10: Diện tích (m2)
A11: 1 | B11: ='1. PL đường đen'!B12 -> D3 | C11: ='1. PL đường đen'!C12 -> 0 | D11: ='1. PL đường đen'!T12 -> 19.63 | K11: =SUM(E11:J11) -> 0 | L11: =(K11+K12)*D11/2 -> 208.96135
A12: 2 | B12: ='1. PL đường đen'!B13 -> 1 | C12: ='1. PL đường đen'!C13 -> 19.63 | D12: ='1. PL đường đen'!T13 -> 17.17 | E12: ='3. KTHH vải lọc'!E25 -> 2.09 | F12: ='3. KTHH vải lọc'!H25 -> 1.51 | G12: ='3. KTHH vải lọc'!K25 -> 7.05 | H12: ='3. KTHH vải lọc'!N25 -> 7.1 | I12: ='3. KTHH vải lọc'!Q25 -> 1.47 | J12: ='3. KTHH vải lọc'!T25 -> 2.07 | K12: =SUM(E12:J12) -> 21.29 | L12: =(K12+K13)*D12/2 -> 366.15025
A13: 3 | B13: ='1. PL đường đen'!B14 -> 2 | C13: ='1. PL đường đen'!C14 -> 36.8 | D13: ='1. PL đường đen'!T14 -> 17.18 | E13: ='3. KTHH vải lọc'!E26 -> 2.05 | F13: ='3. KTHH vải lọc'!H26 -> 1.5 | G13: ='3. KTHH vải lọc'!K26 -> 7.13 | H13: ='3. KTHH vải lọc'!N26 -> 7.15 | I13: ='3. KTHH vải lọc'!Q26 -> 1.46 | J13: ='3. KTHH vải lọc'!T26 -> 2.07 | K13: =SUM(E13:J13) -> 21.36 | L13: =(K13+K14)*D13/2 -> 370.7444
A14: 4 | B14: ='1. PL đường đen'!B15 -> 3 | C14: ='1. PL đường đen'!C15 -> 53.98 | D14: ='1. PL đường đen'!T15 -> 12.97 | E14: ='3. KTHH vải lọc'!E27 -> 2.1 | F14: ='3. KTHH vải lọc'!H27 -> 1.47 | G14: ='3. KTHH vải lọc'!K27 -> 7.33 | H14: ='3. KTHH vải lọc'!N27 -> 7.32 | I14: ='3. KTHH vải lọc'!Q27 -> 1.49 | J14: ='3. KTHH vải lọc'!T27 -> 2.09 | K14: =SUM(E14:J14) -> 21.8 | L14: =(K14+K15)*D14/2 -> 141.373
A15: 5 | B15: ='1. PL đường đen'!B16 -> D2 | C15: ='1. PL đường đen'!C16 -> 66.95 | D15: ='1. PL đường đen'!T16 -> 10.68 | K15: =SUM(E15:J15) -> 0 | L15: =(K15+K16)*D15/2 -> 105.6252
A16: 6 | B16: ='1. PL đường đen'!B17 -> 4 | C16: ='1. PL đường đen'!C17 -> 77.63 | D16: ='1. PL đường đen'!T17 -> 17.17 | E16: ='3. KTHH vải lọc'!E29 -> 2.09 | F16: ='3. KTHH vải lọc'!H29 -> 1.47 | G16: ='3. KTHH vải lọc'!K29 -> 4.89 | H16: ='3. KTHH vải lọc'!N29 -> 7.77 | I16: ='3. KTHH vải lọc'!Q29 -> 1.51 | J16: ='3. KTHH vải lọc'!T29 -> 2.05 | K16: =SUM(E16:J16) -> 19.78 | L16: =(K16+K17)*D16/2 -> 360.65585
A17: 7 | B17: ='1. PL đường đen'!B18 -> 5 | C17: ='1. PL đường đen'!C18 -> 94.8 | D17: ='1. PL đường đen'!T18 -> 17.17 | E17: ='3. KTHH vải lọc'!E30 -> 2.05 | F17: ='3. KTHH vải lọc'!H30 -> 1.48 | G17: ='3. KTHH vải lọc'!K30 -> 7.74 | H17: ='3. KTHH vải lọc'!N30 -> 7.42 | I17: ='3. KTHH vải lọc'!Q30 -> 1.48 | J17: ='3. KTHH vải lọc'!T30 -> 2.06 | K17: =SUM(E17:J17) -> 22.23 | L17: =(K17+K18)*D17/2 -> 379.8004
A18: 8 | B18: ='1. PL đường đen'!B19 -> 6 | C18: ='1. PL đường đen'!C19 -> 111.97 | D18: ='1. PL đường đen'!T19 -> 14.49 | E18: ='3. KTHH vải lọc'!E31 -> 2.05 | F18: ='3. KTHH vải lọc'!H31 -> 1.49 | G18: ='3. KTHH vải lọc'!K31 -> 7.71 | H18: ='3. KTHH vải lọc'!N31 -> 7.2 | I18: ='3. KTHH vải lọc'!Q31 -> 1.5 | J18: ='3. KTHH vải lọc'!T31 -> 2.06 | K18: =SUM(E18:J18) -> 22.01 | L18: =(K18+K19)*D18/2 -> 159.46245
A19: 9 | B19: ='1. PL đường đen'!B20 -> D1 | C19: ='1. PL đường đen'!C20 -> 126.46 | K19: =SUM(E19:J19) -> 0
A20: Tổng cộng (m3) | L20: =SUM(L11:L19) -> 2092.7729
A22: NHÀ THẦU THI CÔNG | E22: TƯ VẤN GIÁM SÁT
A29: ='2. Cao độ đào nền'!E39 -> Nguyễn Xuân Hưng | K29: Lê Quốc Huy

Sheet chạy VL
A1: STT | B1: Tên cọc | C1: Lý trình | D1: Tên lớp | E1: Phần | F1: B trái | G1: B phải
A2: 1 | B2: D3 | C2: 0 | D2: 1 | E2: gập | F2: 0 | G2: 0
D3: 1 | E3: taluy | F3: 0 | G3: 0
D4: 1 | E4: đáy | F4: 0 | G4: 0
A5: 2 | B5: 1 | C5: 19.63 | D5: 1 | E5: gập | F5: 2 | G5: 2
D6: 1 | E6: taluy | F6: 1.41 | G6: 1.41
D7: 1 | E7: đáy | F7: 6.97 | G7: 7.05
A8: 3 | B8: 2 | C8: 36.8 | D8: 1 | E8: gập | F8: 2 | G8: 2
D9: 1 | E9: taluy | F9: 1.41 | G9: 1.41
D10: 1 | E10: đáy | F10: 7.04 | G10: 7.09
A11: 4 | B11: 3 | C11: 53.98 | D11: 1 | E11: gập | F11: 2 | G11: 2
D12: 1 | E12: taluy | F12: 1.41 | G12: 1.41
D13: 1 | E13: đáy | F13: 7.28 | G13: 7.26
A14: 5 | B14: D2 | C14: 66.95 | D14: 1 | E14: gập | F14: 0 | G14: 0
D15: 1 | E15: taluy | F15: 0 | G15: 0
D16: 1 | E16: đáy | F16: 0 | G16: 0
A17: 6 | B17: 4 | C17: 77.63 | D17: 1 | E17: gập | F17: 2 | G17: 2
D18: 1 | E18: taluy | F18: 1.41 | G18: 1.41
D19: 1 | E19: đáy | F19: 4.82 | G19: 7.68
A20: 7 | B20: 5 | C20: 94.8 | D20: 1 | E20: gập | F20: 2 | G20: 2
D21: 1 | E21: taluy | F21: 1.41 | G21: 1.41
D22: 1 | E22: đáy | F22: 7.65 | G22: 7.32
A23: 8 | B23: 6 | C23: 111.97 | D23: 1 | E23: gập | F23: 2 | G23: 2
D24: 1 | E24: taluy | F24: 1.41 | G24: 1.41
D25: 1 | E25: đáy | F25: 7.63 | G25: 7.15
A26: 9 | B26: D1 | C26: 126.46 | D26: 1 | E26: gập | F26: 0 | G26: 0
D27: 1 | E27: taluy | F27: 0 | G27: 0
D28: 1 | E28: đáy | F28: 0 | G28: 0

Sheet KL tưới nhựa
A1: PHỤ LỤC KHỐI LƯỢNG TƯỚI NHỰA
A2: ="Kèm theo BBNT số: "&VLOOKUP(L2,'Tuyến XB6A'!$A$2:$G$31,7,0)&VLOOKUP(L2,'Tuyến XB6A'!$A$2:$G$31,4,0) -> Kèm theo BBNT số: 26.NĐXB6A/CVXD ngày 13 tháng 09 năm 2026 | L2: 26
A3: Dự án: Xây dựng HTKT Khu tái định cư phục vụ di dân xã Hải Hà, thị xã Nghi Sơn, tỉnh Thanh Hóa.
A4: Gói thầu số 12: Xây dựng HTKT khu vực Hải Bình và Xuân Lâm (bao gồm cả bảo hiểm xây dựng công trình)
A5: Nhà thầu thi công: Công ty TNHH Hoàng Tuấn
A6: Hạng mục: Nền đường tuyến XB6A
A7: - Đối tượng nghiệm thu: | E7: =VLOOKUP(L2,'Tuyến XB6A'!$A$2:$B$31,2,0) -> Tưới lớp thấm bám mặt đường, nhựa MC70, lượng nhựa 1kg/m2
A9: STT | B9: Tên cọc | C9: Lý trình | D9: K/c lẻ | E9: Bề rộng tưới nhựa | H9: Diện tích tưới nhựa | K9: Ghi chú
E10: Thiết kế | F10: Thực tế | G10: Chênh lệch | H10: Thiết kế | I10: Thực tế | J10: Chênh lệch
A11: 1 | B11: ='1. PL đường đen'!B12 -> D3 | C11: 0 | D11: ='1. PL đường đen'!T12 -> 19.63 | E11: 7.5 | F11: =+E11+G11 -> 7.507 | G11: =RANDBETWEEN(-30,110)/1000 -> 0.007 | H11: =+(E11+E12)/2*D11 -> 147.225 | I11: =+(F11+F12)/2*D11 -> 147.07778 | J11: =+I11-H11 -> -0.147225
A12: 2 | B12: ='1. PL đường đen'!B13 -> 1 | C12: =C11+D11 -> 19.63 | D12: ='1. PL đường đen'!T13 -> 17.17 | E12: 7.5 | F12: =+E12+G12 -> 7.478 | G12: =RANDBETWEEN(-30,110)/1000 -> -0.022 | H12: =+(E12+E13)/2*D12 -> 128.775 | I12: =+(F12+F13)/2*D12 -> 128.88661 | J12: =+I12-H12 -> 0.111605
A13: 3 | B13: ='1. PL đường đen'!B14 -> 2 | C13: =C12+D12 -> 36.8 | D13: ='1. PL đường đen'!T14 -> 17.18 | E13: 7.5 | F13: =+E13+G13 -> 7.535 | G13: =RANDBETWEEN(-30,110)/1000 -> 0.035 | H13: =+(E13+E14)/2*D13 -> 128.85 | I13: =+(F13+F14)/2*D13 -> 129.93234 | J13: =+I13-H13 -> 1.08234
A14: 4 | B14: ='1. PL đường đen'!B15 -> 3 | C14: =C13+D13 -> 53.98 | D14: ='1. PL đường đen'!T15 -> 12.97 | E14: 7.5 | F14: =+E14+G14 -> 7.591 | G14: =RANDBETWEEN(-30,110)/1000 -> 0.091 | H14: =+(E14+E15)/2*D14 -> 97.275 | I14: =+(F14+F15)/2*D14 -> 98.396905 | J14: =+I14-H14 -> 1.121905
A15: 5 | B15: ='1. PL đường đen'!B16 -> D2 | C15: =C14+D14 -> 66.95 | D15: ='1. PL đường đen'!T16 -> 10.68 | E15: 7.5 | F15: =+E15+G15 -> 7.582 | G15: =RANDBETWEEN(-30,110)/1000 -> 0.082 | H15: =+(E15+E16)/2*D15 -> 80.1 | I15: =+(F15+F16)/2*D15 -> 80.80488 | J15: =+I15-H15 -> 0.70488
A16: 6 | B16: ='1. PL đường đen'!B17 -> 4 | C16: =C15+D15 -> 77.63 | D16: ='1. PL đường đen'!T17 -> 17.17 | E16: 7.5 | F16: =+E16+G16 -> 7.55 | G16: =RANDBETWEEN(-30,110)/1000 -> 0.05 | H16: =+(E16+E17)/2*D16 -> 128.775 | I16: =+(F16+F17)/2*D16 -> 129.03255 | J16: =+I16-H16 -> 0.25755
A17: 7 | B17: ='1. PL đường đen'!B18 -> 5 | C17: =C16+D16 -> 94.8 | D17: ='1. PL đường đen'!T18 -> 17.17 | E17: 7.5 | F17: =+E17+G17 -> 7.48 | G17: =RANDBETWEEN(-30,110)/1000 -> -0.02 | H17: =+(E17+E18)/2*D17 -> 128.775 | I17: =+(F17+F18)/2*D17 -> 128.75783 | J17: =+I17-H17 -> -0.01717
A18: 8 | B18: ='1. PL đường đen'!B19 -> 6 | C18: =C17+D17 -> 111.97 | D18: ='1. PL đường đen'!T19 -> 14.49 | E18: 7.5 | F18: =+E18+G18 -> 7.518 | G18: =RANDBETWEEN(-30,110)/1000 -> 0.018 | H18: =+(E18+E19)/2*D18 -> 108.675 | I18: =+(F18+F19)/2*D18 -> 109.23287 | J18: =+I18-H18 -> 0.557865
A19: 9 | B19: ='1. PL đường đen'!B20 -> D1 | C19: =C18+D18 -> 126.46 | E19: 7.5 | F19: =+E19+G19 -> 7.559 | G19: =RANDBETWEEN(-30,110)/1000 -> 0.059
A20: Tổng cộng (m3) | H20: =SUM(H11:H19) -> 948.45 | I20: =SUM(I11:I19) -> 952.12175 | J20: =+I20-H20 -> 3.67175
A22: NHÀ THẦU THI CÔNG | G22: TƯ VẤN GIÁM SÁT
A27: Nguyễn Xuân Hưng | G27: Lê Minh Hải

Sheet CĐ mặt đường
A1: PHỤ LỤC KIỂM TRA CAO ĐỘ MẶT ĐƯỜNG
A2: ="Kèm theo BBNT số: "&VLOOKUP(T2,'Tuyến XB6A'!$A$2:$G$31,7,0)&VLOOKUP(T2,'Tuyến XB6A'!$A$2:$G$31,4,0) -> Kèm theo BBNT số: 27.NĐXB6A/CVXD ngày 19 tháng 09 năm 2026 | T2: 27
A3: Dự án: Xây dựng HTKT Khu tái định cư phục vụ di dân xã Hải Hà, thị xã Nghi Sơn, tỉnh Thanh Hóa.
A4: Gói thầu số 12: Xây dựng HTKT khu vực Hải Bình và Xuân Lâm (bao gồm cả bảo hiểm xây dựng công trình)
A5: Nhà thầu thi công: Công ty TNHH Hoàng Tuấn
A6: Hạng mục: Nền đường tuyến XB6A
A7: - Đối tượng nghiệm thu: | D7: =VLOOKUP(T2,'Tuyến XB6A'!$A$2:$B$31,2,0) -> Rải thảm mặt đường bê tông nhựa C16 - Chiều dày mặt đường đã lèn ép 6cm
A8: Sơ hoạ:
A20: TT | B20: Tên cọc | C20: Lý trình | D20: Bên trái (H1) | J20: Tim (H2) | M20: Bên phải (H3) | S20: Ghi chú
D21: KCTK | E21: KCTC | F21: Chênh KC (m) | G21: CDTK (m) | H21: CDTC (m) | I21: Chênh CD (m) | J21: CDTK (m) | K21: CDTC (m) | L21: Chênh CD (m) | M21: KCTK | N21: KCTC | O21: Chênh KC (m) | P21: CDTK (m) | Q21: CDTC (m) | R21: Chênh CD (m)
A22: ='1. PL đường đen'!A12 -> 1 | B22: ='1. PL đường đen'!B12 -> D3 | C22: ='1. PL đường đen'!C12 -> 0 | D22: 3.75 | E22: =+D22+F22 -> 3.763 | F22: =RANDBETWEEN(-20,20)/1000 -> 0.013 | G22: =+J22-3.45*2%-(D22-3.45)*6% -> 2.732 | H22: =G22+I22 -> 2.757 | I22: =RANDBETWEEN(-30,70)/1000 -> 0.025 | J22: 2.819 | K22: =J22+L22 -> 2.814 | L22: =RANDBETWEEN(-30,70)/1000 -> -0.005 | M22: =D22 -> 3.75 | N22: =+M22+O22 -> 3.731 | O22: =RANDBETWEEN(-20,20)/1000 -> -0.019 | P22: =+J22-3.45*2%-(M22-3.45)*6% -> 2.732 | Q22: =P22+R22 -> 2.745 | R22: =RANDBETWEEN(-20,20)/1000 -> 0.013
A23: ='1. PL đường đen'!A13 -> 2 | B23: ='1. PL đường đen'!B13 -> 1 | C23: ='1. PL đường đen'!C13 -> 19.63 | D23: =+D22 -> 3.75 | E23: =+D23+F23 -> 3.73 | F23: =RANDBETWEEN(-20,20)/1000 -> -0.02 | G23: =+J23-3.45*2%-(D23-3.45)*6% -> 2.732 | H23: =G23+I23 -> 2.754 | I23: =RANDBETWEEN(-30,70)/1000 -> 0.022 | J23: 2.819 | K23: =J23+L23 -> 2.866 | L23: =RANDBETWEEN(-30,70)/1000 -> 0.047 | M23: =D23 -> 3.75 | N23: =+M23+O23 -> 3.75 | O23: =RANDBETWEEN(-20,20)/1000 -> 0 | P23: =+J23-3.45*2%-(M23-3.45)*6% -> 2.732 | Q23: =P23+R23 -> 2.744 | R23: =RANDBETWEEN(-20,20)/1000 -> 0.012
A24: ='1. PL đường đen'!A14 -> 3 | B24: ='1. PL đường đen'!B14 -> 2 | C24: ='1. PL đường đen'!C14 -> 36.8 | D24: =+D23 -> 3.75 | E24: =+D24+F24 -> 3.758 | F24: =RANDBETWEEN(-20,20)/1000 -> 0.008 | G24: =+J24-3.45*2%-(D24-3.45)*6% -> 2.739 | H24: =G24+I24 -> 2.715 | I24: =RANDBETWEEN(-30,70)/1000 -> -0.024 | J24: 2.826 | K24: =J24+L24 -> 2.822 | L24: =RANDBETWEEN(-30,70)/1000 -> -0.004 | M24: =D24 -> 3.75 | N24: =+M24+O24 -> 3.732 | O24: =RANDBETWEEN(-20,20)/1000 -> -0.018 | P24: =+J24-3.45*2%-(M24-3.45)*6% -> 2.739 | Q24: =P24+R24 -> 2.739 | R24: =RANDBETWEEN(-20,20)/1000 -> 0
A25: ='1. PL đường đen'!A15 -> 4 | B25: ='1. PL đường đen'!B15 -> 3 | C25: ='1. PL đường đen'!C15 -> 53.98 | D25: =+D24 -> 3.75 | E25: =+D25+F25 -> 3.768 | F25: =RANDBETWEEN(-20,20)/1000 -> 0.018 | G25: =+J25-3.45*2%-(D25-3.45)*6% -> 2.747 | H25: =G25+I25 -> 2.815 | I25: =RANDBETWEEN(-30,70)/1000 -> 0.068 | J25: 2.834 | K25: =J25+L25 -> 2.871 | L25: =RANDBETWEEN(-30,70)/1000 -> 0.037 | M25: =D25 -> 3.75 | N25: =+M25+O25 -> 3.74 | O25: =RANDBETWEEN(-20,20)/1000 -> -0.01 | P25: =+J25-3.45*2%-(M25-3.45)*6% -> 2.747 | Q25: =P25+R25 -> 2.732 | R25: =RANDBETWEEN(-20,20)/1000 -> -0.015
A26: ='1. PL đường đen'!A16 -> 5 | B26: ='1. PL đường đen'!B16 -> D2 | C26: ='1. PL đường đen'!C16 -> 66.95 | D26: =+D25 -> 3.75 | E26: =+D26+F26 -> 3.735 | F26: =RANDBETWEEN(-20,20)/1000 -> -0.015 | G26: =+J26-3.45*2%-(D26-3.45)*6% -> 2.753 | H26: =G26+I26 -> 2.772 | I26: =RANDBETWEEN(-30,70)/1000 -> 0.019 | J26: 2.84 | K26: =J26+L26 -> 2.885 | L26: =RANDBETWEEN(-30,70)/1000 -> 0.045 | M26: =D26 -> 3.75 | N26: =+M26+O26 -> 3.753 | O26: =RANDBETWEEN(-20,20)/1000 -> 0.003 | P26: =+J26-3.45*2%-(M26-3.45)*6% -> 2.753 | Q26: =P26+R26 -> 2.74 | R26: =RANDBETWEEN(-20,20)/1000 -> -0.013
A27: ='1. PL đường đen'!A17 -> 6 | B27: ='1. PL đường đen'!B17 -> 4 | C27: ='1. PL đường đen'!C17 -> 77.63 | D27: =+D26 -> 3.75 | E27: =+D27+F27 -> 3.733 | F27: =RANDBETWEEN(-20,20)/1000 -> -0.017 | G27: =+J27-3.45*2%-(D27-3.45)*6% -> 2.758 | H27: =G27+I27 -> 2.734 | I27: =RANDBETWEEN(-30,70)/1000 -> -0.024 | J27: 2.845 | K27: =J27+L27 -> 2.88 | L27: =RANDBETWEEN(-30,70)/1000 -> 0.035 | M27: =D27 -> 3.75 | N27: =+M27+O27 -> 3.764 | O27: =RANDBETWEEN(-20,20)/1000 -> 0.014 | P27: =+J27-3.45*2%-(M27-3.45)*6% -> 2.758 | Q27: =P27+R27 -> 2.764 | R27: =RANDBETWEEN(-20,20)/1000 -> 0.006
A28: ='1. PL đường đen'!A18 -> 7 | B28: ='1. PL đường đen'!B18 -> 5 | C28: ='1. PL đường đen'!C18 -> 94.8 | D28: =+D27 -> 3.75 | E28: =+D28+F28 -> 3.759 | F28: =RANDBETWEEN(-20,20)/1000 -> 0.009 | G28: =+J28-3.45*2%-(D28-3.45)*6% -> 2.767 | H28: =G28+I28 -> 2.787 | I28: =RANDBETWEEN(-30,70)/1000 -> 0.02 | J28: 2.854 | K28: =J28+L28 -> 2.859 | L28: =RANDBETWEEN(-30,70)/1000 -> 0.005 | M28: =D28 -> 3.75 | N28: =+M28+O28 -> 3.764 | O28: =RANDBETWEEN(-20,20)/1000 -> 0.014 | P28: =+J28-3.45*2%-(M28-3.45)*6% -> 2.767 | Q28: =P28+R28 -> 2.758 | R28: =RANDBETWEEN(-20,20)/1000 -> -0.009
A29: ='1. PL đường đen'!A19 -> 8 | B29: ='1. PL đường đen'!B19 -> 6 | C29: ='1. PL đường đen'!C19 -> 111.97 | D29: =+D28 -> 3.75 | E29: =+D29+F29 -> 3.746 | F29: =RANDBETWEEN(-20,20)/1000 -> -0.004 | G29: =+J29-3.45*2%-(D29-3.45)*6% -> 2.776 | H29: =G29+I29 -> 2.777 | I29: =RANDBETWEEN(-30,70)/1000 -> 0.001 | J29: 2.863 | K29: =J29+L29 -> 2.866 | L29: =RANDBETWEEN(-30,70)/1000 -> 0.003 | M29: =D29 -> 3.75 | N29: =+M29+O29 -> 3.744 | O29: =RANDBETWEEN(-20,20)/1000 -> -0.006 | P29: =+J29-3.45*2%-(M29-3.45)*6% -> 2.776 | Q29: =P29+R29 -> 2.792 | R29: =RANDBETWEEN(-20,20)/1000 -> 0.016
A30: ='1. PL đường đen'!A20 -> 9 | B30: ='1. PL đường đen'!B20 -> D1 | C30: ='1. PL đường đen'!C20 -> 126.46 | D30: =+D29 -> 3.75 | E30: =+D30+F30 -> 3.75 | F30: =RANDBETWEEN(-20,20)/1000 -> 0 | G30: =+J30-3.45*2%-(D30-3.45)*6% -> 2.776 | H30: =G30+I30 -> 2.776 | I30: =RANDBETWEEN(-30,70)/1000 -> 0 | J30: 2.863 | K30: =J30+L30 -> 2.88 | L30: =RANDBETWEEN(-30,70)/1000 -> 0.017 | M30: =D30 -> 3.75 | N30: =+M30+O30 -> 3.74 | O30: =RANDBETWEEN(-20,20)/1000 -> -0.01 | P30: =+J30-3.45*2%-(M30-3.45)*6% -> 2.776 | Q30: =P30+R30 -> 2.783 | R30: =RANDBETWEEN(-20,20)/1000 -> 0.007
A32: NHÀ THẦU THI CÔNG | J32: TƯ VẤN GIÁM SÁT
A37: Nguyễn Xuân Hưng | J37: Lê Minh Hải

Sheet KL BTN
A1: PHỤ LỤC KHỐI LƯỢNG
A2: ="Kèm theo BBNT số: "&VLOOKUP(L2,'Tuyến XB6A'!$A$2:$G$31,7,0)&VLOOKUP(L2,'Tuyến XB6A'!$A$2:$G$31,4,0) -> Kèm theo BBNT số: 28.NĐXB6A/CVXD ngày 21 tháng 09 năm 2026 | L2: 28
A3: Dự án: Xây dựng HTKT Khu tái định cư phục vụ di dân xã Hải Hà, thị xã Nghi Sơn, tỉnh Thanh Hóa.
A4: Gói thầu số 12: Xây dựng HTKT khu vực Hải Bình và Xuân Lâm (bao gồm cả bảo hiểm xây dựng công trình)
A5: Nhà thầu thi công: Công ty TNHH Hoàng Tuấn
A6: Hạng mục: Nền đường tuyến XB6A
A7: - Đối tượng nghiệm thu: | D7: =VLOOKUP(L2,'Tuyến XB6A'!$A$2:$B$31,2,0) -> Bê tông nhựa C16 - Chiều dày mặt đường đã lèn ép 6cm
A9: STT | B9: Tên cọc | C9: Lý trình | D9: K/c lẻ | E9: Bề rộng tưới nhựa | H9: Diện tích tưới nhựa | K9: Ghi chú
E10: Thiết kế | F10: Thực tế | G10: Chênh lệch | H10: Thiết kế | I10: Thực tế | J10: Chênh lệch
A11: 1 | B11: ='1. PL đường đen'!B12 -> D3 | C11: 0 | D11: ='1. PL đường đen'!T12 -> 19.63 | E11: 7.5 | F11: =+E11+G11 -> 7.527 | G11: =RANDBETWEEN(-30,110)/1000 -> 0.027 | H11: =+(E11+E12)/2*D11 -> 147.225 | I11: =+(F11+F12)/2*D11 -> 147.83353 | J11: =+I11-H11 -> 0.60853
A12: 2 | B12: ='1. PL đường đen'!B13 -> 1 | C12: =C11+D11 -> 19.63 | D12: ='1. PL đường đen'!T13 -> 17.17 | E12: 7.5 | F12: =+E12+G12 -> 7.535 | G12: =RANDBETWEEN(-30,110)/1000 -> 0.035 | H12: =+(E12+E13)/2*D12 -> 128.775 | I12: =+(F12+F13)/2*D12 -> 129.69359 | J12: =+I12-H12 -> 0.918595
A13: 3 | B13: ='1. PL đường đen'!B14 -> 2 | C13: =C12+D12 -> 36.8 | D13: ='1. PL đường đen'!T14 -> 17.18 | E13: 7.5 | F13: =+E13+G13 -> 7.572 | G13: =RANDBETWEEN(-30,110)/1000 -> 0.072 | H13: =+(E13+E14)/2*D13 -> 128.85 | I13: =+(F13+F14)/2*D13 -> 129.97529 | J13: =+I13-H13 -> 1.12529
A14: 4 | B14: ='1. PL đường đen'!B15 -> 3 | C14: =C13+D13 -> 53.98 | D14: ='1. PL đường đen'!T15 -> 12.97 | E14: 7.5 | F14: =+E14+G14 -> 7.559 | G14: =RANDBETWEEN(-30,110)/1000 -> 0.059 | H14: =+(E14+E15)/2*D14 -> 97.275 | I14: =+(F14+F15)/2*D14 -> 97.98835 | J14: =+I14-H14 -> 0.71335
A15: 5 | B15: ='1. PL đường đen'!B16 -> D2 | C15: =C14+D14 -> 66.95 | D15: ='1. PL đường đen'!T16 -> 10.68 | E15: 7.5 | F15: =+E15+G15 -> 7.551 | G15: =RANDBETWEEN(-30,110)/1000 -> 0.051 | H15: =+(E15+E16)/2*D15 -> 80.1 | I15: =+(F15+F16)/2*D15 -> 80.90634 | J15: =+I15-H15 -> 0.80634
A16: 6 | B16: ='1. PL đường đen'!B17 -> 4 | C16: =C15+D15 -> 77.63 | D16: ='1. PL đường đen'!T17 -> 17.17 | E16: 7.5 | F16: =+E16+G16 -> 7.6 | G16: =RANDBETWEEN(-30,110)/1000 -> 0.1 | H16: =+(E16+E17)/2*D16 -> 128.775 | I16: =+(F16+F17)/2*D16 -> 129.69359 | J16: =+I16-H16 -> 0.918595
A17: 7 | B17: ='1. PL đường đen'!B18 -> 5 | C17: =C16+D16 -> 94.8 | D17: ='1. PL đường đen'!T18 -> 17.17 | E17: 7.5 | F17: =+E17+G17 -> 7.507 | G17: =RANDBETWEEN(-30,110)/1000 -> 0.007 | H17: =+(E17+E18)/2*D17 -> 128.775 | I17: =+(F17+F18)/2*D17 -> 128.9467 | J17: =+I17-H17 -> 0.1717
A18: 8 | B18: ='1. PL đường đen'!B19 -> 6 | C18: =C17+D17 -> 111.97 | D18: ='1. PL đường đen'!T19 -> 14.49 | E18: 7.5 | F18: =+E18+G18 -> 7.513 | G18: =RANDBETWEEN(-30,110)/1000 -> 0.013 | H18: =+(E18+E19)/2*D18 -> 108.675 | I18: =+(F18+F19)/2*D18 -> 108.63153 | J18: =+I18-H18 -> -0.04347
A19: 9 | B19: ='1. PL đường đen'!B20 -> D1 | C19: =C18+D18 -> 126.46 | E19: 7.5 | F19: =+E19+G19 -> 7.481 | G19: =RANDBETWEEN(-30,110)/1000 -> -0.019
A20: Tổng cộng (m3) | H20: =SUM(H11:H19) -> 948.45 | I20: =SUM(I11:I19) -> 953.66893 | J20: =+I20-H20 -> 5.21893
A22: NHÀ THẦU THI CÔNG | G22: TƯ VẤN GIÁM SÁT
A28: Nguyễn Xuân Hưng | G28: Lê Minh Hải
