Workbook

Sheet IN
A1: DANH MỤC NGHIỆM THU
A2: Dự án: Xây dựng hạ tầng kỹ thuật Khu tái định cư phục vụ di dân xã Hải Hà, thị xã Nghi Sơn, tỉnh Thanh Hóa
A3: Gói thầu số 12: Xây dựng hạ tầng kỹ thuật khu vực Hải Bình và Xuân Lâm (bao gồm cả bảo hiểm xây dựng công trình)
A4: Nhà thầu thi công : Công ty TNHH Hoàng Tuấn
A5: Hạng mục: Nền đường tuyến XD8 đoạn từ Km0+609,11-:-Km0+724,11
A7: STT | B7: Nội dung nghiệm thu | C7: Thời gian nghiệm thu | D7: Thời gian bắt đầu | F7: Thời gian kết thúc
D8: ='Tuyến XD8'!H2 -> 0 | E8: ='Tuyến XD8'!I2 -> 0 | F8: ='Tuyến XD8'!K2 -> 0 | G8: ='Tuyến XD8'!L2 -> 0
A9: ='Tuyến XD8'!A3 -> 84 | B9: ='Tuyến XD8'!B3 -> Kiểm tra cao độ đường đen đoạn từ Km0+609,11 -:- Km0+724,11 | C9: ='Tuyến XD8'!C3 -> 46291 | D9: ='Tuyến XD8'!H3 -> 9 | E9: ='Tuyến XD8'!I3 -> 00 | F9: ='Tuyến XD8'!K3 -> 9 | G9: ='Tuyến XD8'!L3 -> 30
A10: ='Tuyến XD8'!A4 -> 85 | B10: ='Tuyến XD8'!B4 -> Đào đất xử lý nền đường đoạn từ Km0+609,11 - Km0+724,11 | C10: ='Tuyến XD8'!C4 -> 46292 | D10: ='Tuyến XD8'!H4 -> 11 | E10: ='Tuyến XD8'!I4 -> 00 | F10: ='Tuyến XD8'!K4 -> 11 | G10: ='Tuyến XD8'!L4 -> 30
A11: ='Tuyến XD8'!A5 -> 86 | B11: ='Tuyến XD8'!B5 -> Rải vải địa kỹ thuật đoạn từ Km0+609,11 - Km0+724,11 | C11: ='Tuyến XD8'!C5 -> 46293 | D11: ='Tuyến XD8'!H5 -> 14 | E11: ='Tuyến XD8'!I5 -> 00 | F11: ='Tuyến XD8'!K5 -> 14 | G11: ='Tuyến XD8'!L5 -> 30
A12: ='Tuyến XD8'!A6 -> 87 | B12: ='Tuyến XD8'!B6 -> Đắp cát nền đường lớp 1 đoạn từ Km0+609,11 - Km0+724,11, độ chặt K>=0,95 | C12: ='Tuyến XD8'!C6 -> 46293 | D12: ='Tuyến XD8'!H6 -> 17 | E12: ='Tuyến XD8'!I6 -> 00 | F12: ='Tuyến XD8'!K6 -> 17 | G12: ='Tuyến XD8'!L6 -> 30
A13: ='Tuyến XD8'!A7 -> 88 | B13: ='Tuyến XD8'!B7 -> Đắp cát nền đường lớp 2 đoạn từ Km0+609,11 - Km0+724,11, độ chặt K>=0,95 | C13: ='Tuyến XD8'!C7 -> 46294 | D13: ='Tuyến XD8'!H7 -> 9 | E13: ='Tuyến XD8'!I7 -> 00 | F13: ='Tuyến XD8'!K7 -> 9 | G13: ='Tuyến XD8'!L7 -> 30
A14: ='Tuyến XD8'!A8 -> 89 | B14: ='Tuyến XD8'!B8 -> Đắp cát nền đường lớp 3 đoạn từ Km0+609,11 - Km0+724,11, độ chặt K>=0,95 | C14: ='Tuyến XD8'!C8 -> 46294 | D14: ='Tuyến XD8'!H8 -> 15 | E14: ='Tuyến XD8'!I8 -> 00 | F14: ='Tuyến XD8'!K8 -> 15 | G14: ='Tuyến XD8'!L8 -> 30
A15: ='Tuyến XD8'!A9 -> 90 | B15: ='Tuyến XD8'!B9 -> Đắp cát nền đường lớp 4 đoạn từ Km0+609,11 - Km0+724,11, độ chặt K>=0,95 | C15: ='Tuyến XD8'!C9 -> 46295 | D15: ='Tuyến XD8'!H9 -> 9 | E15: ='Tuyến XD8'!I9 -> 00 | F15: ='Tuyến XD8'!K9 -> 9 | G15: ='Tuyến XD8'!L9 -> 30
A16: ='Tuyến XD8'!A10 -> 91 | B16: ='Tuyến XD8'!B10 -> Đắp đất nền đường lớp 1 đoạn từ Km0+609,11 - Km0+724,11, độ chặt K>=0,95 | C16: ='Tuyến XD8'!C10 -> 46295 | D16: ='Tuyến XD8'!H10 -> 15 | E16: ='Tuyến XD8'!I10 -> 00 | F16: ='Tuyến XD8'!K10 -> 15 | G16: ='Tuyến XD8'!L10 -> 30
A17: ='Tuyến XD8'!A11 -> 92 | B17: ='Tuyến XD8'!B11 -> Đắp đất nền đường lớp 2 đoạn từ Km0+609,11 - Km0+724,11, độ chặt K>=0,95 | C17: ='Tuyến XD8'!C11 -> 46296 | D17: ='Tuyến XD8'!H11 -> 9 | E17: ='Tuyến XD8'!I11 -> 00 | F17: ='Tuyến XD8'!K11 -> 9 | G17: ='Tuyến XD8'!L11 -> 30
A18: ='Tuyến XD8'!A12 -> 93 | B18: ='Tuyến XD8'!B12 -> Đắp đất nền đường lớp 3 đoạn từ Km0+609,11 - Km0+724,11, độ chặt K>=0,95 | C18: ='Tuyến XD8'!C12 -> 46296 | D18: ='Tuyến XD8'!H12 -> 15 | E18: ='Tuyến XD8'!I12 -> 00 | F18: ='Tuyến XD8'!K12 -> 15 | G18: ='Tuyến XD8'!L12 -> 30
A19: ='Tuyến XD8'!A13 -> 94 | B19: ='Tuyến XD8'!B13 -> Đắp đất nền đường lớp 4 đoạn từ Km0+609,11 - Km0+724,11, độ chặt K>=0,95 | C19: ='Tuyến XD8'!C13 -> 46297 | D19: ='Tuyến XD8'!H13 -> 9 | E19: ='Tuyến XD8'!I13 -> 00 | F19: ='Tuyến XD8'!K13 -> 9 | G19: ='Tuyến XD8'!L13 -> 30
A20: ='Tuyến XD8'!A14 -> 95 | B20: ='Tuyến XD8'!B14 -> Đắp đất nền đường lớp 5 đoạn từ Km0+609,11 - Km0+724,11, độ chặt K>=0,95 | C20: ='Tuyến XD8'!C14 -> 46297 | D20: ='Tuyến XD8'!H14 -> 15 | E20: ='Tuyến XD8'!I14 -> 00 | F20: ='Tuyến XD8'!K14 -> 15 | G20: ='Tuyến XD8'!L14 -> 30
... A35: ='Tuyến XD8'!A29 -> 110 | B35: ='Tuyến XD8'!B29 -> Bê tông nhựa C16 - Chiều dày mặt đường đã lèn ép 6cm | C35: ='Tuyến XD8'!C29 -> 46312 | D35: ='Tuyến XD8'!H29 -> 16 | E35: ='Tuyến XD8'!I29 -> 00 | F35: ='Tuyến XD8'!K29 -> 16 | G35: ='Tuyến XD8'!L29 -> 30

Sheet Tuyến XD8
A1: STT | B1: Nội dung nghiệm thu | C1: Thời gian nghiệm thu | D1: Thời gian bằng chữ | E1: Bản vẽ | F1: Số PYC | G1: Số BBNT | H1: Giờ bắt đầu | I1: Phút bắt đầu | J1: Tiêu chuẩn | K1: Giờ kết thúc | L1: Phút kết thúc | M1: Ngày | N1: Tháng | O1: Năm | P1: Kỹ thuật TC | Q1: Giám sát | R1: Số BBNT vật liệu, thiết bị | S1: Thời gian nghiệm thu vật liệu
A3: 84 | B3: Kiểm tra cao độ đường đen đoạn từ Km0+609,11 -:- Km0+724,11 | C3: 46291 | D3: =CONCATENATE("ngày ",TEXT(C3,"dd")," tháng ",TEXT(C3,"mm")," năm ",TEXT(C3,"yyyy")) -> ngày 26 tháng 09 năm 2026 | E3: Tuyến XD8 | F3: =TEXT(A3,"00") & ".NĐ/YCNT" -> 84.NĐ/YCNT | G3: =TEXT(A3,"00") & ".NĐXD8/CVXD " -> 84.NĐXD8/CVXD | H3: 9 | I3: 00 | K3: =+H3 -> 9 | L3: 30 | M3: =CONCATENATE(TEXT(C3,"dd")) -> 26 | N3: =CONCATENATE(TEXT(C3,"mm")) -> 09 | O3: =CONCATENATE(TEXT(C3,"yyyy")) -> 2026 | P3: Nguyễn Xuân Hưng | Q3: Lê Quốc Huy
A4: =+A3+1 -> 85 | B4: Đào đất xử lý nền đường đoạn từ Km0+609,11 - Km0+724,11 | C4: 46292 | D4: =CONCATENATE("ngày ",TEXT(C4,"dd")," tháng ",TEXT(C4,"mm")," năm ",TEXT(C4,"yyyy")) -> ngày 27 tháng 09 năm 2026 | E4: Tuyến XD8 | F4: =TEXT(A4,"00") & ".NĐ/YCNT" -> 85.NĐ/YCNT | G4: =TEXT(A4,"00") & ".NĐXD8/CVXD " -> 85.NĐXD8/CVXD | H4: 11 | I4: 00 | J4: TCVN 4447-2012: Công tác đất. Thi công và nghiệm thu. | K4: =+H4 -> 11 | L4: 30 | M4: =CONCATENATE(TEXT(C4,"dd")) -> 27 | N4: =CONCATENATE(TEXT(C4,"mm")) -> 09 | O4: =CONCATENATE(TEXT(C4,"yyyy")) -> 2026 | P4: Nguyễn Xuân Hưng | Q4: Lê Quốc Huy
A5: =+A4+1 -> 86 | B5: Rải vải địa kỹ thuật đoạn từ Km0+609,11 - Km0+724,11 | C5: 46293 | D5: =CONCATENATE("ngày ",TEXT(C5,"dd")," tháng ",TEXT(C5,"mm")," năm ",TEXT(C5,"yyyy")) -> ngày 28 tháng 09 năm 2026 | E5: Tuyến XD8 | F5: =TEXT(A5,"00") & ".NĐ/YCNT" -> 86.NĐ/YCNT | G5: =TEXT(A5,"00") & ".NĐXD8/CVXD " -> 86.NĐXD8/CVXD | H5: 14 | I5: 00 | J5: TCVN 9844 : 2013 Vải địa kỹ thuật trong xây dựng nền đắp trên đất yếu - Tiêu chuẩn thiết kế, thi công và nghiệm thu | K5: =+H5 -> 14 | L5: 30 | M5: =CONCATENATE(TEXT(C5,"dd")) -> 28 | N5: =CONCATENATE(TEXT(C5,"mm")) -> 09 | O5: =CONCATENATE(TEXT(C5,"yyyy")) -> 2026 | P5: Nguyễn Xuân Hưng | Q5: Lê Quốc Huy
A6: =+A5+1 -> 87 | B6: Đắp cát nền đường lớp 1 đoạn từ Km0+609,11 - Km0+724,11, độ chặt K>=0,95 | C6: 46293 | D6: =CONCATENATE("ngày ",TEXT(C6,"dd")," tháng ",TEXT(C6,"mm")," năm ",TEXT(C6,"yyyy")) -> ngày 28 tháng 09 năm 2026 | E6: Tuyến XD8 | F6: =TEXT(A6,"00") & ".NĐ/YCNT" -> 87.NĐ/YCNT | G6: =TEXT(A6,"00") & ".NĐXD8/CVXD " -> 87.NĐXD8/CVXD | H6: 17 | I6: 00 | J6: TCVN 4447-2012: Công tác đất. Thi công và nghiệm thu. | K6: =+H6 -> 17 | L6: 30 | M6: =CONCATENATE(TEXT(C6,"dd")) -> 28 | N6: =CONCATENATE(TEXT(C6,"mm")) -> 09 | O6: =CONCATENATE(TEXT(C6,"yyyy")) -> 2026 | P6: Nguyễn Xuân Hưng | Q6: Lê Quốc Huy
A7: =+A6+1 -> 88 | B7: Đắp cát nền đường lớp 2 đoạn từ Km0+609,11 - Km0+724,11, độ chặt K>=0,95 | C7: 46294 | D7: =CONCATENATE("ngày ",TEXT(C7,"dd")," tháng ",TEXT(C7,"mm")," năm ",TEXT(C7,"yyyy")) -> ngày 29 tháng 09 năm 2026 | E7: Tuyến XD8 | F7: =TEXT(A7,"00") & ".NĐ/YCNT" -> 88.NĐ/YCNT | G7: =TEXT(A7,"00") & ".NĐXD8/CVXD " -> 88.NĐXD8/CVXD | H7: 9 | I7: 00 | J7: TCVN 4447-2012: Công tác đất. Thi công và nghiệm thu. | K7: =+H7 -> 9 | L7: 30 | M7: =CONCATENATE(TEXT(C7,"dd")) -> 29 | N7: =CONCATENATE(TEXT(C7,"mm")) -> 09 | O7: =CONCATENATE(TEXT(C7,"yyyy")) -> 2026 | P7: Nguyễn Xuân Hưng | Q7: Lê Quốc Huy
A8: =+A7+1 -> 89 | B8: Đắp cát nền đường lớp 3 đoạn từ Km0+609,11 - Km0+724,11, độ chặt K>=0,95 | C8: 46294 | D8: =CONCATENATE("ngày ",TEXT(C8,"dd")," tháng ",TEXT(C8,"mm")," năm ",TEXT(C8,"yyyy")) -> ngày 29 tháng 09 năm 2026 | E8: Tuyến XD8 | F8: =TEXT(A8,"00") & ".NĐ/YCNT" -> 89.NĐ/YCNT | G8: =TEXT(A8,"00") & ".NĐXD8/CVXD " -> 89.NĐXD8/CVXD | H8: 15 | I8: 00 | J8: TCVN 4447-2012: Công tác đất. Thi công và nghiệm thu. | K8: =+H8 -> 15 | L8: 30 | M8: =CONCATENATE(TEXT(C8,"dd")) -> 29 | N8: =CONCATENATE(TEXT(C8,"mm")) -> 09 | O8: =CONCATENATE(TEXT(C8,"yyyy")) -> 2026 | P8: Nguyễn Xuân Hưng | Q8: Lê Quốc Huy
A9: =+A8+1 -> 90 | B9: Đắp cát nền đường lớp 4 đoạn từ Km0+609,11 - Km0+724,11, độ chặt K>=0,95 | C9: 46295 | D9: =CONCATENATE("ngày ",TEXT(C9,"dd")," tháng ",TEXT(C9,"mm")," năm ",TEXT(C9,"yyyy")) -> ngày 30 tháng 09 năm 2026 | E9: Tuyến XD8 | F9: =TEXT(A9,"00") & ".NĐ/YCNT" -> 90.NĐ/YCNT | G9: =TEXT(A9,"00") & ".NĐXD8/CVXD " -> 90.NĐXD8/CVXD | H9: 9 | I9: 00 | J9: TCVN 4447-2012: Công tác đất. Thi công và nghiệm thu. | K9: =+H9 -> 9 | L9: 30 | M9: =CONCATENATE(TEXT(C9,"dd")) -> 30 | N9: =CONCATENATE(TEXT(C9,"mm")) -> 09 | O9: =CONCATENATE(TEXT(C9,"yyyy")) -> 2026 | P9: Nguyễn Xuân Hưng | Q9: Lê Quốc Huy
A10: =+A9+1 -> 91 | B10: Đắp đất nền đường lớp 1 đoạn từ Km0+609,11 - Km0+724,11, độ chặt K>=0,95 | C10: 46295 | D10: =CONCATENATE("ngày ",TEXT(C10,"dd")," tháng ",TEXT(C10,"mm")," năm ",TEXT(C10,"yyyy")) -> ngày 30 tháng 09 năm 2026 | E10: Tuyến XD8 | F10: =TEXT(A10,"00") & ".NĐ/YCNT" -> 91.NĐ/YCNT | G10: =TEXT(A10,"00") & ".NĐXD8/CVXD " -> 91.NĐXD8/CVXD | H10: 15 | I10: 00 | J10: TCVN 4447-2012: Công tác đất. Thi công và nghiệm thu. | K10: =+H10 -> 15 | L10: 30 | M10: =CONCATENATE(TEXT(C10,"dd")) -> 30 | N10: =CONCATENATE(TEXT(C10,"mm")) -> 09 | O10: =CONCATENATE(TEXT(C10,"yyyy")) -> 2026 | P10: Nguyễn Xuân Hưng | Q10: Lê Quốc Huy
A11: =+A10+1 -> 92 | B11: Đắp đất nền đường lớp 2 đoạn từ Km0+609,11 - Km0+724,11, độ chặt K>=0,95 | C11: 46296 | D11: =CONCATENATE("ngày ",TEXT(C11,"dd")," tháng ",TEXT(C11,"mm")," năm ",TEXT(C11,"yyyy")) -> ngày 01 tháng 10 năm 2026 | E11: Tuyến XD8 | F11: =TEXT(A11,"00") & ".NĐ/YCNT" -> 92.NĐ/YCNT | G11: =TEXT(A11,"00") & ".NĐXD8/CVXD " -> 92.NĐXD8/CVXD | H11: 9 | I11: 00 | J11: TCVN 4447-2012: Công tác đất. Thi công và nghiệm thu. | K11: =+H11 -> 9 | L11: 30 | M11: =CONCATENATE(TEXT(C11,"dd")) -> 01 | N11: =CONCATENATE(TEXT(C11,"mm")) -> 10 | O11: =CONCATENATE(TEXT(C11,"yyyy")) -> 2026 | P11: Nguyễn Xuân Hưng | Q11: Lê Quốc Huy
A12: =+A11+1 -> 93 | B12: Đắp đất nền đường lớp 3 đoạn từ Km0+609,11 - Km0+724,11, độ chặt K>=0,95 | C12: 46296 | D12: =CONCATENATE("ngày ",TEXT(C12,"dd")," tháng ",TEXT(C12,"mm")," năm ",TEXT(C12,"yyyy")) -> ngày 01 tháng 10 năm 2026 | E12: Tuyến XD8 | F12: =TEXT(A12,"00") & ".NĐ/YCNT" -> 93.NĐ/YCNT | G12: =TEXT(A12,"00") & ".NĐXD8/CVXD " -> 93.NĐXD8/CVXD | H12: 15 | I12: 00 | J12: TCVN 4447-2012: Công tác đất. Thi công và nghiệm thu. | K12: =+H12 -> 15 | L12: 30 | M12: =CONCATENATE(TEXT(C12,"dd")) -> 01 | N12: =CONCATENATE(TEXT(C12,"mm")) -> 10 | O12: =CONCATENATE(TEXT(C12,"yyyy")) -> 2026 | P12: Nguyễn Xuân Hưng | Q12: Lê Quốc Huy
A13: =+A12+1 -> 94 | B13: Đắp đất nền đường lớp 4 đoạn từ Km0+609,11 - Km0+724,11, độ chặt K>=0,95 | C13: 46297 | D13: =CONCATENATE("ngày ",TEXT(C13,"dd")," tháng ",TEXT(C13,"mm")," năm ",TEXT(C13,"yyyy")) -> ngày 02 tháng 10 năm 2026 | E13: Tuyến XD8 | F13: =TEXT(A13,"00") & ".NĐ/YCNT" -> 94.NĐ/YCNT | G13: =TEXT(A13,"00") & ".NĐXD8/CVXD " -> 94.NĐXD8/CVXD | H13: 9 | I13: 00 | J13: TCVN 4447-2012: Công tác đất. Thi công và nghiệm thu. | K13: =+H13 -> 9 | L13: 30 | M13: =CONCATENATE(TEXT(C13,"dd")) -> 02 | N13: =CONCATENATE(TEXT(C13,"mm")) -> 10 | O13: =CONCATENATE(TEXT(C13,"yyyy")) -> 2026 | P13: Nguyễn Xuân Hưng | Q13: Lê Quốc Huy
A14: =+A13+1 -> 95 | B14: Đắp đất nền đường lớp 5 đoạn từ Km0+609,11 - Km0+724,11, độ chặt K>=0,95 | C14: 46297 | D14: =CONCATENATE("ngày ",TEXT(C14,"dd")," tháng ",TEXT(C14,"mm")," năm ",TEXT(C14,"yyyy")) -> ngày 02 tháng 10 năm 2026 | E14: Tuyến XD8 | F14: =TEXT(A14,"00") & ".NĐ/YCNT" -> 95.NĐ/YCNT | G14: =TEXT(A14,"00") & ".NĐXD8/CVXD " -> 95.NĐXD8/CVXD | H14: 15 | I14: 00 | J14: TCVN 4447-2012: Công tác đất. Thi công và nghiệm thu. | K14: =+H14 -> 15 | L14: 30 | M14: =CONCATENATE(TEXT(C14,"dd")) -> 02 | N14: =CONCATENATE(TEXT(C14,"mm")) -> 10 | O14: =CONCATENATE(TEXT(C14,"yyyy")) -> 2026 | P14: Nguyễn Xuân Hưng | Q14: Lê Quốc Huy
A15: =+A14+1 -> 96 | B15: Đắp đất nền đường lớp 6 đoạn từ Km0+609,11 - Km0+724,11, độ chặt K>=0,95 | C15: 46298 | D15: =CONCATENATE("ngày ",TEXT(C15,"dd")," tháng ",TEXT(C15,"mm")," năm ",TEXT(C15,"yyyy")) -> ngày 03 tháng 10 năm 2026 | E15: Tuyến XD8 | F15: =TEXT(A15,"00") & ".NĐ/YCNT" -> 96.NĐ/YCNT | G15: =TEXT(A15,"00") & ".NĐXD8/CVXD " -> 96.NĐXD8/CVXD | H15: 9 | I15: 00 | J15: TCVN 4447-2012: Công tác đất. Thi công và nghiệm thu. | K15: =+H15 -> 9 | L15: 30 | M15: =CONCATENATE(TEXT(C15,"dd")) -> 03 | N15: =CONCATENATE(TEXT(C15,"mm")) -> 10 | O15: =CONCATENATE(TEXT(C15,"yyyy")) -> 2026 | P15: Nguyễn Xuân Hưng | Q15: Lê Quốc Huy
... A25: =+A24+1 -> 106 | B25: Đắp cấp phối đá dăm loại 1 đoạn từ Km0+609,11 - Km0+724,11 | C25: 46303 | D25: =CONCATENATE("ngày ",TEXT(C25,"dd")," tháng ",TEXT(C25,"mm")," năm ",TEXT(C25,"yyyy")) -> ngày 08 tháng 10 năm 2026 | E25: Tuyến XD8 | F25: =TEXT(A25,"00") & ".NĐ/YCNT" -> 106.NĐ/YCNT | G25: =TEXT(A25,"00") & ".NĐXD8/CVXD " -> 106.NĐXD8/CVXD | H25: 15 | I25: 00 | J25: TCVN 8859:2023 Lớp móng cấp phối đá dăm trong kết cấu áo đường | K25: =+H25 -> 15 | L25: 30 | M25: =CONCATENATE(TEXT(C25,"dd")) -> 08 | N25: =CONCATENATE(TEXT(C25,"mm")) -> 10 | O25: =CONCATENATE(TEXT(C25,"yyyy")) -> 2026 | P25: Nguyễn Xuân Hưng | Q25: Lê Quốc Huy
A26: =+A25+1 -> 107 | B26: Vệ sinh, thổi bụi mặt đường | C26: 46305 | D26: =CONCATENATE("ngày ",TEXT(C26,"dd")," tháng ",TEXT(C26,"mm")," năm ",TEXT(C26,"yyyy")) -> ngày 10 tháng 10 năm 2026 | E26: Tuyến XD8 | F26: =TEXT(A26,"00") & ".NĐ/YCNT" -> 107.NĐ/YCNT | G26: =TEXT(A26,"00") & ".NĐXD8/CVXD " -> 107.NĐXD8/CVXD | H26: 16 | I26: 00 | K26: =+H26 -> 16 | L26: 30 | M26: =CONCATENATE(TEXT(C26,"dd")) -> 10 | N26: =CONCATENATE(TEXT(C26,"mm")) -> 10 | O26: =CONCATENATE(TEXT(C26,"yyyy")) -> 2026 | P26: Nguyễn Xuân Hưng | Q26: Lê Quốc Huy
A27: =+A26+1 -> 108 | B27: Tưới lớp thấm bám mặt đường, nhựa MC70, lượng nhựa 1kg/m2 | C27: 46307 | D27: =CONCATENATE("ngày ",TEXT(C27,"dd")," tháng ",TEXT(C27,"mm")," năm ",TEXT(C27,"yyyy")) -> ngày 12 tháng 10 năm 2026 | E27: Tuyến XD8 | F27: =TEXT(A27,"00") & ".NĐ/YCNT" -> 108.NĐ/YCNT | G27: =TEXT(A27,"00") & ".NĐXD8/CVXD " -> 108.NĐXD8/CVXD | H27: 16 | I27: 00 | J27: + TCVN 13567-1: 2022. Lớp mặt đường bằng hỗn hợp nhựa nóng. Thi công và nghiệm thu. | K27: =+H27 -> 16 | L27: 30 | M27: =CONCATENATE(TEXT(C27,"dd")) -> 12 | N27: =CONCATENATE(TEXT(C27,"mm")) -> 10 | O27: =CONCATENATE(TEXT(C27,"yyyy")) -> 2026 | P27: Nguyễn Xuân Hưng | Q27: Lê Quốc Huy
A28: =+A27+1 -> 109 | B28: Rải thảm mặt đường bê tông nhựa C16 - Chiều dày mặt đường đã lèn ép 6cm | C28: 46310 | D28: =CONCATENATE("ngày ",TEXT(C28,"dd")," tháng ",TEXT(C28,"mm")," năm ",TEXT(C28,"yyyy")) -> ngày 15 tháng 10 năm 2026 | E28: Tuyến XD8 | F28: =TEXT(A28,"00") & ".NĐ/YCNT" -> 109.NĐ/YCNT | G28: =TEXT(A28,"00") & ".NĐXD8/CVXD " -> 109.NĐXD8/CVXD | H28: 16 | I28: 00 | J28: + TCVN 13567-1: 2022. Lớp mặt đường bằng hỗn hợp nhựa nóng. Thi công và nghiệm thu. | K28: =+H28 -> 16 | L28: 30 | M28: =CONCATENATE(TEXT(C28,"dd")) -> 15 | N28: =CONCATENATE(TEXT(C28,"mm")) -> 10 | O28: =CONCATENATE(TEXT(C28,"yyyy")) -> 2026 | P28: Nguyễn Xuân Hưng | Q28: Lê Quốc Huy
A29: =+A28+1 -> 110 | B29: Bê tông nhựa C16 - Chiều dày mặt đường đã lèn ép 6cm | C29: 46312 | D29: =CONCATENATE("ngày ",TEXT(C29,"dd")," tháng ",TEXT(C29,"mm")," năm ",TEXT(C29,"yyyy")) -> ngày 17 tháng 10 năm 2026 | E29: Tuyến XD8 | F29: =TEXT(A29,"00") & ".NĐ/YCNT" -> 110.NĐ/YCNT | G29: =TEXT(A29,"00") & ".NĐXD8/CVXD " -> 110.NĐXD8/CVXD | H29: 16 | I29: 00 | J29: + TCVN 13567-1: 2022. Lớp mặt đường bằng hỗn hợp nhựa nóng. Thi công và nghiệm thu. | K29: =+H29 -> 16 | L29: 30 | M29: =CONCATENATE(TEXT(C29,"dd")) -> 17 | N29: =CONCATENATE(TEXT(C29,"mm")) -> 10 | O29: =CONCATENATE(TEXT(C29,"yyyy")) -> 2026 | P29: Nguyễn Xuân Hưng | Q29: Lê Quốc Huy

Sheet 1. PL đường đen
A1: PHỤ LỤC KIỂM TRA CAO ĐỘ ĐƯỜNG ĐEN
A2: ="Kèm theo BBNT số: "&VLOOKUP(T2,'Tuyến XD8'!$A$2:$G$60,7,0)&VLOOKUP(T2,'Tuyến XD8'!$A$2:$G$60,4,0) -> Kèm theo BBNT số: 84.NĐXD8/CVXD ngày 26 tháng 09 năm 2026 | T2: 84
A3: Dự án: Xây dựng HTKT Khu tái định cư phục vụ di dân xã Hải Hà, thị xã Nghi Sơn, tỉnh Thanh Hóa.
A4: Gói thầu số 12: Xây dựng HTKT khu vực Hải Bình và Xuân Lâm (bao gồm cả bảo hiểm xây dựng công trình)
A5: Nhà thầu thi công: Công ty TNHH Hoàng Tuấn
A6: Hạng mục: Nền đường tuyến XD8
A7: - Đối tượng nghiệm thu: | D7: =VLOOKUP(T2,'Tuyến XD8'!$A$2:$B$60,2,0) -> Kiểm tra cao độ đường đen đoạn từ Km0+609,11 -:- Km0+724,11
A8: Sơ họa:
A10: TT | B10: Tên cọc | C10: Lý trình | D10: Bên trái (H1) | G10: Bên trái (H2) | J10: Tim (H3) | M10: Bên phải (H4) | P10: Bên phải (H5) | S10: Ghi chú
D11: CDTK | E11: CDTC | F11: Chênh CD | G11: CDTK | H11: CDTC | I11: Chênh CD | J11: CDTK | K11: CDTC | L11: Chênh CD | M11: CDTK | N11: CDTC | O11: Chênh CD | P11: CDTK | Q11: CDTC | R11: Chênh CD
A12: 1 | B12: 31 | C12: 609.11 | D12: 0.12 | E12: =D12+F12 -> 0.072 | F12: =RANDBETWEEN(-105,125)/1000 -> -0.048 | G12: 0.09 | H12: =G12+I12 -> 0.167 | I12: =RANDBETWEEN(-105,125)/1000 -> 0.077 | J12: 0.05 | K12: =J12+L12 -> -0.015 | L12: =RANDBETWEEN(-105,125)/1000 -> -0.065 | M12: 0.12 | N12: =M12+O12 -> 0.169 | O12: =RANDBETWEEN(-105,125)/1000 -> 0.049 | P12: 0.18 | Q12: =P12+R12 -> 0.159 | R12: =RANDBETWEEN(-105,125)/1000 -> -0.021 | T12: 11.75
A13: 2 | B13: E10 | C13: =C12+T12 -> 620.86 | D13: 0.34 | E13: =D13+F13 -> 0.299 | F13: =RANDBETWEEN(-105,125)/1000 -> -0.041 | G13: 0.32 | H13: =G13+I13 -> 0.401 | I13: =RANDBETWEEN(-105,125)/1000 -> 0.081 | J13: 0.29 | K13: =J13+L13 -> 0.195 | L13: =RANDBETWEEN(-105,125)/1000 -> -0.095 | M13: 0.29 | N13: =M13+O13 -> 0.341 | O13: =RANDBETWEEN(-105,125)/1000 -> 0.051 | P13: 0.29 | Q13: =P13+R13 -> 0.189 | R13: =RANDBETWEEN(-105,125)/1000 -> -0.101 | T13: 11.75
A14: 3 | B14: 32 | C14: =C13+T13 -> 632.61 | D14: -0.06 | E14: =D14+F14 -> 0.041 | F14: =RANDBETWEEN(-105,125)/1000 -> 0.101 | G14: -0.15 | H14: =G14+I14 -> -0.2 | I14: =RANDBETWEEN(-105,125)/1000 -> -0.05 | J14: -0.25 | K14: =J14+L14 -> -0.165 | L14: =RANDBETWEEN(-105,125)/1000 -> 0.085 | M14: -0.18 | N14: =M14+O14 -> -0.074 | O14: =RANDBETWEEN(-105,125)/1000 -> 0.106 | P14: -0.12 | Q14: =P14+R14 -> -0.178 | R14: =RANDBETWEEN(-105,125)/1000 -> -0.058 | T14: 20
A15: 4 | B15: 33 | C15: =C14+T14 -> 652.61 | D15: -0.32 | E15: =D15+F15 -> -0.371 | F15: =RANDBETWEEN(-105,125)/1000 -> -0.051 | G15: -0.29 | H15: =G15+I15 -> -0.214 | I15: =RANDBETWEEN(-105,125)/1000 -> 0.076 | J15: -0.27 | K15: =J15+L15 -> -0.221 | L15: =RANDBETWEEN(-105,125)/1000 -> 0.049 | M15: -0.29 | N15: =M15+O15 -> -0.388 | O15: =RANDBETWEEN(-105,125)/1000 -> -0.098 | P15: -0.31 | Q15: =P15+R15 -> -0.278 | R15: =RANDBETWEEN(-105,125)/1000 -> 0.032 | T15: 20
A16: 5 | B16: 34 | C16: =C15+T15 -> 672.61 | D16: -0.01 | E16: =D16+F16 -> 0.044 | F16: =RANDBETWEEN(-105,125)/1000 -> 0.054 | G16: -0.06 | H16: =G16+I16 -> -0.041 | I16: =RANDBETWEEN(-105,125)/1000 -> 0.019 | J16: -0.12 | K16: =J16+L16 -> -0.073 | L16: =RANDBETWEEN(-105,125)/1000 -> 0.047 | M16: -0.07 | N16: =M16+O16 -> 0.031 | O16: =RANDBETWEEN(-105,125)/1000 -> 0.101 | P16: -0.02 | Q16: =P16+R16 -> -0.023 | R16: =RANDBETWEEN(-105,125)/1000 -> -0.003 | T16: 20
A17: 6 | B17: 35 | C17: =C16+T16 -> 692.61 | D17: -0.34 | E17: =D17+F17 -> -0.315 | F17: =RANDBETWEEN(-105,125)/1000 -> 0.025 | G17: -0.32 | H17: =G17+I17 -> -0.395 | I17: =RANDBETWEEN(-105,125)/1000 -> -0.075 | J17: -0.31 | K17: =J17+L17 -> -0.188 | L17: =RANDBETWEEN(-105,125)/1000 -> 0.122 | M17: -0.31 | N17: =M17+O17 -> -0.224 | O17: =RANDBETWEEN(-105,125)/1000 -> 0.086 | P17: -0.32 | Q17: =P17+R17 -> -0.252 | R17: =RANDBETWEEN(-105,125)/1000 -> 0.068 | T17: 20
A18: 7 | B18: 36 | C18: =C17+T17 -> 712.61 | D18: 1.42 | E18: =D18+F18 -> 1.364 | F18: =RANDBETWEEN(-105,125)/1000 -> -0.056 | G18: 1.14 | H18: =G18+I18 -> 1.197 | I18: =RANDBETWEEN(-105,125)/1000 -> 0.057 | J18: 0.42 | K18: =J18+L18 -> 0.472 | L18: =RANDBETWEEN(-105,125)/1000 -> 0.052 | M18: 0.17 | N18: =M18+O18 -> 0.091 | O18: =RANDBETWEEN(-105,125)/1000 -> -0.079 | P18: -0.12 | Q18: =P18+R18 -> -0.097 | R18: =RANDBETWEEN(-105,125)/1000 -> 0.023 | T18: 11.5
A19: 8 | B19: 37 | C19: =C18+T18 -> 724.11 | D19: -0.59 | E19: =D19+F19 -> -0.603 | F19: =RANDBETWEEN(-105,125)/1000 -> -0.013 | G19: -0.55 | H19: =G19+I19 -> -0.639 | I19: =RANDBETWEEN(-105,125)/1000 -> -0.089 | J19: -0.52 | K19: =J19+L19 -> -0.597 | L19: =RANDBETWEEN(-105,125)/1000 -> -0.077 | M19: -0.17 | N19: =M19+O19 -> -0.061 | O19: =RANDBETWEEN(-105,125)/1000 -> 0.109 | P19: 0.17 | Q19: =P19+R19 -> 0.147 | R19: =RANDBETWEEN(-105,125)/1000 -> -0.023
A53: NHÀ THẦU THI CÔNG | K53: TƯ VẤN GIÁM SÁT
A57: Nguyễn Xuân Hưng | K57: ='Tuyến XD8'!Q3 -> Lê Quốc Huy

Sheet 2. Cao độ đào nền
A1: PHỤ LỤC KIỂM TRA CAO ĐỘ ĐÀO NỀN ĐƯỜNG
A2: ="Kèm theo BBNT số: "&VLOOKUP(W2,'Tuyến XD8'!$A$2:$G$60,7,0)&VLOOKUP(W2,'Tuyến XD8'!$A$2:$G$60,4,0) -> Kèm theo BBNT số: 85.NĐXD8/CVXD ngày 27 tháng 09 năm 2026 | W2: 85
A3: Dự án: Xây dựng HTKT Khu tái định cư phục vụ di dân xã Hải Hà, thị xã Nghi Sơn, tỉnh Thanh Hóa.
A4: Gói thầu số 12: Xây dựng HTKT khu vực Hải Bình và Xuân Lâm (bao gồm cả bảo hiểm xây dựng công trình)
A5: Nhà thầu thi công: Công ty TNHH Hoàng Tuấn
A6: Hạng mục: Nền đường tuyến XD8
A7: - Đối tượng nghiệm thu: | E7: =VLOOKUP(W2,'Tuyến XD8'!$A$2:$B$60,2,0) -> Đào đất xử lý nền đường đoạn từ Km0+609,11 - Km0+724,11
A8: Sơ họa:
A20: TT | B20: Tên cọc | C20: Lý trình | D20: Bên trái (H1) | J20: Tim (H2) | M20: Bên phải (H3) | S20: Chiều rộng đáy đào | V20: Ghi chú
D21: KCTK | E21: KCTC | F21: Chênh KC (m) | G21: CDTK (m) | H21: CDTC (m) | I21: Chênh CD (m) | J21: CDTK (m) | K21: CDTC (m) | L21: Chênh CD (m) | M21: KCTK | N21: KCTC | O21: Chênh KC (m) | P21: CDTK (m) | Q21: CDTC (m) | R21: Chênh CD (m) | S21: CRTK (m) | T21: CRTC (m) | U21: Chênh CR (m)
A24: =+'1. PL đường đen'!A12 -> 1 | B24: =+'1. PL đường đen'!B12 -> 31 | C24: =+'1. PL đường đen'!C12 -> 609.11 | D24: -8.27 | E24: =D24+F24 -> -8.302 | F24: =RANDBETWEEN(-105,115)/1000 -> -0.032 | G24: -1.45 | H24: =G24+I24 -> -1.479 | I24: =RANDBETWEEN(-105,115)/1000 -> -0.029 | J24: -1.45 | K24: =J24+L24 -> -1.41 | L24: =RANDBETWEEN(-105,115)/1000 -> 0.04 | M24: 8.13 | N24: =M24+O24 -> 8.226 | O24: =RANDBETWEEN(-105,115)/1000 -> 0.096 | P24: -1.45 | Q24: =P24+R24 -> -1.461 | R24: =RANDBETWEEN(-105,115)/1000 -> -0.011 | S24: =ABS(D24)+ABS(M24) -> 16.4 | T24: =S24+U24 -> 16.316 | U24: =RANDBETWEEN(-105,135)/1000 -> -0.084
A25: =+'1. PL đường đen'!A13 -> 2 | B25: =+'1. PL đường đen'!B13 -> E10 | C25: =+'1. PL đường đen'!C13 -> 620.86 | D25: -8.05 | E25: =D25+F25 -> -8.087 | F25: =RANDBETWEEN(-105,115)/1000 -> -0.037 | G25: -1.45 | H25: =G25+I25 -> -1.397 | I25: =RANDBETWEEN(-105,115)/1000 -> 0.053 | J25: -1.45 | K25: =J25+L25 -> -1.39 | L25: =RANDBETWEEN(-105,115)/1000 -> 0.06 | M25: 8.19 | N25: =M25+O25 -> 8.177 | O25: =RANDBETWEEN(-105,115)/1000 -> -0.013 | P25: -1.45 | Q25: =P25+R25 -> -1.546 | R25: =RANDBETWEEN(-105,115)/1000 -> -0.096 | S25: =ABS(D25)+ABS(M25) -> 16.24 | T25: =S25+U25 -> 16.166 | U25: =RANDBETWEEN(-105,135)/1000 -> -0.074
A26: =+'1. PL đường đen'!A14 -> 3 | B26: =+'1. PL đường đen'!B14 -> 32 | C26: =+'1. PL đường đen'!C14 -> 632.61 | D26: -8.78 | E26: =D26+F26 -> -8.678 | F26: =RANDBETWEEN(-105,115)/1000 -> 0.102 | G26: -1.45 | H26: =G26+I26 -> -1.361 | I26: =RANDBETWEEN(-105,115)/1000 -> 0.089 | J26: -1.45 | K26: =J26+L26 -> -1.422 | L26: =RANDBETWEEN(-105,115)/1000 -> 0.028 | M26: 9.06 | N26: =M26+O26 -> 9.064 | O26: =RANDBETWEEN(-105,115)/1000 -> 0.004 | P26: -1.45 | Q26: =P26+R26 -> -1.36 | R26: =RANDBETWEEN(-105,115)/1000 -> 0.09 | S26: =ABS(D26)+ABS(M26) -> 17.84 | T26: =S26+U26 -> 17.803 | U26: =RANDBETWEEN(-105,135)/1000 -> -0.037
A27: =+'1. PL đường đen'!A15 -> 4 | B27: =+'1. PL đường đen'!B15 -> 33 | C27: =+'1. PL đường đen'!C15 -> 652.61 | D27: -9.48 | E27: =D27+F27 -> -9.563 | F27: =RANDBETWEEN(-105,115)/1000 -> -0.083 | G27: -1.45 | H27: =G27+I27 -> -1.335 | I27: =RANDBETWEEN(-105,115)/1000 -> 0.115 | J27: -1.45 | K27: =J27+L27 -> -1.474 | L27: =RANDBETWEEN(-105,115)/1000 -> -0.024 | M27: 9.47 | N27: =M27+O27 -> 9.519 | O27: =RANDBETWEEN(-105,115)/1000 -> 0.049 | P27: -1.45 | Q27: =P27+R27 -> -1.517 | R27: =RANDBETWEEN(-105,115)/1000 -> -0.067 | S27: =ABS(D27)+ABS(M27) -> 18.95 | T27: =S27+U27 -> 18.927 | U27: =RANDBETWEEN(-105,135)/1000 -> -0.023
A28: =+'1. PL đường đen'!A16 -> 5 | B28: =+'1. PL đường đen'!B16 -> 34 | C28: =+'1. PL đường đen'!C16 -> 672.61 | D28: -8.63 | E28: =D28+F28 -> -8.618 | F28: =RANDBETWEEN(-105,115)/1000 -> 0.012 | G28: -1.45 | H28: =G28+I28 -> -1.419 | I28: =RANDBETWEEN(-105,115)/1000 -> 0.031 | J28: -1.45 | K28: =J28+L28 -> -1.491 | L28: =RANDBETWEEN(-105,115)/1000 -> -0.041 | M28: 8.6 | N28: =M28+O28 -> 8.591 | O28: =RANDBETWEEN(-105,115)/1000 -> -0.009 | P28: -1.52 | Q28: =P28+R28 -> -1.524 | R28: =RANDBETWEEN(-105,115)/1000 -> -0.004 | S28: =ABS(D28)+ABS(M28) -> 17.23 | T28: =S28+U28 -> 17.184 | U28: =RANDBETWEEN(-105,135)/1000 -> -0.046
A29: =+'1. PL đường đen'!A17 -> 6 | B29: =+'1. PL đường đen'!B17 -> 35 | C29: =+'1. PL đường đen'!C17 -> 692.61 | D29: -9.54 | E29: =D29+F29 -> -9.444 | F29: =RANDBETWEEN(-105,115)/1000 -> 0.096 | G29: -1.45 | H29: =G29+I29 -> -1.336 | I29: =RANDBETWEEN(-105,115)/1000 -> 0.114 | J29: -1.45 | K29: =J29+L29 -> -1.346 | L29: =RANDBETWEEN(-105,115)/1000 -> 0.104 | M29: 9.49 | N29: =M29+O29 -> 9.602 | O29: =RANDBETWEEN(-105,115)/1000 -> 0.112 | P29: -1.45 | Q29: =P29+R29 -> -1.505 | R29: =RANDBETWEEN(-105,115)/1000 -> -0.055 | S29: =ABS(D29)+ABS(M29) -> 19.03 | T29: =S29+U29 -> 19.089 | U29: =RANDBETWEEN(-105,135)/1000 -> 0.059
A30: =+'1. PL đường đen'!A18 -> 7 | B30: =+'1. PL đường đen'!B18 -> 36 | C30: =+'1. PL đường đen'!C18 -> 712.61 | D30: -5.25 | E30: =D30+F30 -> -5.22 | F30: =RANDBETWEEN(-105,115)/1000 -> 0.03 | G30: -1.45 | H30: =G30+I30 -> -1.441 | I30: =RANDBETWEEN(-105,115)/1000 -> 0.009 | J30: -1.45 | K30: =J30+L30 -> -1.398 | L30: =RANDBETWEEN(-105,115)/1000 -> 0.052 | M30: 8.95 | N30: =M30+O30 -> 9.015 | O30: =RANDBETWEEN(-105,115)/1000 -> 0.065 | P30: -1.45 | Q30: =P30+R30 -> -1.418 | R30: =RANDBETWEEN(-105,115)/1000 -> 0.032 | S30: =ABS(D30)+ABS(M30) -> 14.2 | T30: =S30+U30 -> 14.105 | U30: =RANDBETWEEN(-105,135)/1000 -> -0.095
A31: =+'1. PL đường đen'!A19 -> 8 | B31: =+'1. PL đường đen'!B19 -> 37 | C31: =+'1. PL đường đen'!C19 -> 724.11 | D31: -10.25 | E31: =D31+F31 -> -10.247 | F31: =RANDBETWEEN(-105,115)/1000 -> 0.003 | G31: -1.45 | H31: =G31+I31 -> -1.551 | I31: =RANDBETWEEN(-105,115)/1000 -> -0.101 | J31: -1.45 | K31: =J31+L31 -> -1.365 | L31: =RANDBETWEEN(-105,115)/1000 -> 0.085 | M31: 8.24 | N31: =M31+O31 -> 8.277 | O31: =RANDBETWEEN(-105,115)/1000 -> 0.037 | P31: -1.45 | Q31: =P31+R31 -> -1.491 | R31: =RANDBETWEEN(-105,115)/1000 -> -0.041 | S31: =ABS(D31)+ABS(M31) -> 18.49 | T31: =S31+U31 -> 18.39 | U31: =RANDBETWEEN(-105,135)/1000 -> -0.1
E63: NHÀ THẦU THI CÔNG | O63: TƯ VẤN GIÁM SÁT
E68: Nguyễn Xuân Hưng | O68: ='1. PL đường đen'!K57 -> Lê Quốc Huy

Sheet 2. KL đào nền
A1: PHỤ LỤC KHỐI LƯỢNG
A2: ="Kèm theo BBNT số: "&VLOOKUP(N2,'Tuyến XD8'!$A$2:$G$60,7,0)&VLOOKUP(N2,'Tuyến XD8'!$A$2:$G$60,4,0) -> Kèm theo BBNT số: 85.NĐXD8/CVXD ngày 27 tháng 09 năm 2026 | N2: 85
A3: ='2. Cao độ đào nền'!A3 -> Dự án: Xây dựng HTKT Khu tái định cư phục vụ di dân xã Hải Hà, thị xã Nghi Sơn, tỉnh Thanh Hóa.
A4: ='2. Cao độ đào nền'!A4 -> Gói thầu số 12: Xây dựng HTKT khu vực Hải Bình và Xuân Lâm (bao gồm cả bảo hiểm xây dựng công trình)
A5: Nhà thầu thi công: Công ty TNHH Hoàng Tuấn
A6: ='2. Cao độ đào nền'!A6 -> Hạng mục: Nền đường tuyến XD8
A7: - Đối tượng nghiệm thu: | D7: =VLOOKUP(N2,'Tuyến XD8'!$A$2:$B$60,2,0) -> Đào đất xử lý nền đường đoạn từ Km0+609,11 - Km0+724,11
A9: STT | B9: Tên cọc | C9: Lý trình | D9: K/c lẻ | F9: Đào xử lý nền đường | G9: Diện tích (m2) | J9: Khối lượng (m3) | M9: Ghi chú
F10: Diện tích | G10: Đào xử lý nền | H10: Đào đánh cấp | I10: Đào khuôn | J10: Đào xử lý nền | K10: Đào đánh cấp | L10: Đào khuôn
A11: 1 | B11: ='1. PL đường đen'!B12 -> 31 | C11: ='1. PL đường đen'!C12 -> 609.11 | D11: ='1. PL đường đen'!T12 -> 11.75 | E11: =RANDBETWEEN(1,7)/100 -> 0.06 | F11: 27.78 | G11: =+F11+E11 -> 27.84 | J11: =(G11+G12)*D11/2 -> 349.21
A12: 2 | B12: ='1. PL đường đen'!B13 -> E10 | C12: ='1. PL đường đen'!C13 -> 620.86 | D12: ='1. PL đường đen'!T13 -> 11.75 | E12: =RANDBETWEEN(1,7)/100 -> 0.06 | F12: 31.54 | G12: =+F12+E12 -> 31.6 | J12: =(G12+G13)*D12/2 -> 329.05875
A13: 3 | B13: ='1. PL đường đen'!B14 -> 32 | C13: ='1. PL đường đen'!C14 -> 632.61 | D13: ='1. PL đường đen'!T14 -> 20 | E13: =RANDBETWEEN(1,7)/100 -> 0.03 | F13: 24.38 | G13: =+F13+E13 -> 24.41 | J13: =(G13+G14)*D13/2 -> 477.3
A14: 4 | B14: ='1. PL đường đen'!B15 -> 33 | C14: ='1. PL đường đen'!C15 -> 652.61 | D14: ='1. PL đường đen'!T15 -> 20 | E14: =RANDBETWEEN(1,7)/100 -> 0.05 | F14: 23.27 | G14: =+F14+E14 -> 23.32 | J14: =(G14+G15)*D14/2 -> 498.2
A15: 5 | B15: ='1. PL đường đen'!B16 -> 34 | C15: ='1. PL đường đen'!C16 -> 672.61 | D15: ='1. PL đường đen'!T16 -> 20 | E15: =RANDBETWEEN(1,7)/100 -> 0.05 | F15: 26.45 | G15: =+F15+E15 -> 26.5 | J15: =(G15+G16)*D15/2 -> 493.8
A16: 6 | B16: ='1. PL đường đen'!B17 -> 35 | C16: ='1. PL đường đen'!C17 -> 692.61 | D16: ='1. PL đường đen'!T17 -> 20 | E16: =RANDBETWEEN(1,7)/100 -> 0.07 | F16: 22.81 | G16: =+F16+E16 -> 22.88 | J16: =(G16+G17)*D16/2 -> 542.2
A17: 7 | B17: ='1. PL đường đen'!B18 -> 36 | C17: ='1. PL đường đen'!C18 -> 712.61 | D17: ='1. PL đường đen'!T18 -> 11.5 | E17: =RANDBETWEEN(1,7)/100 -> 0.04 | F17: 31.3 | G17: =+F17+E17 -> 31.34 | J17: =(G17+G18)*D17/2 -> 299.46
A18: 8 | B18: ='1. PL đường đen'!B19 -> 37 | C18: ='1. PL đường đen'!C19 -> 724.11 | E18: =RANDBETWEEN(1,7)/100 -> 0.07 | F18: 20.67 | G18: =+F18+E18 -> 20.74
A51: Tổng cộng (m3) | J51: =SUM(J11:J18) -> 2989.2288
A53: NHÀ THẦU THI CÔNG | E53: TƯ VẤN GIÁM SÁT
A58: ='2. Cao độ đào nền'!E68 -> Nguyễn Xuân Hưng | E58: =+'2. Cao độ đào nền'!O68 -> Lê Quốc Huy

Sheet 3. KTHH vải lọc
A1: PHỤ LỤC KIỂM TRA KÍCH THƯỚC HÌNH HỌC
A2: ="Kèm theo BBNT số: "&VLOOKUP(W2,'Tuyến XD8'!$A$2:$G$60,7,0)&VLOOKUP(W2,'Tuyến XD8'!$A$2:$G$60,4,0) -> Kèm theo BBNT số: 86.NĐXD8/CVXD ngày 28 tháng 09 năm 2026 | W2: 86
A3: Dự án: Xây dựng HTKT Khu tái định cư phục vụ di dân xã Hải Hà, thị xã Nghi Sơn, tỉnh Thanh Hóa.
A4: Gói thầu số 12: Xây dựng HTKT khu vực Hải Bình và Xuân Lâm (bao gồm cả bảo hiểm xây dựng công trình)
A5: Nhà thầu thi công: Công ty TNHH Hoàng Tuấn
A6: Hạng mục: Nền đường tuyến XD8
A7: - Đối tượng nghiệm thu: | E7: =VLOOKUP(W2,'Tuyến XD8'!$A$2:$B$60,2,0) -> Rải vải địa kỹ thuật đoạn từ Km0+609,11 - Km0+724,11
A8: Sơ họa:
A20: TT | B20: Tên cọc | C20: Lý trình | D20: L1 (m) | G20: L2 (m) | J20: L3 (m) | M20: L4 (m) | P20: L5 (m) | S20: L6 (m) | V20: Ghi chú
D21: Thiết kế (m) | E21: Thi công (m) | F21: Chênh lệch (m) | G21: Thiết kế (m) | H21: Thi công (m) | I21: Chênh lệch (m) | J21: Thiết kế (m) | K21: Thi công (m) | L21: Chênh lệch (m) | M21: Thiết kế (m) | N21: Thi công (m) | O21: Chênh lệch (m) | P21: Thiết kế (m) | Q21: Thi công (m) | R21: Chênh lệch (m) | S21: Thiết kế (m) | T21: Thi công (m) | U21: Chênh lệch (m)
A24: =+'1. PL đường đen'!A12 -> 1 | B24: =+'1. PL đường đen'!B12 -> 31 | C24: =+'1. PL đường đen'!C12 -> 609.11 | D24: 2 | E24: =+D24+F24 -> 2.06 | F24: =RANDBETWEEN(5,10)/100 -> 0.06 | G24: 1.41 | H24: =+G24+I24 -> 1.51 | I24: =RANDBETWEEN(5,10)/100 -> 0.1 | J24: 8.27 | K24: =+J24+L24 -> 8.34 | L24: =RANDBETWEEN(5,10)/100 -> 0.07 | M24: 8.13 | N24: =+M24+O24 -> 8.19 | O24: =RANDBETWEEN(5,10)/100 -> 0.06 | P24: 1.41 | Q24: =+P24+R24 -> 1.49 | R24: =RANDBETWEEN(5,10)/100 -> 0.08 | S24: 2 | T24: =+S24+U24 -> 2.09 | U24: =RANDBETWEEN(5,10)/100 -> 0.09
A25: =+'1. PL đường đen'!A13 -> 2 | B25: =+'1. PL đường đen'!B13 -> E10 | C25: =+'1. PL đường đen'!C13 -> 620.86 | D25: 2 | E25: =+D25+F25 -> 2.07 | F25: =RANDBETWEEN(5,10)/100 -> 0.07 | G25: 1.41 | H25: =+G25+I25 -> 1.5 | I25: =RANDBETWEEN(5,10)/100 -> 0.09 | J25: 8.05 | K25: =+J25+L25 -> 8.12 | L25: =RANDBETWEEN(5,10)/100 -> 0.07 | M25: 8.19 | N25: =+M25+O25 -> 8.26 | O25: =RANDBETWEEN(5,10)/100 -> 0.07 | P25: 1.41 | Q25: =+P25+R25 -> 1.48 | R25: =RANDBETWEEN(5,10)/100 -> 0.07 | S25: 2 | T25: =+S25+U25 -> 2.1 | U25: =RANDBETWEEN(5,10)/100 -> 0.1
A26: =+'1. PL đường đen'!A14 -> 3 | B26: =+'1. PL đường đen'!B14 -> 32 | C26: =+'1. PL đường đen'!C14 -> 632.61 | D26: 2 | E26: =+D26+F26 -> 2.06 | F26: =RANDBETWEEN(5,10)/100 -> 0.06 | G26: 1.41 | H26: =+G26+I26 -> 1.46 | I26: =RANDBETWEEN(5,10)/100 -> 0.05 | J26: 8.78 | K26: =+J26+L26 -> 8.83 | L26: =RANDBETWEEN(5,10)/100 -> 0.05 | M26: 9.06 | N26: =+M26+O26 -> 9.13 | O26: =RANDBETWEEN(5,10)/100 -> 0.07 | P26: 1.35 | Q26: =+P26+R26 -> 1.45 | R26: =RANDBETWEEN(5,10)/100 -> 0.1 | S26: 2 | T26: =+S26+U26 -> 2.05 | U26: =RANDBETWEEN(5,10)/100 -> 0.05
A27: =+'1. PL đường đen'!A15 -> 4 | B27: =+'1. PL đường đen'!B15 -> 33 | C27: =+'1. PL đường đen'!C15 -> 652.61 | D27: 2 | E27: =+D27+F27 -> 2.08 | F27: =RANDBETWEEN(5,10)/100 -> 0.08 | G27: 1.41 | H27: =+G27+I27 -> 1.48 | I27: =RANDBETWEEN(5,10)/100 -> 0.07 | J27: 9.48 | K27: =+J27+L27 -> 9.54 | L27: =RANDBETWEEN(5,10)/100 -> 0.06 | M27: 9.47 | N27: =+M27+O27 -> 9.56 | O27: =RANDBETWEEN(5,10)/100 -> 0.09 | P27: 1.41 | Q27: =+P27+R27 -> 1.51 | R27: =RANDBETWEEN(5,10)/100 -> 0.1 | S27: 2 | T27: =+S27+U27 -> 2.05 | U27: =RANDBETWEEN(5,10)/100 -> 0.05
A28: =+'1. PL đường đen'!A16 -> 5 | B28: =+'1. PL đường đen'!B16 -> 34 | C28: =+'1. PL đường đen'!C16 -> 672.61 | D28: 2 | E28: =+D28+F28 -> 2.06 | F28: =RANDBETWEEN(5,10)/100 -> 0.06 | G28: 1.41 | H28: =+G28+I28 -> 1.5 | I28: =RANDBETWEEN(5,10)/100 -> 0.09 | J28: 8.63 | K28: =+J28+L28 -> 8.69 | L28: =RANDBETWEEN(5,10)/100 -> 0.06 | M28: 8.6 | N28: =+M28+O28 -> 8.65 | O28: =RANDBETWEEN(5,10)/100 -> 0.05 | P28: 1.51 | Q28: =+P28+R28 -> 1.56 | R28: =RANDBETWEEN(5,10)/100 -> 0.05 | S28: 2 | T28: =+S28+U28 -> 2.06 | U28: =RANDBETWEEN(5,10)/100 -> 0.06
A29: =+'1. PL đường đen'!A17 -> 6 | B29: =+'1. PL đường đen'!B17 -> 35 | C29: =+'1. PL đường đen'!C17 -> 692.61 | D29: 2 | E29: =+D29+F29 -> 2.06 | F29: =RANDBETWEEN(5,10)/100 -> 0.06 | G29: 1.41 | H29: =+G29+I29 -> 1.5 | I29: =RANDBETWEEN(5,10)/100 -> 0.09 | J29: 9.54 | K29: =+J29+L29 -> 9.61 | L29: =RANDBETWEEN(5,10)/100 -> 0.07 | M29: 9.49 | N29: =+M29+O29 -> 9.56 | O29: =RANDBETWEEN(5,10)/100 -> 0.07 | P29: 1.41 | Q29: =+P29+R29 -> 1.49 | R29: =RANDBETWEEN(5,10)/100 -> 0.08 | S29: 2 | T29: =+S29+U29 -> 2.08 | U29: =RANDBETWEEN(5,10)/100 -> 0.08
A30: =+'1. PL đường đen'!A18 -> 7 | B30: =+'1. PL đường đen'!B18 -> 36 | C30: =+'1. PL đường đen'!C18 -> 712.61 | D30: 2 | E30: =+D30+F30 -> 2.09 | F30: =RANDBETWEEN(5,10)/100 -> 0.09 | G30: 1.41 | H30: =+G30+I30 -> 1.46 | I30: =RANDBETWEEN(5,10)/100 -> 0.05 | J30: 5.25 | K30: =+J30+L30 -> 5.31 | L30: =RANDBETWEEN(5,10)/100 -> 0.06 | M30: 8.95 | N30: =+M30+O30 -> 9.02 | O30: =RANDBETWEEN(5,10)/100 -> 0.07 | P30: 1.41 | Q30: =+P30+R30 -> 1.51 | R30: =RANDBETWEEN(5,10)/100 -> 0.1 | S30: 2 | T30: =+S30+U30 -> 2.07 | U30: =RANDBETWEEN(5,10)/100 -> 0.07
A31: =+'1. PL đường đen'!A19 -> 8 | B31: =+'1. PL đường đen'!B19 -> 37 | C31: =+'1. PL đường đen'!C19 -> 724.11 | D31: 2 | E31: =+D31+F31 -> 2.1 | F31: =RANDBETWEEN(5,10)/100 -> 0.1 | G31: 1.21 | H31: =+G31+I31 -> 1.29 | I31: =RANDBETWEEN(5,10)/100 -> 0.08 | J31: 10.25 | K31: =+J31+L31 -> 10.31 | L31: =RANDBETWEEN(5,10)/100 -> 0.06 | M31: 8.24 | N31: =+M31+O31 -> 8.29 | O31: =RANDBETWEEN(5,10)/100 -> 0.05 | P31: 1.41 | Q31: =+P31+R31 -> 1.5 | R31: =RANDBETWEEN(5,10)/100 -> 0.09 | S31: 2 | T31: =+S31+U31 -> 2.1 | U31: =RANDBETWEEN(5,10)/100 -> 0.1
E63: NHÀ THẦU THI CÔNG | O63: TƯ VẤN GIÁM SÁT
E68: Nguyễn Xuân Hưng | O68: Lê Quốc Huy

Sheet 3. KL vải lọc
A1: PHỤ LỤC KHỐI LƯỢNG
A2: ="Kèm theo BBNT số: "&VLOOKUP(O2,'Tuyến XD8'!$A$2:$G$60,7,0)&VLOOKUP(O2,'Tuyến XD8'!$A$2:$G$60,4,0) -> Kèm theo BBNT số: 86.NĐXD8/CVXD ngày 28 tháng 09 năm 2026 | O2: 86
A3: ='2. Cao độ đào nền'!A3 -> Dự án: Xây dựng HTKT Khu tái định cư phục vụ di dân xã Hải Hà, thị xã Nghi Sơn, tỉnh Thanh Hóa.
A4: ='2. Cao độ đào nền'!A4 -> Gói thầu số 12: Xây dựng HTKT khu vực Hải Bình và Xuân Lâm (bao gồm cả bảo hiểm xây dựng công trình)
A5: Nhà thầu thi công: Công ty TNHH Hoàng Tuấn
A6: ='2. Cao độ đào nền'!A6 -> Hạng mục: Nền đường tuyến XD8
A7: - Đối tượng nghiệm thu: | D7: =VLOOKUP(O2,'Tuyến XD8'!$A$2:$B$60,2,0) -> Rải vải địa kỹ thuật đoạn từ Km0+609,11 - Km0+724,11
A9: STT | B9: Tên cọc | C9: Lý trình | D9: K/c lẻ | K9: Khối lượng vải địa kỹ thuật | M9: Ghi chú
E10: Khối lượng thi công | K10: Chiều dài (m) | L10: Diện tích (m2)
A11: 1 | B11: ='1. PL đường đen'!B12 -> 31 | C11: ='1. PL đường đen'!C12 -> 609.11 | D11: ='1. PL đường đen'!T12 -> 11.75 | E11: ='3. KTHH vải lọc'!E24 -> 2.06 | F11: ='3. KTHH vải lọc'!H24 -> 1.51 | G11: ='3. KTHH vải lọc'!K24 -> 8.34 | H11: ='3. KTHH vải lọc'!N24 -> 8.19 | I11: ='3. KTHH vải lọc'!Q24 -> 1.49 | J11: ='3. KTHH vải lọc'!T24 -> 2.09 | K11: =SUM(E11:J11) -> 23.68 | L11: =(K11+K12)*D11/2 -> 277.35875
A12: 2 | B12: ='1. PL đường đen'!B13 -> E10 | C12: ='1. PL đường đen'!C13 -> 620.86 | D12: ='1. PL đường đen'!T13 -> 11.75 | E12: ='3. KTHH vải lọc'!E25 -> 2.07 | F12: ='3. KTHH vải lọc'!H25 -> 1.5 | G12: ='3. KTHH vải lọc'!K25 -> 8.12 | H12: ='3. KTHH vải lọc'!N25 -> 8.26 | I12: ='3. KTHH vải lọc'!Q25 -> 1.48 | J12: ='3. KTHH vải lọc'!T25 -> 2.1 | K12: =SUM(E12:J12) -> 23.53 | L12: =(K12+K13)*D12/2 -> 284.99625
A13: 3 | B13: ='1. PL đường đen'!B14 -> 32 | C13: ='1. PL đường đen'!C14 -> 632.61 | D13: ='1. PL đường đen'!T14 -> 20 | E13: ='3. KTHH vải lọc'!E26 -> 2.06 | F13: ='3. KTHH vải lọc'!H26 -> 1.46 | G13: ='3. KTHH vải lọc'!K26 -> 8.83 | H13: ='3. KTHH vải lọc'!N26 -> 9.13 | I13: ='3. KTHH vải lọc'!Q26 -> 1.45 | J13: ='3. KTHH vải lọc'!T26 -> 2.05 | K13: =SUM(E13:J13) -> 24.98 | L13: =(K13+K14)*D13/2 -> 512
A14: 4 | B14: ='1. PL đường đen'!B15 -> 33 | C14: ='1. PL đường đen'!C15 -> 652.61 | D14: ='1. PL đường đen'!T15 -> 20 | E14: ='3. KTHH vải lọc'!E27 -> 2.08 | F14: ='3. KTHH vải lọc'!H27 -> 1.48 | G14: ='3. KTHH vải lọc'!K27 -> 9.54 | H14: ='3. KTHH vải lọc'!N27 -> 9.56 | I14: ='3. KTHH vải lọc'!Q27 -> 1.51 | J14: ='3. KTHH vải lọc'!T27 -> 2.05 | K14: =SUM(E14:J14) -> 26.22 | L14: =(K14+K15)*D14/2 -> 507.4
A15: 5 | B15: ='1. PL đường đen'!B16 -> 34 | C15: ='1. PL đường đen'!C16 -> 672.61 | D15: ='1. PL đường đen'!T16 -> 20 | E15: ='3. KTHH vải lọc'!E28 -> 2.06 | F15: ='3. KTHH vải lọc'!H28 -> 1.5 | G15: ='3. KTHH vải lọc'!K28 -> 8.69 | H15: ='3. KTHH vải lọc'!N28 -> 8.65 | I15: ='3. KTHH vải lọc'!Q28 -> 1.56 | J15: ='3. KTHH vải lọc'!T28 -> 2.06 | K15: =SUM(E15:J15) -> 24.52 | L15: =(K15+K16)*D15/2 -> 508.2
A16: 6 | B16: ='1. PL đường đen'!B17 -> 35 | C16: ='1. PL đường đen'!C17 -> 692.61 | D16: ='1. PL đường đen'!T17 -> 20 | E16: ='3. KTHH vải lọc'!E29 -> 2.06 | F16: ='3. KTHH vải lọc'!H29 -> 1.5 | G16: ='3. KTHH vải lọc'!K29 -> 9.61 | H16: ='3. KTHH vải lọc'!N29 -> 9.56 | I16: ='3. KTHH vải lọc'!Q29 -> 1.49 | J16: ='3. KTHH vải lọc'!T29 -> 2.08 | K16: =SUM(E16:J16) -> 26.3 | L16: =(K16+K17)*D16/2 -> 477.6
A17: 7 | B17: ='1. PL đường đen'!B18 -> 36 | C17: ='1. PL đường đen'!C18 -> 712.61 | D17: ='1. PL đường đen'!T18 -> 11.5 | E17: ='3. KTHH vải lọc'!E30 -> 2.09 | F17: ='3. KTHH vải lọc'!H30 -> 1.46 | G17: ='3. KTHH vải lọc'!K30 -> 5.31 | H17: ='3. KTHH vải lọc'!N30 -> 9.02 | I17: ='3. KTHH vải lọc'!Q30 -> 1.51 | J17: ='3. KTHH vải lọc'!T30 -> 2.07 | K17: =SUM(E17:J17) -> 21.46 | L17: =(K17+K18)*D17/2 -> 270.5375
A18: 8 | B18: ='1. PL đường đen'!B19 -> 37 | C18: ='1. PL đường đen'!C19 -> 724.11 | E18: ='3. KTHH vải lọc'!E31 -> 2.1 | F18: ='3. KTHH vải lọc'!H31 -> 1.29 | G18: ='3. KTHH vải lọc'!K31 -> 10.31 | H18: ='3. KTHH vải lọc'!N31 -> 8.29 | I18: ='3. KTHH vải lọc'!Q31 -> 1.5 | J18: ='3. KTHH vải lọc'!T31 -> 2.1 | K18: =SUM(E18:J18) -> 25.59
A51: Tổng cộng (m3) | L51: =SUM(L11:L18) -> 2838.0925
A53: NHÀ THẦU THI CÔNG | E53: TƯ VẤN GIÁM SÁT
A60: ='2. Cao độ đào nền'!E68 -> Nguyễn Xuân Hưng | K60: Lê Quốc Huy

Sheet chạy VL
A1: STT | B1: Tên cọc | C1: Lý trình | D1: Tên lớp | E1: Phần | F1: B trái | G1: B phải
A2: 1 | B2: 31 | C2: 609.11 | D2: 1 | E2: gập | F2: 2 | G2: 2
D3: 1 | E3: taluy | F3: 1.41 | G3: 1.41
D4: 1 | E4: đáy | F4: 8.27 | G4: 8.13
A5: 2 | B5: E10 | C5: 620.86 | D5: 1 | E5: gập | F5: 2 | G5: 2
D6: 1 | E6: taluy | F6: 1.41 | G6: 1.41
D7: 1 | E7: đáy | F7: 8.05 | G7: 8.19
A8: 3 | B8: 32 | C8: 632.61 | D8: 1 | E8: gập | F8: 2 | G8: 2
D9: 1 | E9: taluy | F9: 1.41 | G9: 1.35
D10: 1 | E10: đáy | F10: 8.78 | G10: 9.06
A11: 4 | B11: 33 | C11: 652.61 | D11: 1 | E11: gập | F11: 2 | G11: 2
D12: 1 | E12: taluy | F12: 1.41 | G12: 1.41
D13: 1 | E13: đáy | F13: 9.48 | G13: 9.47
A14: 5 | B14: 34 | C14: 672.61 | D14: 1 | E14: gập | F14: 2 | G14: 2
D15: 1 | E15: taluy | F15: 1.41 | G15: 1.51
D16: 1 | E16: đáy | F16: 8.63 | G16: 8.6
A17: 6 | B17: 35 | C17: 692.61 | D17: 1 | E17: gập | F17: 2 | G17: 2
D18: 1 | E18: taluy | F18: 1.41 | G18: 1.41
D19: 1 | E19: đáy | F19: 9.54 | G19: 9.49
A20: 7 | B20: 36 | C20: 712.61 | D20: 1 | E20: gập | F20: 2 | G20: 2
D21: 1 | E21: taluy | F21: 1.41 | G21: 1.41
D22: 1 | E22: đáy | F22: 5.25 | G22: 8.95
A23: 8 | B23: 37 | C23: 724.11 | D23: 1 | E23: gập | F23: 2 | G23: 2
D24: 1 | E24: taluy | F24: 1.21 | G24: 1.41
D25: 1 | E25: đáy | F25: 10.25 | G25: 8.24

Sheet KL tưới nhựa
A1: PHỤ LỤC KHỐI LƯỢNG TƯỚI NHỰA
A2: ="Kèm theo BBNT số: "&VLOOKUP(L2,'Tuyến XD8'!$A$2:$G$60,7,0)&VLOOKUP(L2,'Tuyến XD8'!$A$2:$G$60,4,0) -> Kèm theo BBNT số: 108.NĐXD8/CVXD ngày 12 tháng 10 năm 2026 | L2: 108
A3: Dự án: Xây dựng HTKT Khu tái định cư phục vụ di dân xã Hải Hà, thị xã Nghi Sơn, tỉnh Thanh Hóa.
A4: Gói thầu số 12: Xây dựng HTKT khu vực Hải Bình và Xuân Lâm (bao gồm cả bảo hiểm xây dựng công trình)
A5: Nhà thầu thi công: Công ty TNHH Hoàng Tuấn
A6: Hạng mục: Nền đường tuyến XD8
A7: - Đối tượng nghiệm thu: | E7: =VLOOKUP(L2,'Tuyến XD8'!$A$2:$B$60,2,0) -> Tưới lớp thấm bám mặt đường, nhựa MC70, lượng nhựa 1kg/m2
A9: STT | B9: Tên cọc | C9: Lý trình | D9: K/c lẻ | E9: Bề rộng tưới nhựa | H9: Diện tích tưới nhựa | K9: Ghi chú
E10: Thiết kế | F10: Thực tế | G10: Chênh lệch | H10: Thiết kế | I10: Thực tế | J10: Chênh lệch
A11: 1 | B11: ='1. PL đường đen'!B12 -> 31 | C11: 609.11 | D11: ='1. PL đường đen'!T12 -> 11.75 | E11: 10.5 | F11: =+E11+G11 -> 10.521 | G11: =RANDBETWEEN(-30,110)/1000 -> 0.021 | H11: =+(E11+E12)/2*D11 -> 123.375 | I11: =+(F11+F12)/2*D11 -> 124.1035 | J11: =+I11-H11 -> 0.7285
A12: 2 | B12: ='1. PL đường đen'!B13 -> E10 | C12: =C11+D11 -> 620.86 | D12: ='1. PL đường đen'!T13 -> 11.75 | E12: 10.5 | F12: =+E12+G12 -> 10.603 | G12: =RANDBETWEEN(-30,110)/1000 -> 0.103 | H12: =+(E12+E13)/2*D12 -> 123.375 | I12: =+(F12+F13)/2*D12 -> 124.07412 | J12: =+I12-H12 -> 0.699125
A13: 3 | B13: ='1. PL đường đen'!B14 -> 32 | C13: =C12+D12 -> 632.61 | D13: ='1. PL đường đen'!T14 -> 20 | E13: 10.5 | F13: =+E13+G13 -> 10.516 | G13: =RANDBETWEEN(-30,110)/1000 -> 0.016 | H13: =+(E13+E14)/2*D13 -> 210 | I13: =+(F13+F14)/2*D13 -> 211.18 | J13: =+I13-H13 -> 1.18
A14: 4 | B14: ='1. PL đường đen'!B15 -> 33 | C14: =C13+D13 -> 652.61 | D14: ='1. PL đường đen'!T15 -> 20 | E14: 10.5 | F14: =+E14+G14 -> 10.602 | G14: =RANDBETWEEN(-30,110)/1000 -> 0.102 | H14: =+(E14+E15)/2*D14 -> 210 | I14: =+(F14+F15)/2*D14 -> 211.16 | J14: =+I14-H14 -> 1.16
A15: 5 | B15: ='1. PL đường đen'!B16 -> 34 | C15: =C14+D14 -> 672.61 | D15: ='1. PL đường đen'!T16 -> 20 | E15: 10.5 | F15: =+E15+G15 -> 10.514 | G15: =RANDBETWEEN(-30,110)/1000 -> 0.014 | H15: =+(E15+E16)/2*D15 -> 210 | I15: =+(F15+F16)/2*D15 -> 210.58 | J15: =+I15-H15 -> 0.58
A16: 6 | B16: ='1. PL đường đen'!B17 -> 35 | C16: =C15+D15 -> 692.61 | D16: ='1. PL đường đen'!T17 -> 20 | E16: 10.5 | F16: =+E16+G16 -> 10.544 | G16: =RANDBETWEEN(-30,110)/1000 -> 0.044 | H16: =+(E16+E17)/2*D16 -> 210 | I16: =+(F16+F17)/2*D16 -> 211.39 | J16: =+I16-H16 -> 1.39
A17: 7 | B17: ='1. PL đường đen'!B18 -> 36 | C17: =C16+D16 -> 712.61 | D17: ='1. PL đường đen'!T18 -> 11.5 | E17: 10.5 | F17: =+E17+G17 -> 10.595 | G17: =RANDBETWEEN(-30,110)/1000 -> 0.095 | H17: =+(E17+E18)/2*D17 -> 120.75 | I17: =+(F17+F18)/2*D17 -> 121.31925 | J17: =+I17-H17 -> 0.56925
A18: 8 | B18: ='1. PL đường đen'!B19 -> 37 | C18: =C17+D17 -> 724.11 | E18: 10.5 | F18: =+E18+G18 -> 10.504 | G18: =RANDBETWEEN(-30,110)/1000 -> 0.004
A49: Tổng cộng (m3) | H49: =SUM(H11:H18) -> 1207.5 | I49: =SUM(I11:I18) -> 1213.8069 | J49: =+I49-H49 -> 6.306875
A51: NHÀ THẦU THI CÔNG | G51: TƯ VẤN GIÁM SÁT
A56: Nguyễn Xuân Hưng | G56: Lê Minh Hải

Sheet CĐ mặt đường
A1: PHỤ LỤC KIỂM TRA CAO ĐỘ MẶT ĐƯỜNG
A2: ="Kèm theo BBNT số: "&VLOOKUP(T2,'Tuyến XD8'!$A$2:$G$60,7,0)&VLOOKUP(T2,'Tuyến XD8'!$A$2:$G$60,4,0) -> Kèm theo BBNT số: 109.NĐXD8/CVXD ngày 15 tháng 10 năm 2026 | T2: 109
A3: Dự án: Xây dựng HTKT Khu tái định cư phục vụ di dân xã Hải Hà, thị xã Nghi Sơn, tỉnh Thanh Hóa.
A4: Gói thầu số 12: Xây dựng HTKT khu vực Hải Bình và Xuân Lâm (bao gồm cả bảo hiểm xây dựng công trình)
A5: Nhà thầu thi công: Công ty TNHH Hoàng Tuấn
A6: Hạng mục: Nền đường tuyến XD8
A7: - Đối tượng nghiệm thu: | D7: =VLOOKUP(T2,'Tuyến XD8'!$A$2:$B$60,2,0) -> Rải thảm mặt đường bê tông nhựa C16 - Chiều dày mặt đường đã lèn ép 6cm
A8: Sơ hoạ:
A20: TT | B20: Tên cọc | C20: Lý trình | D20: Bên trái (H1) | J20: Tim (H2) | M20: Bên phải (H3) | S20: Ghi chú
D21: KCTK | E21: KCTC | F21: Chênh KC (m) | G21: CDTK (m) | H21: CDTC (m) | I21: Chênh CD (m) | J21: CDTK (m) | K21: CDTC (m) | L21: Chênh CD (m) | M21: KCTK | N21: KCTC | O21: Chênh KC (m) | P21: CDTK (m) | Q21: CDTC (m) | R21: Chênh CD (m)
A22: ='1. PL đường đen'!A12 -> 1 | B22: ='1. PL đường đen'!B12 -> 31 | C22: ='1. PL đường đen'!C12 -> 609.11 | D22: 5.25 | E22: =+D22+F22 -> 5.255 | F22: =RANDBETWEEN(-20,20)/1000 -> 0.005 | G22: =+J22-4.95*2%-(D22-4.95)*6% -> 2.731 | H22: =G22+I22 -> 2.799 | I22: =RANDBETWEEN(-30,70)/1000 -> 0.068 | J22: 2.848 | K22: =J22+L22 -> 2.857 | L22: =RANDBETWEEN(-30,70)/1000 -> 0.009 | M22: =D22 -> 5.25 | N22: =+M22+O22 -> 5.264 | O22: =RANDBETWEEN(-20,20)/1000 -> 0.014 | P22: =+J22-4.95*2%-(M22-4.95)*6% -> 2.731 | Q22: =P22+R22 -> 2.712 | R22: =RANDBETWEEN(-20,20)/1000 -> -0.019
A23: ='1. PL đường đen'!A13 -> 2 | B23: ='1. PL đường đen'!B13 -> E10 | C23: ='1. PL đường đen'!C13 -> 620.86 | D23: =+D22 -> 5.25 | E23: =+D23+F23 -> 5.254 | F23: =RANDBETWEEN(-20,20)/1000 -> 0.004 | G23: =+J23-4.95*2%-(D23-4.95)*6% -> 2.732 | H23: =G23+I23 -> 2.77 | I23: =RANDBETWEEN(-30,70)/1000 -> 0.038 | J23: 2.849 | K23: =J23+L23 -> 2.868 | L23: =RANDBETWEEN(-30,70)/1000 -> 0.019 | M23: =D23 -> 5.25 | N23: =+M23+O23 -> 5.25 | O23: =RANDBETWEEN(-20,20)/1000 -> 0 | P23: =+J23-4.95*2%-(M23-4.95)*6% -> 2.732 | Q23: =P23+R23 -> 2.717 | R23: =RANDBETWEEN(-20,20)/1000 -> -0.015
A24: ='1. PL đường đen'!A14 -> 3 | B24: ='1. PL đường đen'!B14 -> 32 | C24: ='1. PL đường đen'!C14 -> 632.61 | D24: =+D23 -> 5.25 | E24: =+D24+F24 -> 5.258 | F24: =RANDBETWEEN(-20,20)/1000 -> 0.008 | G24: =+J24-4.95*2%-(D24-4.95)*6% -> 2.734 | H24: =G24+I24 -> 2.711 | I24: =RANDBETWEEN(-30,70)/1000 -> -0.023 | J24: 2.851 | K24: =J24+L24 -> 2.896 | L24: =RANDBETWEEN(-30,70)/1000 -> 0.045 | M24: =D24 -> 5.25 | N24: =+M24+O24 -> 5.269 | O24: =RANDBETWEEN(-20,20)/1000 -> 0.019 | P24: =+J24-4.95*2%-(M24-4.95)*6% -> 2.734 | Q24: =P24+R24 -> 2.739 | R24: =RANDBETWEEN(-20,20)/1000 -> 0.005
A25: ='1. PL đường đen'!A15 -> 4 | B25: ='1. PL đường đen'!B15 -> 33 | C25: ='1. PL đường đen'!C15 -> 652.61 | D25: =+D24 -> 5.25 | E25: =+D25+F25 -> 5.255 | F25: =RANDBETWEEN(-20,20)/1000 -> 0.005 | G25: =+J25-4.95*2%-(D25-4.95)*6% -> 2.736 | H25: =G25+I25 -> 2.742 | I25: =RANDBETWEEN(-30,70)/1000 -> 0.006 | J25: 2.853 | K25: =J25+L25 -> 2.826 | L25: =RANDBETWEEN(-30,70)/1000 -> -0.027 | M25: =D25 -> 5.25 | N25: =+M25+O25 -> 5.252 | O25: =RANDBETWEEN(-20,20)/1000 -> 0.002 | P25: =+J25-4.95*2%-(M25-4.95)*6% -> 2.736 | Q25: =P25+R25 -> 2.75 | R25: =RANDBETWEEN(-20,20)/1000 -> 0.014
A26: ='1. PL đường đen'!A16 -> 5 | B26: ='1. PL đường đen'!B16 -> 34 | C26: ='1. PL đường đen'!C16 -> 672.61 | D26: =+D25 -> 5.25 | E26: =+D26+F26 -> 5.231 | F26: =RANDBETWEEN(-20,20)/1000 -> -0.019 | G26: =+J26-4.95*2%-(D26-4.95)*6% -> 2.737 | H26: =G26+I26 -> 2.71 | I26: =RANDBETWEEN(-30,70)/1000 -> -0.027 | J26: 2.854 | K26: =J26+L26 -> 2.887 | L26: =RANDBETWEEN(-30,70)/1000 -> 0.033 | M26: =D26 -> 5.25 | N26: =+M26+O26 -> 5.231 | O26: =RANDBETWEEN(-20,20)/1000 -> -0.019 | P26: =+J26-4.95*2%-(M26-4.95)*6% -> 2.737 | Q26: =P26+R26 -> 2.756 | R26: =RANDBETWEEN(-20,20)/1000 -> 0.019
A27: ='1. PL đường đen'!A17 -> 6 | B27: ='1. PL đường đen'!B17 -> 35 | C27: ='1. PL đường đen'!C17 -> 692.61 | D27: =+D26 -> 5.25 | E27: =+D27+F27 -> 5.256 | F27: =RANDBETWEEN(-20,20)/1000 -> 0.006 | G27: =+J27-4.95*2%-(D27-4.95)*6% -> 2.739 | H27: =G27+I27 -> 2.77 | I27: =RANDBETWEEN(-30,70)/1000 -> 0.031 | J27: 2.856 | K27: =J27+L27 -> 2.842 | L27: =RANDBETWEEN(-30,70)/1000 -> -0.014 | M27: =D27 -> 5.25 | N27: =+M27+O27 -> 5.242 | O27: =RANDBETWEEN(-20,20)/1000 -> -0.008 | P27: =+J27-4.95*2%-(M27-4.95)*6% -> 2.739 | Q27: =P27+R27 -> 2.757 | R27: =RANDBETWEEN(-20,20)/1000 -> 0.018
A28: ='1. PL đường đen'!A18 -> 7 | B28: ='1. PL đường đen'!B18 -> 36 | C28: ='1. PL đường đen'!C18 -> 712.61 | D28: =+D27 -> 5.25 | E28: =+D28+F28 -> 5.267 | F28: =RANDBETWEEN(-20,20)/1000 -> 0.017 | G28: =+J28-4.95*2%-(D28-4.95)*6% -> 2.741 | H28: =G28+I28 -> 2.782 | I28: =RANDBETWEEN(-30,70)/1000 -> 0.041 | J28: 2.858 | K28: =J28+L28 -> 2.928 | L28: =RANDBETWEEN(-30,70)/1000 -> 0.07 | M28: =D28 -> 5.25 | N28: =+M28+O28 -> 5.247 | O28: =RANDBETWEEN(-20,20)/1000 -> -0.003 | P28: =+J28-4.95*2%-(M28-4.95)*6% -> 2.741 | Q28: =P28+R28 -> 2.753 | R28: =RANDBETWEEN(-20,20)/1000 -> 0.012
A29: ='1. PL đường đen'!A19 -> 8 | B29: ='1. PL đường đen'!B19 -> 37 | C29: ='1. PL đường đen'!C19 -> 724.11 | D29: =+D28 -> 5.25 | E29: =+D29+F29 -> 5.258 | F29: =RANDBETWEEN(-20,20)/1000 -> 0.008 | G29: =+J29-4.95*2%-(D29-4.95)*6% -> 2.742 | H29: =G29+I29 -> 2.722 | I29: =RANDBETWEEN(-30,70)/1000 -> -0.02 | J29: 2.859 | K29: =J29+L29 -> 2.865 | L29: =RANDBETWEEN(-30,70)/1000 -> 0.006 | M29: =D29 -> 5.25 | N29: =+M29+O29 -> 5.265 | O29: =RANDBETWEEN(-20,20)/1000 -> 0.015 | P29: =+J29-4.95*2%-(M29-4.95)*6% -> 2.742 | Q29: =P29+R29 -> 2.754 | R29: =RANDBETWEEN(-20,20)/1000 -> 0.012
A61: NHÀ THẦU THI CÔNG | J61: TƯ VẤN GIÁM SÁT
A66: Nguyễn Xuân Hưng | J66: Lê Minh Hải

Sheet KL BTN
A1: PHỤ LỤC KHỐI LƯỢNG
A2: ="Kèm theo BBNT số: "&VLOOKUP(L2,'Tuyến XD8'!$A$2:$G$60,7,0)&VLOOKUP(L2,'Tuyến XD8'!$A$2:$G$60,4,0) -> Kèm theo BBNT số: 110.NĐXD8/CVXD ngày 17 tháng 10 năm 2026 | L2: 110
A3: Dự án: Xây dựng HTKT Khu tái định cư phục vụ di dân xã Hải Hà, thị xã Nghi Sơn, tỉnh Thanh Hóa.
A4: Gói thầu số 12: Xây dựng HTKT khu vực Hải Bình và Xuân Lâm (bao gồm cả bảo hiểm xây dựng công trình)
A5: Nhà thầu thi công: Công ty TNHH Hoàng Tuấn
A6: Hạng mục: Nền đường tuyến XD8
A7: - Đối tượng nghiệm thu: | D7: =VLOOKUP(L2,'Tuyến XD8'!$A$2:$B$60,2,0) -> Bê tông nhựa C16 - Chiều dày mặt đường đã lèn ép 6cm
A9: STT | B9: Tên cọc | C9: Lý trình | D9: K/c lẻ | E9: Bề rộng tưới nhựa | H9: Diện tích tưới nhựa | K9: Ghi chú
E10: Thiết kế | F10: Thực tế | G10: Chênh lệch | H10: Thiết kế | I10: Thực tế | J10: Chênh lệch
A11: 1 | B11: ='1. PL đường đen'!B12 -> 31 | C11: 609.11 | D11: ='1. PL đường đen'!T12 -> 11.75 | E11: 10.5 | F11: =+E11+G11 -> 10.571 | G11: =RANDBETWEEN(-30,110)/1000 -> 0.071 | H11: =+(E11+E12)/2*D11 -> 123.375 | I11: =+(F11+F12)/2*D11 -> 124.42663 | J11: =+I11-H11 -> 1.051625
A12: 2 | B12: ='1. PL đường đen'!B13 -> E10 | C12: =C11+D11 -> 620.86 | D12: ='1. PL đường đen'!T13 -> 11.75 | E12: 10.5 | F12: =+E12+G12 -> 10.608 | G12: =RANDBETWEEN(-30,110)/1000 -> 0.108 | H12: =+(E12+E13)/2*D12 -> 123.375 | I12: =+(F12+F13)/2*D12 -> 123.97425 | J12: =+I12-H12 -> 0.59925
A13: 3 | B13: ='1. PL đường đen'!B14 -> 32 | C13: =C12+D12 -> 632.61 | D13: ='1. PL đường đen'!T14 -> 20 | E13: 10.5 | F13: =+E13+G13 -> 10.494 | G13: =RANDBETWEEN(-30,110)/1000 -> -0.006 | H13: =+(E13+E14)/2*D13 -> 210 | I13: =+(F13+F14)/2*D13 -> 209.8 | J13: =+I13-H13 -> -0.2
A14: 4 | B14: ='1. PL đường đen'!B15 -> 33 | C14: =C13+D13 -> 652.61 | D14: ='1. PL đường đen'!T15 -> 20 | E14: 10.5 | F14: =+E14+G14 -> 10.486 | G14: =RANDBETWEEN(-30,110)/1000 -> -0.014 | H14: =+(E14+E15)/2*D14 -> 210 | I14: =+(F14+F15)/2*D14 -> 209.75 | J14: =+I14-H14 -> -0.25
A15: 5 | B15: ='1. PL đường đen'!B16 -> 34 | C15: =C14+D14 -> 672.61 | D15: ='1. PL đường đen'!T16 -> 20 | E15: 10.5 | F15: =+E15+G15 -> 10.489 | G15: =RANDBETWEEN(-30,110)/1000 -> -0.011 | H15: =+(E15+E16)/2*D15 -> 210 | I15: =+(F15+F16)/2*D15 -> 209.74 | J15: =+I15-H15 -> -0.26
A16: 6 | B16: ='1. PL đường đen'!B17 -> 35 | C16: =C15+D15 -> 692.61 | D16: ='1. PL đường đen'!T17 -> 20 | E16: 10.5 | F16: =+E16+G16 -> 10.485 | G16: =RANDBETWEEN(-30,110)/1000 -> -0.015 | H16: =+(E16+E17)/2*D16 -> 210 | I16: =+(F16+F17)/2*D16 -> 210.2 | J16: =+I16-H16 -> 0.2
A17: 7 | B17: ='1. PL đường đen'!B18 -> 36 | C17: =C16+D16 -> 712.61 | D17: ='1. PL đường đen'!T18 -> 11.5 | E17: 10.5 | F17: =+E17+G17 -> 10.535 | G17: =RANDBETWEEN(-30,110)/1000 -> 0.035 | H17: =+(E17+E18)/2*D17 -> 120.75 | I17: =+(F17+F18)/2*D17 -> 121.371 | J17: =+I17-H17 -> 0.621
A18: 8 | B18: ='1. PL đường đen'!B19 -> 37 | C18: =C17+D17 -> 724.11 | E18: 10.5 | F18: =+E18+G18 -> 10.573 | G18: =RANDBETWEEN(-30,110)/1000 -> 0.073
A49: Tổng cộng (m3) | H49: =SUM(H11:H18) -> 1207.5 | I49: =SUM(I11:I18) -> 1209.2619 | J49: =+I49-H49 -> 1.761875
A51: NHÀ THẦU THI CÔNG | G51: TƯ VẤN GIÁM SÁT
A57: Nguyễn Xuân Hưng | G57: Lê Minh Hải
